period,year,month,cpi_index,inflation,base_year,series,state,sector,division,group,class,sub_class,item,code,imputation
2025-01-01,2025,January,115.05,,2024,Current,All India,Combined,Transport,Passenger transport services,Passenger transport by air,"Passenger transport by air, domestic",Airfare,07.3.3.1.2.01,N
2025-02-01,2025,February,131.66,,2024,Current,All India,Combined,Transport,Passenger transport services,Passenger transport by air,"Passenger transport by air, domestic",Airfare,07.3.3.1.2.01,N
2025-03-01,2025,March,108.19,,2024,Current,All India,Combined,Transport,Passenger transport services,Passenger transport by air,"Passenger transport by air, domestic",Airfare,07.3.3.1.2.01,N
2025-04-01,2025,April,110.94,,2024,Current,All India,Combined,Transport,Passenger transport services,Passenger transport by air,"Passenger transport by air, domestic",Airfare,07.3.3.1.2.01,N
2025-05-01,2025,May,110.92,,2024,Current,All India,Combined,Transport,Passenger transport services,Passenger transport by air,"Passenger transport by air, domestic",Airfare,07.3.3.1.2.01,N
2025-06-01,2025,June,114.48,,2024,Current,All India,Combined,Transport,Passenger transport services,Passenger transport by air,"Passenger transport by air, domestic",Airfare,07.3.3.1.2.01,N
2025-07-01,2025,July,102.05,,2024,Current,All India,Combined,Transport,Passenger transport services,Passenger transport by air,"Passenger transport by air, domestic",Airfare,07.3.3.1.2.01,N
2025-08-01,2025,August,112.11,,2024,Current,All India,Combined,Transport,Passenger transport services,Passenger transport by air,"Passenger transport by air, domestic",Airfare,07.3.3.1.2.01,N
2025-09-01,2025,September,105.22,,2024,Current,All India,Combined,Transport,Passenger transport services,Passenger transport by air,"Passenger transport by air, domestic",Airfare,07.3.3.1.2.01,N
2025-10-01,2025,October,108.19,,2024,Current,All India,Combined,Transport,Passenger transport services,Passenger transport by air,"Passenger transport by air, domestic",Airfare,07.3.3.1.2.01,N
2025-11-01,2025,November,121.45,,2024,Current,All India,Combined,Transport,Passenger transport services,Passenger transport by air,"Passenger transport by air, domestic",Airfare,07.3.3.1.2.01,N
2025-12-01,2025,December,124.23,,2024,Current,All India,Combined,Transport,Passenger transport services,Passenger transport by air,"Passenger transport by air, domestic",Airfare,07.3.3.1.2.01,N
2026-01-01,2026,January,122.71,6.65,2024,Current,All India,Combined,Transport,Passenger transport services,Passenger transport by air,"Passenger transport by air, domestic",Airfare,07.3.3.1.2.01,N
2026-02-01,2026,February,122.43,-7.01,2024,Current,All India,Combined,Transport,Passenger transport services,Passenger transport by air,"Passenger transport by air, domestic",Airfare,07.3.3.1.2.01,N
2026-03-01,2026,March,123.55,14.2,2024,Current,All India,Combined,Transport,Passenger transport services,Passenger transport by air,"Passenger transport by air, domestic",Airfare,07.3.3.1.2.01,N
2026-04-01,2026,April,123.27,11.11,2024,Current,All India,Combined,Transport,Passenger transport services,Passenger transport by air,"Passenger transport by air, domestic",Airfare,07.3.3.1.2.01,N
2026-05-01,2026,May,127.62,15.06,2024,Current,All India,Combined,Transport,Passenger transport services,Passenger transport by air,"Passenger transport by air, domestic",Airfare,07.3.3.1.2.01,N
2026-06-01,2026,June,126.09,10.14,2024,Current,All India,Combined,Transport,Passenger transport services,Passenger transport by air,"Passenger transport by air, domestic",Airfare,07.3.3.1.2.01,N
2026-07-01,2026,July,125.46,22.94,2024,Current,All India,Combined,Transport,Passenger transport services,Passenger transport by air,"Passenger transport by air, domestic",Airfare,07.3.3.1.2.01,N
