record_id,original_city_1,original_city_2,city_1_standardized,city_2_standardized,route_id,mapping_status,exclusion_reason
3,AGARTALA,AIZAWL,AGARTALA,AIZAWL,AJL-IXA,MAPPED,MISSING_DIRECTIONAL_DATA: at least one direction is DGCA_DASH/missing under the conservative treatment
11,AGARTALA,JAIPUR,AGARTALA,JAIPUR,IXA-JAI,MAPPED,MISSING_DIRECTIONAL_DATA: at least one direction is DGCA_DASH/missing under the conservative treatment
13,AGARTALA,RAIPUR,AGARTALA,RAIPUR,IXA-RPR,MAPPED,MISSING_DIRECTIONAL_DATA: at least one direction is DGCA_DASH/missing under the conservative treatment
14,AGARTALA,VISAKHAPATNAM,AGARTALA,VISAKHAPATNAM,IXA-VTZ,MAPPED,MISSING_DIRECTIONAL_DATA: at least one direction is DGCA_DASH/missing under the conservative treatment
16,AGATTI ISLAND,Goa,AGATTI ISLAND,GOA,FLAG_FOR_REVIEW,FLAG_FOR_REVIEW,UNMAPPED_CITY_CODE: one or both cities have no verified IATA mapping on file
23,AGRA,JAIPUR,AGRA,JAIPUR,AGR-JAI,MAPPED,MISSING_DIRECTIONAL_DATA: at least one direction is DGCA_DASH/missing under the conservative treatment
45,AHMEDABAD,Goa,AHMEDABAD,GOA,FLAG_FOR_REVIEW,FLAG_FOR_REVIEW,UNMAPPED_CITY_CODE: one or both cities have no verified IATA mapping on file
46,AHMEDABAD,GORAKHPUR,AHMEDABAD,GORAKHPUR,AMD-GOP,MAPPED,MISSING_DIRECTIONAL_DATA: at least one direction is DGCA_DASH/missing under the conservative treatment
53,AHMEDABAD,JAISALMER,AHMEDABAD,JAISALMER,AMD-JSA,MAPPED,MISSING_DIRECTIONAL_DATA: at least one direction is DGCA_DASH/missing under the conservative treatment
80,AIZAWL,DIMAPUR,AIZAWL,DIMAPUR,AJL-DMU,MAPPED,MISSING_DIRECTIONAL_DATA: at least one direction is DGCA_DASH/missing under the conservative treatment
86,AIZAWL,SILCHAR,AIZAWL,SILCHAR,AJL-IXS,MAPPED,MISSING_DIRECTIONAL_DATA: at least one direction is DGCA_DASH/missing under the conservative treatment
113,AMRITSAR,DABOLIM,AMRITSAR,DABOLIM,ATQ-GOI,MAPPED,MISSING_DIRECTIONAL_DATA: at least one direction is DGCA_DASH/missing under the conservative treatment
116,AMRITSAR,DHARAMSALA,AMRITSAR,DHARAMSALA,ATQ-DHM,MAPPED,MISSING_DIRECTIONAL_DATA: at least one direction is DGCA_DASH/missing under the conservative treatment
121,AMRITSAR,JAMMU,AMRITSAR,JAMMU,ATQ-IXJ,MAPPED,MISSING_DIRECTIONAL_DATA: at least one direction is DGCA_DASH/missing under the conservative treatment
122,AMRITSAR,KOCHI,AMRITSAR,KOCHI,ATQ-COK,MAPPED,MISSING_DIRECTIONAL_DATA: at least one direction is DGCA_DASH/missing under the conservative treatment
127,AMRITSAR,NAGPUR,AMRITSAR,NAGPUR,ATQ-NAG,MAPPED,MISSING_DIRECTIONAL_DATA: at least one direction is DGCA_DASH/missing under the conservative treatment
131,AMRITSAR,VARANASI,AMRITSAR,VARANASI,ATQ-VNS,MAPPED,MISSING_DIRECTIONAL_DATA: at least one direction is DGCA_DASH/missing under the conservative treatment
135,AURANGABAD,Goa,AURANGABAD,GOA,FLAG_FOR_REVIEW,FLAG_FOR_REVIEW,UNMAPPED_CITY_CODE: one or both cities have no verified IATA mapping on file
143,BAGDOGRA,CHANDIGARH,BAGDOGRA,CHANDIGARH,IXB-IXC,MAPPED,MISSING_DIRECTIONAL_DATA: at least one direction is DGCA_DASH/missing under the conservative treatment
145,BAGDOGRA,COIMBATORE,BAGDOGRA,COIMBATORE,CJB-IXB,MAPPED,MISSING_DIRECTIONAL_DATA: at least one direction is DGCA_DASH/missing under the conservative treatment
151,BAGDOGRA,JAIPUR,BAGDOGRA,JAIPUR,IXB-JAI,MAPPED,MISSING_DIRECTIONAL_DATA: at least one direction is DGCA_DASH/missing under the conservative treatment
153,BAGDOGRA,LUCKNOW,BAGDOGRA,LUCKNOW,IXB-LKO,MAPPED,MISSING_DIRECTIONAL_DATA: at least one direction is DGCA_DASH/missing under the conservative treatment
156,BAGDOGRA,SRINAGAR,BAGDOGRA,SRINAGAR,IXB-SXR,MAPPED,MISSING_DIRECTIONAL_DATA: at least one direction is DGCA_DASH/missing under the conservative treatment
157,BAGDOGRA,VARANASI,BAGDOGRA,VARANASI,IXB-VNS,MAPPED,MISSING_DIRECTIONAL_DATA: at least one direction is DGCA_DASH/missing under the conservative treatment
159,BAREILLY,DELHI,BAREILLY,DELHI,BEK-DEL,MAPPED,MISSING_DIRECTIONAL_DATA: at least one direction is DGCA_DASH/missing under the conservative treatment
160,BAREILLY,LUCKNOW,BAREILLY,LUCKNOW,BEK-LKO,MAPPED,MISSING_DIRECTIONAL_DATA: at least one direction is DGCA_DASH/missing under the conservative treatment
162,Hyderabad,HYDERABAD,HYDERABAD,HYDERABAD,HYD-HYD,MAPPED,SELF_PAIR: city_1_standardized == city_2_standardized
184,BENGALURU,Goa,BENGALURU,GOA,FLAG_FOR_REVIEW,FLAG_FOR_REVIEW,UNMAPPED_CITY_CODE: one or both cities have no verified IATA mapping on file
240,BHATINDA,CHANDIGARH,BHATINDA,CHANDIGARH,BUP-IXC,MAPPED,MISSING_DIRECTIONAL_DATA: at least one direction is DGCA_DASH/missing under the conservative treatment
251,BHOPAL,KANNUR,BHOPAL,KANNUR,BHO-CNN,MAPPED,MISSING_DIRECTIONAL_DATA: at least one direction is DGCA_DASH/missing under the conservative treatment
252,BHOPAL,KOLKATA,BHOPAL,KOLKATA,BHO-CCU,MAPPED,MISSING_DIRECTIONAL_DATA: at least one direction is DGCA_DASH/missing under the conservative treatment
255,BHOPAL,NAGPUR,BHOPAL,NAGPUR,BHO-NAG,MAPPED,MISSING_DIRECTIONAL_DATA: at least one direction is DGCA_DASH/missing under the conservative treatment
267,BHUBANESWAR,IMPHAL,BHUBANESWAR,IMPHAL,BBI-IMF,MAPPED,MISSING_DIRECTIONAL_DATA: at least one direction is DGCA_DASH/missing under the conservative treatment
288,BHUBANESWAR,VISAKHAPATNAM,BHUBANESWAR,VISAKHAPATNAM,BBI-VTZ,MAPPED,MISSING_DIRECTIONAL_DATA: at least one direction is DGCA_DASH/missing under the conservative treatment
296,BILASPUR,INDORE,BILASPUR,INDORE,IDR-PAB,MAPPED,MISSING_DIRECTIONAL_DATA: at least one direction is DGCA_DASH/missing under the conservative treatment
305,CHANDIGARH,Goa,CHANDIGARH,GOA,FLAG_FOR_REVIEW,FLAG_FOR_REVIEW,UNMAPPED_CITY_CODE: one or both cities have no verified IATA mapping on file
313,CHANDIGARH,KULLU,CHANDIGARH,KULLU,IXC-KUU,MAPPED,MISSING_DIRECTIONAL_DATA: at least one direction is DGCA_DASH/missing under the conservative treatment
319,CHANDIGARH,RAIPUR,CHANDIGARH,RAIPUR,IXC-RPR,MAPPED,MISSING_DIRECTIONAL_DATA: at least one direction is DGCA_DASH/missing under the conservative treatment
320,CHANDIGARH,SIMLA,CHANDIGARH,SIMLA,IXC-SLV,MAPPED,MISSING_DIRECTIONAL_DATA: at least one direction is DGCA_DASH/missing under the conservative treatment
323,CHANDIGARH,Ayodhya International Airport,CHANDIGARH,AYODHYA INTERNATIONAL AIRPORT,AYJ-IXC,MAPPED,MISSING_DIRECTIONAL_DATA: at least one direction is DGCA_DASH/missing under the conservative treatment
330,CHENNAI,Goa,CHENNAI,GOA,FLAG_FOR_REVIEW,FLAG_FOR_REVIEW,UNMAPPED_CITY_CODE: one or both cities have no verified IATA mapping on file
331,CHENNAI,GORAKHPUR,CHENNAI,GORAKHPUR,GOP-MAA,MAPPED,MISSING_DIRECTIONAL_DATA: at least one direction is DGCA_DASH/missing under the conservative treatment
338,CHENNAI,JODHPUR,CHENNAI,JODHPUR,JDH-MAA,MAPPED,MISSING_DIRECTIONAL_DATA: at least one direction is DGCA_DASH/missing under the conservative treatment
343,CHENNAI,KOLHAPUR,CHENNAI,KOLHAPUR,KLH-MAA,MAPPED,MISSING_DIRECTIONAL_DATA: at least one direction is DGCA_DASH/missing under the conservative treatment
365,CHENNAI,TIRUPATI,CHENNAI,TIRUPATI,MAA-TIR,MAPPED,MISSING_DIRECTIONAL_DATA: at least one direction is DGCA_DASH/missing under the conservative treatment
377,COIMBATORE,Goa,COIMBATORE,GOA,FLAG_FOR_REVIEW,FLAG_FOR_REVIEW,UNMAPPED_CITY_CODE: one or both cities have no verified IATA mapping on file
382,COIMBATORE,LUCKNOW,COIMBATORE,LUCKNOW,CJB-LKO,MAPPED,MISSING_DIRECTIONAL_DATA: at least one direction is DGCA_DASH/missing under the conservative treatment
387,COIMBATORE,VARANASI,COIMBATORE,VARANASI,CJB-VNS,MAPPED,MISSING_DIRECTIONAL_DATA: at least one direction is DGCA_DASH/missing under the conservative treatment
429,DELHI,Goa,DELHI,GOA,FLAG_FOR_REVIEW,FLAG_FOR_REVIEW,UNMAPPED_CITY_CODE: one or both cities have no verified IATA mapping on file
484,Deoghar,JAIPUR,DEOGHAR,JAIPUR,DGH-JAI,MAPPED,MISSING_DIRECTIONAL_DATA: at least one direction is DGCA_DASH/missing under the conservative treatment
491,DHARAMSALA,UDAIPUR,DHARAMSALA,UDAIPUR,DHM-UDR,MAPPED,MISSING_DIRECTIONAL_DATA: at least one direction is DGCA_DASH/missing under the conservative treatment
501,DIMAPUR,JAIPUR,DIMAPUR,JAIPUR,DMU-JAI,MAPPED,MISSING_DIRECTIONAL_DATA: at least one direction is DGCA_DASH/missing under the conservative treatment
509,DURGAPUR,JAIPUR,DURGAPUR,JAIPUR,JAI-RDP,MAPPED,MISSING_DIRECTIONAL_DATA: at least one direction is DGCA_DASH/missing under the conservative treatment
510,DURGAPUR,KOLKATA,DURGAPUR,KOLKATA,CCU-RDP,MAPPED,MISSING_DIRECTIONAL_DATA: at least one direction is DGCA_DASH/missing under the conservative treatment
512,DURGAPUR,RAIPUR,DURGAPUR,RAIPUR,RDP-RPR,MAPPED,MISSING_DIRECTIONAL_DATA: at least one direction is DGCA_DASH/missing under the conservative treatment
513,DURGAPUR,SURAT,DURGAPUR,SURAT,RDP-STV,MAPPED,MISSING_DIRECTIONAL_DATA: at least one direction is DGCA_DASH/missing under the conservative treatment
515,Goa,HYDERABAD,GOA,HYDERABAD,FLAG_FOR_REVIEW,FLAG_FOR_REVIEW,UNMAPPED_CITY_CODE: one or both cities have no verified IATA mapping on file
516,Goa,JAIPUR,GOA,JAIPUR,FLAG_FOR_REVIEW,FLAG_FOR_REVIEW,UNMAPPED_CITY_CODE: one or both cities have no verified IATA mapping on file
517,Goa,JALGAON,GOA,JALGAON,FLAG_FOR_REVIEW,FLAG_FOR_REVIEW,UNMAPPED_CITY_CODE: one or both cities have no verified IATA mapping on file
518,Goa,KOCHI,GOA,KOCHI,FLAG_FOR_REVIEW,FLAG_FOR_REVIEW,MISSING_DIRECTIONAL_DATA: at least one direction is DGCA_DASH/missing under the conservative treatment
519,Goa,KOLKATA,GOA,KOLKATA,FLAG_FOR_REVIEW,FLAG_FOR_REVIEW,UNMAPPED_CITY_CODE: one or both cities have no verified IATA mapping on file
520,Goa,LUCKNOW,GOA,LUCKNOW,FLAG_FOR_REVIEW,FLAG_FOR_REVIEW,UNMAPPED_CITY_CODE: one or both cities have no verified IATA mapping on file
521,Goa,MUMBAI,GOA,MUMBAI,FLAG_FOR_REVIEW,FLAG_FOR_REVIEW,UNMAPPED_CITY_CODE: one or both cities have no verified IATA mapping on file
522,Goa,NAGPUR,GOA,NAGPUR,FLAG_FOR_REVIEW,FLAG_FOR_REVIEW,UNMAPPED_CITY_CODE: one or both cities have no verified IATA mapping on file
523,Goa,NASIK,GOA,NASIK,FLAG_FOR_REVIEW,FLAG_FOR_REVIEW,UNMAPPED_CITY_CODE: one or both cities have no verified IATA mapping on file
524,Goa,PUNE,GOA,PUNE,FLAG_FOR_REVIEW,FLAG_FOR_REVIEW,UNMAPPED_CITY_CODE: one or both cities have no verified IATA mapping on file
525,Goa,RAIPUR,GOA,RAIPUR,FLAG_FOR_REVIEW,FLAG_FOR_REVIEW,MISSING_DIRECTIONAL_DATA: at least one direction is DGCA_DASH/missing under the conservative treatment
526,Goa,Rajkot International Airport,GOA,RAJKOT INTERNATIONAL AIRPORT,FLAG_FOR_REVIEW,FLAG_FOR_REVIEW,UNMAPPED_CITY_CODE: one or both cities have no verified IATA mapping on file
527,Goa,Shivamogga Airport,GOA,SHIVAMOGGA AIRPORT,FLAG_FOR_REVIEW,FLAG_FOR_REVIEW,UNMAPPED_CITY_CODE: one or both cities have no verified IATA mapping on file
528,Goa,SURAT,GOA,SURAT,FLAG_FOR_REVIEW,FLAG_FOR_REVIEW,MISSING_DIRECTIONAL_DATA: at least one direction is DGCA_DASH/missing under the conservative treatment
529,Goa,VADODARA,GOA,VADODARA,FLAG_FOR_REVIEW,FLAG_FOR_REVIEW,UNMAPPED_CITY_CODE: one or both cities have no verified IATA mapping on file
532,GORAKHPUR,JAIPUR,GORAKHPUR,JAIPUR,GOP-JAI,MAPPED,MISSING_DIRECTIONAL_DATA: at least one direction is DGCA_DASH/missing under the conservative treatment
535,GORAKHPUR,VARANASI,GORAKHPUR,VARANASI,GOP-VNS,MAPPED,MISSING_DIRECTIONAL_DATA: at least one direction is DGCA_DASH/missing under the conservative treatment
628,INDORE,TIRUPATI,INDORE,TIRUPATI,IDR-TIR,MAPPED,MISSING_DIRECTIONAL_DATA: at least one direction is DGCA_DASH/missing under the conservative treatment
630,INDORE,VADODARA,INDORE,VADODARA,BDQ-IDR,MAPPED,MISSING_DIRECTIONAL_DATA: at least one direction is DGCA_DASH/missing under the conservative treatment
634,Itanagar,JORHAT,ITANAGAR,JORHAT,HGI-JRH,MAPPED,MISSING_DIRECTIONAL_DATA: at least one direction is DGCA_DASH/missing under the conservative treatment
641,JABALPUR,NAGPUR,JABALPUR,NAGPUR,JLR-NAG,MAPPED,MISSING_DIRECTIONAL_DATA: at least one direction is DGCA_DASH/missing under the conservative treatment
644,JAIPUR,JAMMU,JAIPUR,JAMMU,IXJ-JAI,MAPPED,MISSING_DIRECTIONAL_DATA: at least one direction is DGCA_DASH/missing under the conservative treatment
646,JAIPUR,KANPUR,JAIPUR,KANPUR,JAI-KNU,MAPPED,MISSING_DIRECTIONAL_DATA: at least one direction is DGCA_DASH/missing under the conservative treatment
647,JAIPUR,KHAJURAHO,JAIPUR,KHAJURAHO,HJR-JAI,MAPPED,MISSING_DIRECTIONAL_DATA: at least one direction is DGCA_DASH/missing under the conservative treatment
655,JAIPUR,PATNA,JAIPUR,PATNA,JAI-PAT,MAPPED,MISSING_DIRECTIONAL_DATA: at least one direction is DGCA_DASH/missing under the conservative treatment
657,JAIPUR,RAIPUR,JAIPUR,RAIPUR,JAI-RPR,MAPPED,MISSING_DIRECTIONAL_DATA: at least one direction is DGCA_DASH/missing under the conservative treatment
660,JAIPUR,VADODARA,JAIPUR,VADODARA,BDQ-JAI,MAPPED,MISSING_DIRECTIONAL_DATA: at least one direction is DGCA_DASH/missing under the conservative treatment
664,JAISALMER,Ayodhya International Airport,JAISALMER,AYODHYA INTERNATIONAL AIRPORT,AYJ-JSA,MAPPED,MISSING_DIRECTIONAL_DATA: at least one direction is DGCA_DASH/missing under the conservative treatment
690,KANNUR,MANGALORE,KANNUR,MANGALORE,CNN-IXE,MAPPED,MISSING_DIRECTIONAL_DATA: at least one direction is DGCA_DASH/missing under the conservative treatment
738,KOZHIKODE,TIRUCHIRAPALLY,KOZHIKODE,TIRUCHIRAPALLY,CCJ-TRZ,MAPPED,MISSING_DIRECTIONAL_DATA: at least one direction is DGCA_DASH/missing under the conservative treatment
744,LILABARI,SILCHAR,LILABARI,SILCHAR,IXI-IXS,MAPPED,MISSING_DIRECTIONAL_DATA: at least one direction is DGCA_DASH/missing under the conservative treatment
766,MADURAI,TUTICORIN,MADURAI,TUTICORIN,IXM-TCR,MAPPED,MISSING_DIRECTIONAL_DATA: at least one direction is DGCA_DASH/missing under the conservative treatment
772,MANGALORE,RAJAHMUNDRY,MANGALORE,RAJAHMUNDRY,IXE-RJA,MAPPED,MISSING_DIRECTIONAL_DATA: at least one direction is DGCA_DASH/missing under the conservative treatment
797,NAGPUR,PATNA,NAGPUR,PATNA,NAG-PAT,MAPPED,MISSING_DIRECTIONAL_DATA: at least one direction is DGCA_DASH/missing under the conservative treatment
808,PATNA,VARANASI,PATNA,VARANASI,PAT-VNS,MAPPED,MISSING_DIRECTIONAL_DATA: at least one direction is DGCA_DASH/missing under the conservative treatment
809,PORT BLAIR,RANCHI,PORT BLAIR,RANCHI,IXR-IXZ,MAPPED,MISSING_DIRECTIONAL_DATA: at least one direction is DGCA_DASH/missing under the conservative treatment
824,RAJAHMUNDRY,VIJAYAWADA,RAJAHMUNDRY,VIJAYAWADA,RJA-VGA,MAPPED,MISSING_DIRECTIONAL_DATA: at least one direction is DGCA_DASH/missing under the conservative treatment
826,RANCHI,VARANASI,RANCHI,VARANASI,IXR-VNS,MAPPED,MISSING_DIRECTIONAL_DATA: at least one direction is DGCA_DASH/missing under the conservative treatment
830,SURAT,VADODARA,SURAT,VADODARA,BDQ-STV,MAPPED,MISSING_DIRECTIONAL_DATA: at least one direction is DGCA_DASH/missing under the conservative treatment
831,TIRUCHIRAPALLY,TRIVANDRUM,TIRUCHIRAPALLY,TRIVANDRUM,TRV-TRZ,MAPPED,MISSING_DIRECTIONAL_DATA: at least one direction is DGCA_DASH/missing under the conservative treatment
