rank,city_1,city_2,route_id,mapping_status,passengers_city1_to_city2,passengers_city2_to_city1,conservative_total_bidirectional_passengers,zero_treated_total_bidirectional_passengers,cumulative_coverage_pct,region_city_1,region_city_2,original_city_1_dgca,original_city_2_dgca
1,DELHI,MUMBAI,BOM-DEL,MAPPED,3426228,3424641,6850869,6850869,4.2486,North,West,DELHI,MUMBAI
2,BENGALURU,DELHI,BLR-DEL,MAPPED,2331024,2350018,4681042,4681042,7.1515,South,North,BENGALURU,DELHI
3,BENGALURU,MUMBAI,BLR-BOM,MAPPED,2030837,2083737,4114574,4114574,9.7031,South,West,BENGALURU,MUMBAI
4,DELHI,HYDERABAD,DEL-HYD,MAPPED,1638188,1657730,3295918,3295918,11.7471,North,South,DELHI,HYDERABAD
5,DELHI,PUNE,DEL-PNQ,MAPPED,1469849,1454196,2924045,2924045,13.5604,North,West,DELHI,PUNE
6,DELHI,KOLKATA,CCU-DEL,MAPPED,1417339,1353047,2770386,2770386,15.2785,North,East,DELHI,KOLKATA
7,AHMEDABAD,DELHI,AMD-DEL,MAPPED,1262081,1274961,2537042,2537042,16.8518,West,North,AHMEDABAD,DELHI
8,CHENNAI,DELHI,DEL-MAA,MAPPED,1222119,1230642,2452761,2452761,18.3729,South,North,CHENNAI,DELHI
9,HYDERABAD,MUMBAI,BOM-HYD,MAPPED,1166588,1186691,2353279,2353279,19.8323,South,West,HYDERABAD,MUMBAI
10,BENGALURU,KOLKATA,BLR-CCU,MAPPED,1180899,1146081,2326980,2326980,21.2754,South,East,BENGALURU,KOLKATA
11,DELHI,SRINAGAR,DEL-SXR,MAPPED,1155836,1159586,2315422,2315422,22.7113,North,North,DELHI,SRINAGAR
12,BENGALURU,HYDERABAD,BLR-HYD,MAPPED,1153136,1140466,2293602,2293602,24.1336,South,South,BENGALURU,HYDERABAD
13,KOLKATA,MUMBAI,BOM-CCU,MAPPED,1071297,1095067,2166364,2166364,25.4771,East,West,KOLKATA,MUMBAI
14,CHENNAI,MUMBAI,BOM-MAA,MAPPED,1046438,1066489,2112927,2112927,26.7874,South,West,CHENNAI,MUMBAI
15,AHMEDABAD,MUMBAI,AMD-BOM,MAPPED,1044930,1056513,2101443,2101443,28.0906,West,West,AHMEDABAD,MUMBAI
16,BENGALURU,PUNE,BLR-PNQ,MAPPED,939239,941870,1881109,1881109,29.2572,South,West,BENGALURU,PUNE
17,CHENNAI,HYDERABAD,HYD-MAA,MAPPED,796010,777815,1573825,1573825,30.2332,South,South,CHENNAI,HYDERABAD
18,DABOLIM,DELHI,DEL-GOI,MAPPED,787149,774678,1561827,1561827,31.2018,West,North,DABOLIM,DELHI
19,DELHI,GUWAHATI,DEL-GAU,MAPPED,780850,757793,1538643,1538643,32.156,North,Northeast,DELHI,GUWAHATI
20,DABOLIM,MUMBAI,BOM-GOI,MAPPED,748000,753390,1501390,1501390,33.087,West,West,DABOLIM,MUMBAI
21,BENGALURU,KOCHI,BLR-COK,MAPPED,735881,749267,1485148,1485148,34.008,South,South,BENGALURU,KOCHI
22,BENGALURU,CHENNAI,BLR-MAA,MAPPED,733012,741936,1474948,1474948,34.9227,South,South,BENGALURU,CHENNAI
23,DELHI,LUCKNOW,DEL-LKO,MAPPED,733425,705648,1439073,1439073,35.8152,North,North,DELHI,LUCKNOW
24,DELHI,PATNA,DEL-PAT,MAPPED,696558,655085,1351643,1351643,36.6534,North,East,DELHI,PATNA
25,AMRITSAR,DELHI,ATQ-DEL,MAPPED,630326,647314,1277640,1277640,37.4457,North,North,AMRITSAR,DELHI
26,JAIPUR,MUMBAI,BOM-JAI,MAPPED,604710,601115,1205825,1205825,38.1935,North,West,JAIPUR,MUMBAI
27,HYDERABAD,KOLKATA,CCU-HYD,MAPPED,604223,571770,1175993,1175993,38.9228,South,East,HYDERABAD,KOLKATA
28,KOCHI,MUMBAI,BOM-COK,MAPPED,581795,589062,1170857,1170857,39.6489,South,West,KOCHI,MUMBAI
29,BENGALURU,DABOLIM,BLR-GOI,MAPPED,574907,588394,1163301,1163301,40.3703,South,West,BENGALURU,DABOLIM
30,BHUBANESWAR,DELHI,BBI-DEL,MAPPED,549982,570082,1120064,1120064,41.0649,East,North,BHUBANESWAR,DELHI
31,GUWAHATI,KOLKATA,CCU-GAU,MAPPED,552468,552938,1105406,1105406,41.7504,Northeast,East,GUWAHATI,KOLKATA
32,CHENNAI,KOLKATA,CCU-MAA,MAPPED,535483,513065,1048548,1048548,42.4007,South,East,CHENNAI,KOLKATA
33,BAGDOGRA,DELHI,DEL-IXB,MAPPED,498949,516921,1015870,1015870,43.0307,East,North,BAGDOGRA,DELHI
34,DELHI,KOCHI,COK-DEL,MAPPED,507324,500243,1007567,1007567,43.6555,North,South,DELHI,KOCHI
35,AHMEDABAD,BENGALURU,AMD-BLR,MAPPED,488403,492250,980653,980653,44.2637,West,South,AHMEDABAD,BENGALURU
36,CHANDIGARH,DELHI,DEL-IXC,MAPPED,475829,477469,953298,953298,44.8549,North,North,CHANDIGARH,DELHI
37,LUCKNOW,MUMBAI,BOM-LKO,MAPPED,477162,472109,949271,949271,45.4436,North,West,LUCKNOW,MUMBAI
38,DELHI,RANCHI,DEL-IXR,MAPPED,482160,461207,943367,943367,46.0286,North,East,DELHI,RANCHI
39,DELHI,INDORE,DEL-IDR,MAPPED,461109,463257,924366,924366,46.6018,North,Central,DELHI,INDORE
40,HYDERABAD,VISAKHAPATNAM,HYD-VTZ,MAPPED,469336,454417,923753,923753,47.1747,South,South,HYDERABAD,VISAKHAPATNAM
41,CHENNAI,COIMBATORE,CJB-MAA,MAPPED,457180,463517,920697,920697,47.7457,South,South,CHENNAI,COIMBATORE
42,DABOLIM,HYDERABAD,GOI-HYD,MAPPED,455735,445581,901316,901316,48.3046,West,South,DABOLIM,HYDERABAD
43,BENGALURU,VARANASI,BLR-VNS,MAPPED,441495,440705,882200,882200,48.8517,South,North,BENGALURU,VARANASI
44,DELHI,LEH,DEL-IXL,MAPPED,439944,436784,876728,876728,49.3954,North,North,DELHI,LEH
45,DELHI,VARANASI,DEL-VNS,MAPPED,427019,428979,855998,855998,49.9262,North,North,DELHI,VARANASI
46,BENGALURU,TRIVANDRUM,BLR-TRV,MAPPED,407481,414721,822202,822202,50.4361,South,South,BENGALURU,TRIVANDRUM
47,MUMBAI,VARANASI,BOM-VNS,MAPPED,414098,406966,821064,821064,50.9453,West,North,MUMBAI,VARANASI
48,BENGALURU,BHUBANESWAR,BBI-BLR,MAPPED,403565,407206,810771,810771,51.4481,South,East,BENGALURU,BHUBANESWAR
49,DELHI,RAIPUR,DEL-RPR,MAPPED,390050,387977,778027,778027,51.9306,North,Central,DELHI,RAIPUR
50,BENGALURU,GUWAHATI,BLR-GAU,MAPPED,403841,368116,771957,771957,52.4093,South,Northeast,BENGALURU,GUWAHATI
51,AGARTALA,KOLKATA,CCU-IXA,MAPPED,377454,385386,762840,762840,52.8824,Northeast,East,AGARTALA,KOLKATA
52,BENGALURU,LUCKNOW,BLR-LKO,MAPPED,370311,373671,743982,743982,53.3438,South,North,BENGALURU,LUCKNOW
53,COIMBATORE,MUMBAI,BOM-CJB,MAPPED,364412,370265,734677,734677,53.7994,South,West,COIMBATORE,MUMBAI
54,BENGALURU,JAIPUR,BLR-JAI,MAPPED,373047,361602,734649,734649,54.255,South,North,BENGALURU,JAIPUR
55,INDORE,MUMBAI,BOM-IDR,MAPPED,360310,364505,724815,724815,54.7045,Central,West,INDORE,MUMBAI
56,HYDERABAD,TIRUPATI,HYD-TIR,MAPPED,366575,357979,724554,724554,55.1538,South,South,HYDERABAD,TIRUPATI
57,HYDERABAD,KOCHI,COK-HYD,MAPPED,363008,356740,719748,719748,55.6002,South,South,HYDERABAD,KOCHI
58,BENGALURU,MANGALORE,BLR-IXE,MAPPED,355699,350055,705754,705754,56.0378,South,South,BENGALURU,MANGALORE
59,CHENNAI,PUNE,MAA-PNQ,MAPPED,347834,354176,702010,702010,56.4732,South,West,CHENNAI,PUNE
60,MUMBAI,NAGPUR,BOM-NAG,MAPPED,346052,344802,690854,690854,56.9016,West,Central,MUMBAI,NAGPUR
61,DELHI,JAMMU,DEL-IXJ,MAPPED,344871,335934,680805,680805,57.3238,North,North,DELHI,JAMMU
62,CHANDIGARH,MUMBAI,BOM-IXC,MAPPED,332845,347247,680092,680092,57.7456,North,West,CHANDIGARH,MUMBAI
63,CHENNAI,KOCHI,COK-MAA,MAPPED,333601,340245,673846,673846,58.1635,South,South,CHENNAI,KOCHI
64,DELHI,NAGPUR,DEL-NAG,MAPPED,338328,331146,669474,669474,58.5786,North,Central,DELHI,NAGPUR
65,AHMEDABAD,PUNE,AMD-PNQ,MAPPED,317736,326374,644110,644110,58.9781,West,West,AHMEDABAD,PUNE
66,MANGALORE,MUMBAI,BOM-IXE,MAPPED,311704,318833,630537,630537,59.3691,South,West,MANGALORE,MUMBAI
67,BAGDOGRA,KOLKATA,CCU-IXB,MAPPED,318782,307118,625900,625900,59.7572,East,East,BAGDOGRA,KOLKATA
68,BAGDOGRA,BENGALURU,BLR-IXB,MAPPED,324613,301072,625685,625685,60.1453,East,South,BAGDOGRA,BENGALURU
69,DELHI,SURAT,DEL-STV,MAPPED,318498,306883,625381,625381,60.5331,North,West,DELHI,SURAT
70,HYDERABAD,PUNE,HYD-PNQ,MAPPED,305945,314658,620603,620603,60.918,South,West,HYDERABAD,PUNE
71,BHOPAL,DELHI,BHO-DEL,MAPPED,305542,309214,614756,614756,61.2992,Central,North,BHOPAL,DELHI
72,DELHI,UDAIPUR,DEL-UDR,MAPPED,301599,302567,604166,604166,61.6739,North,North,DELHI,UDAIPUR
73,DELHI,JAIPUR,DEL-JAI,MAPPED,297901,300436,598337,598337,62.0449,North,North,DELHI,JAIPUR
74,BHUBANESWAR,MUMBAI,BBI-BOM,MAPPED,289149,294536,583685,583685,62.4069,East,West,BHUBANESWAR,MUMBAI
75,DEHRADUN,DELHI,DED-DEL,MAPPED,290098,291830,581928,581928,62.7678,North,North,DehraDun,DELHI
76,BHUBANESWAR,KOLKATA,BBI-CCU,MAPPED,286814,289264,576078,576078,63.125,East,East,BHUBANESWAR,KOLKATA
77,HYDERABAD,JAIPUR,HYD-JAI,MAPPED,290775,275753,566528,566528,63.4764,South,North,HYDERABAD,JAIPUR
78,BENGALURU,PATNA,BLR-PAT,MAPPED,287958,275385,563343,563343,63.8257,South,East,BENGALURU,PATNA
79,DELHI,VADODARA,BDQ-DEL,MAPPED,279624,278574,558198,558198,64.1719,North,West,DELHI,VADODARA
80,MUMBAI,RAJKOT INTERNATIONAL AIRPORT,BOM-RAJ,MAPPED,283261,270754,554015,554015,64.5155,West,West,MUMBAI,Rajkot International Airport
81,MUMBAI,UDAIPUR,BOM-UDR,MAPPED,282453,267781,550234,550234,64.8567,West,North,MUMBAI,UDAIPUR
82,KOLKATA,PORT BLAIR,CCU-IXZ,MAPPED,274011,271413,545424,545424,65.1949,East,East,KOLKATA,PORT BLAIR
83,HYDERABAD,VARANASI,HYD-VNS,MAPPED,271955,270632,542587,542587,65.5314,South,North,HYDERABAD,VARANASI
84,CHENNAI,PORT BLAIR,IXZ-MAA,MAPPED,264502,263922,528424,528424,65.8591,South,East,CHENNAI,PORT BLAIR
85,BENGALURU,VISAKHAPATNAM,BLR-VTZ,MAPPED,257444,264501,521945,521945,66.1828,South,South,BENGALURU,VISAKHAPATNAM
86,GUWAHATI,IMPHAL,GAU-IMF,MAPPED,258411,260505,518916,518916,66.5046,Northeast,Northeast,GUWAHATI,IMPHAL
87,JAIPUR,KOLKATA,CCU-JAI,MAPPED,263798,252932,516730,516730,66.8251,North,East,JAIPUR,KOLKATA
88,JAMMU,SRINAGAR,IXJ-SXR,MAPPED,266656,249802,516458,516458,67.1453,North,North,JAMMU,SRINAGAR
89,DELHI,VISAKHAPATNAM,DEL-VTZ,MAPPED,257099,254744,511843,511843,67.4628,North,South,DELHI,VISAKHAPATNAM
90,AHMEDABAD,HYDERABAD,AMD-HYD,MAPPED,262157,243086,505243,505243,67.7761,West,South,AHMEDABAD,HYDERABAD
91,HYDERABAD,LUCKNOW,HYD-LKO,MAPPED,248574,235234,483808,483808,68.0761,South,North,HYDERABAD,LUCKNOW
92,BENGALURU,CHANDIGARH,BLR-IXC,MAPPED,241398,238299,479697,479697,68.3736,South,North,BENGALURU,CHANDIGARH
93,BHUBANESWAR,HYDERABAD,BBI-HYD,MAPPED,232878,242380,475258,475258,68.6683,East,South,BHUBANESWAR,HYDERABAD
94,BENGALURU,RANCHI,BLR-IXR,MAPPED,232731,229814,462545,462545,68.9552,South,East,BENGALURU,RANCHI
95,DELHI,TRIVANDRUM,DEL-TRV,MAPPED,227052,234433,461485,461485,69.2414,North,South,DELHI,TRIVANDRUM
96,KOLKATA,PUNE,CCU-PNQ,MAPPED,222331,236389,458720,458720,69.5258,East,West,KOLKATA,PUNE
97,AHMEDABAD,CHENNAI,AMD-MAA,MAPPED,226907,226372,453279,453279,69.8069,West,South,AHMEDABAD,CHENNAI
98,MUMBAI,TRIVANDRUM,BOM-TRV,MAPPED,211167,216156,427323,427323,70.0719,West,South,MUMBAI,TRIVANDRUM
99,AHMEDABAD,KOLKATA,AMD-CCU,MAPPED,216833,208616,425449,425449,70.3358,West,East,AHMEDABAD,KOLKATA
100,COIMBATORE,DELHI,CJB-DEL,MAPPED,212352,212345,424697,424697,70.5992,South,North,COIMBATORE,DELHI
101,CHENNAI,MADURAI,IXM-MAA,MAPPED,215579,208353,423932,423932,70.8621,South,South,CHENNAI,MADURAI
102,MUMBAI,SRINAGAR,BOM-SXR,MAPPED,204703,209962,414665,414665,71.1192,West,North,MUMBAI,SRINAGAR
103,DELHI,AYODHYA INTERNATIONAL AIRPORT,AYJ-DEL,MAPPED,200653,196731,397384,397384,71.3656,North,North,DELHI,Ayodhya International Airport
104,BENGALURU,NAGPUR,BLR-NAG,MAPPED,197882,196517,394399,394399,71.6102,South,Central,BENGALURU,NAGPUR
105,IMPHAL,KOLKATA,CCU-IMF,MAPPED,202854,189313,392167,392167,71.8534,Northeast,East,IMPHAL,KOLKATA
106,COIMBATORE,HYDERABAD,CJB-HYD,MAPPED,196714,194441,391155,391155,72.096,South,South,COIMBATORE,HYDERABAD
107,HYDERABAD,INDORE,HYD-IDR,MAPPED,193228,197411,390639,390639,72.3383,South,Central,HYDERABAD,INDORE
108,BENGALURU,INDORE,BLR-IDR,MAPPED,194513,193758,388271,388271,72.579,South,Central,BENGALURU,INDORE
109,GUWAHATI,MUMBAI,BOM-GAU,MAPPED,191031,193977,385008,385008,72.8178,Northeast,West,GUWAHATI,MUMBAI
110,AHMEDABAD,DABOLIM,AMD-GOI,MAPPED,190365,186305,376670,376670,73.0514,West,West,AHMEDABAD,DABOLIM
111,HYDERABAD,VIJAYAWADA,HYD-VGA,MAPPED,185286,188586,373872,373872,73.2833,South,South,HYDERABAD,VIJAYAWADA
112,BENGALURU,COIMBATORE,BLR-CJB,MAPPED,184179,186944,371123,371123,73.5134,South,South,BENGALURU,COIMBATORE
113,DELHI,GORAKHPUR,DEL-GOP,MAPPED,191272,179728,371000,371000,73.7435,North,North,DELHI,GORAKHPUR
114,CHENNAI,TRIVANDRUM,MAA-TRV,MAPPED,179972,190320,370292,370292,73.9731,South,South,CHENNAI,TRIVANDRUM
115,MUMBAI,RAIPUR,BOM-RPR,MAPPED,184886,185285,370171,370171,74.2027,West,Central,MUMBAI,RAIPUR
116,MUMBAI,PATNA,BOM-PAT,MAPPED,188602,179541,368143,368143,74.431,West,East,MUMBAI,PATNA
117,HYDERABAD,TRIVANDRUM,HYD-TRV,MAPPED,174454,183605,358059,358059,74.653,South,South,HYDERABAD,TRIVANDRUM
118,BHOPAL,MUMBAI,BHO-BOM,MAPPED,175925,174496,350421,350421,74.8703,Central,West,BHOPAL,MUMBAI
119,HYDERABAD,PATNA,HYD-PAT,MAPPED,177397,164182,341579,341579,75.0822,South,East,HYDERABAD,PATNA
120,CHENNAI,GUWAHATI,GAU-MAA,MAPPED,172212,169005,341217,341217,75.2938,South,Northeast,CHENNAI,GUWAHATI
121,MUMBAI,VADODARA,BDQ-BOM,MAPPED,160761,176722,337483,337483,75.5031,West,West,MUMBAI,VADODARA
122,KOLKATA,PATNA,CCU-PAT,MAPPED,163389,163221,326610,326610,75.7056,East,East,KOLKATA,PATNA
123,NAGPUR,PUNE,NAG-PNQ,MAPPED,160408,163494,323902,323902,75.9065,Central,West,NAGPUR,PUNE
124,KOLKATA,SILCHAR,CCU-IXS,MAPPED,159992,155395,315387,315387,76.1021,East,Northeast,KOLKATA,SILCHAR
125,PRAYAGRAJ,DELHI,DEL-IXD,MAPPED,155786,157005,312791,312791,76.296,North,North,PRAYAGRAJ,DELHI
126,BAGDOGRA,MUMBAI,BOM-IXB,MAPPED,154753,156765,311518,311518,76.4892,East,West,BAGDOGRA,MUMBAI
127,PRAYAGRAJ,MUMBAI,BOM-IXD,MAPPED,152679,155014,307693,307693,76.68,North,West,PRAYAGRAJ,MUMBAI
128,AHMEDABAD,LUCKNOW,AMD-LKO,MAPPED,150580,156258,306838,306838,76.8703,West,North,AHMEDABAD,LUCKNOW
129,BAGDOGRA,HYDERABAD,HYD-IXB,MAPPED,151034,154069,305103,305103,77.0595,East,South,BAGDOGRA,HYDERABAD
130,BENGALURU,VIJAYAWADA,BLR-VGA,MAPPED,149713,150766,300479,300479,77.2459,South,South,BENGALURU,VIJAYAWADA
131,AGARTALA,GUWAHATI,GAU-IXA,MAPPED,143812,153384,297196,297196,77.4302,Northeast,Northeast,AGARTALA,GUWAHATI
132,AMRITSAR,MUMBAI,ATQ-BOM,MAPPED,148034,146645,294679,294679,77.6129,North,West,AMRITSAR,MUMBAI
133,JODHPUR,MUMBAI,BOM-JDH,MAPPED,142840,148237,291077,291077,77.7934,North,West,JODHPUR,MUMBAI
134,HYDERABAD,RAJAHMUNDRY,HYD-RJA,MAPPED,144952,141809,286761,286761,77.9713,South,South,HYDERABAD,RAJAHMUNDRY
135,JAIPUR,PUNE,JAI-PNQ,MAPPED,146242,138173,284415,284415,78.1477,North,West,JAIPUR,PUNE
136,CHENNAI,VISAKHAPATNAM,MAA-VTZ,MAPPED,140323,142329,282652,282652,78.3229,South,South,CHENNAI,VISAKHAPATNAM
137,DELHI,JODHPUR,DEL-JDH,MAPPED,141009,139261,280270,280270,78.4968,North,North,DELHI,JODHPUR
138,BENGALURU,SURAT,BLR-STV,MAPPED,139238,137612,276850,276850,78.6684,South,West,BENGALURU,SURAT
139,DEHRADUN,MUMBAI,BOM-DED,MAPPED,140294,135306,275600,275600,78.8394,North,West,DehraDun,MUMBAI
140,AURANGABAD,DELHI,DEL-IXU,MAPPED,134418,139877,274295,274295,79.0095,West,North,AURANGABAD,DELHI
141,KOLKATA,VARANASI,CCU-VNS,MAPPED,133810,140266,274076,274076,79.1794,East,North,KOLKATA,VARANASI
142,HYDERABAD,RANCHI,HYD-IXR,MAPPED,136906,135800,272706,272706,79.3485,South,East,HYDERABAD,RANCHI
143,GUWAHATI,HYDERABAD,GAU-HYD,MAPPED,134626,134701,269327,269327,79.5156,Northeast,South,GUWAHATI,HYDERABAD
144,KOLKATA,RAIPUR,CCU-RPR,MAPPED,133053,135464,268517,268517,79.6821,East,Central,KOLKATA,RAIPUR
145,CHENNAI,TIRUCHIRAPALLY,MAA-TRZ,MAPPED,137680,130145,267825,267825,79.8482,South,South,CHENNAI,TIRUCHIRAPALLY
146,DELHI,VIJAYAWADA,DEL-VGA,MAPPED,130670,135066,265736,265736,80.013,North,South,DELHI,VIJAYAWADA
147,BENGALURU,BHOPAL,BHO-BLR,MAPPED,130129,130680,260809,260809,80.1747,South,Central,BENGALURU,BHOPAL
148,CHANDIGARH,HYDERABAD,HYD-IXC,MAPPED,126759,131074,257833,257833,80.3346,North,South,CHANDIGARH,HYDERABAD
149,KOLKATA,LUCKNOW,CCU-LKO,MAPPED,123993,132851,256844,256844,80.4939,East,North,KOLKATA,LUCKNOW
150,BHUBANESWAR,CHENNAI,BBI-MAA,MAPPED,122505,130385,252890,252890,80.6507,East,South,BHUBANESWAR,CHENNAI
151,MUMBAI,AYODHYA INTERNATIONAL AIRPORT,AYJ-BOM,MAPPED,126388,124771,251159,251159,80.8065,West,North,MUMBAI,Ayodhya International Airport
152,BENGALURU,RAIPUR,BLR-RPR,MAPPED,125492,125344,250836,250836,80.962,South,Central,BENGALURU,RAIPUR
153,DIBRUGARH,KOLKATA,CCU-DIB,MAPPED,128676,120252,248928,248928,81.1164,Northeast,East,DIBRUGARH,KOLKATA
154,CHENNAI,JAIPUR,JAI-MAA,MAPPED,120901,123765,244666,244666,81.2681,South,North,CHENNAI,JAIPUR
155,LUCKNOW,PUNE,LKO-PNQ,MAPPED,120798,118497,239295,239295,81.4165,North,West,LUCKNOW,PUNE
156,MUMBAI,RANCHI,BOM-IXR,MAPPED,121140,118036,239176,239176,81.5649,West,East,MUMBAI,RANCHI
157,DELHI,DIBRUGARH,DEL-DIB,MAPPED,121780,116061,237841,237841,81.7124,North,Northeast,DELHI,DIBRUGARH
158,MUMBAI,VISAKHAPATNAM,BOM-VTZ,MAPPED,116877,115318,232195,232195,81.8563,West,South,MUMBAI,VISAKHAPATNAM
159,AHMEDABAD,JAIPUR,AMD-JAI,MAPPED,115991,113350,229341,229341,81.9986,West,North,AHMEDABAD,JAIPUR
160,BENGALURU,PORT BLAIR,BLR-IXZ,MAPPED,114045,113381,227426,227426,82.1396,South,East,BENGALURU,PORT BLAIR
161,DELHI,RAJKOT INTERNATIONAL AIRPORT,DEL-RAJ,MAPPED,114445,110622,225067,225067,82.2792,North,West,DELHI,Rajkot International Airport
162,BENGALURU,KOZHIKODE,BLR-CCJ,MAPPED,111173,113655,224828,224828,82.4186,South,South,BENGALURU,KOZHIKODE
163,CHANDIGARH,SRINAGAR,IXC-SXR,MAPPED,109619,111709,221328,221328,82.5559,North,North,CHANDIGARH,SRINAGAR
164,DELHI,SHIRDI,DEL-SAG,MAPPED,112005,108916,220921,220921,82.6929,North,West,DELHI,SHIRDI
165,AURANGABAD,MUMBAI,BOM-IXU,MAPPED,109196,110339,219535,219535,82.829,West,West,AURANGABAD,MUMBAI
166,AHMEDABAD,CHANDIGARH,AMD-IXC,MAPPED,112229,106039,218268,218268,82.9644,West,North,AHMEDABAD,CHANDIGARH
167,CHENNAI,DABOLIM,GOI-MAA,MAPPED,105686,110686,216372,216372,83.0986,South,West,CHENNAI,DABOLIM
168,BENGALURU,AYODHYA INTERNATIONAL AIRPORT,AYJ-BLR,MAPPED,107330,106558,213888,213888,83.2312,South,North,BENGALURU,Ayodhya International Airport
169,BENGALURU,UDAIPUR,BLR-UDR,MAPPED,106893,105357,212250,212250,83.3628,South,North,BENGALURU,UDAIPUR
170,BENGALURU,DEHRADUN,BLR-DED,MAPPED,107263,104106,211369,211369,83.4939,South,North,BENGALURU,DehraDun
171,DARBHANGA,DELHI,DBR-DEL,MAPPED,100173,106287,206460,206460,83.6219,East,North,DARBHANGA,DELHI
172,BENGALURU,MADURAI,BLR-IXM,MAPPED,104477,100190,204667,204667,83.7489,South,South,BENGALURU,MADURAI
173,KOLKATA,RANCHI,CCU-IXR,MAPPED,96739,102658,199397,199397,83.8725,East,East,KOLKATA,RANCHI
174,HYDERABAD,RAIPUR,HYD-RPR,MAPPED,98802,98266,197068,197068,83.9947,South,Central,HYDERABAD,RAIPUR
175,DELHI,IMPHAL,DEL-IMF,MAPPED,97017,94370,191387,191387,84.1134,North,Northeast,DELHI,IMPHAL
176,DIBRUGARH,GUWAHATI,DIB-GAU,MAPPED,85211,105129,190340,190340,84.2315,Northeast,Northeast,DIBRUGARH,GUWAHATI
177,INDORE,KOLKATA,CCU-IDR,MAPPED,91569,92912,184481,184481,84.3459,Central,East,INDORE,KOLKATA
178,AIZAWL,KOLKATA,AJL-CCU,MAPPED,96826,85414,182240,182240,84.4589,Northeast,East,AIZAWL,KOLKATA
179,GORAKHPUR,MUMBAI,BOM-GOP,MAPPED,89308,90652,179960,179960,84.5705,North,West,GORAKHPUR,MUMBAI
180,CHANDIGARH,DABOLIM,GOI-IXC,MAPPED,88559,91199,179758,179758,84.682,North,West,CHANDIGARH,DABOLIM
181,DELHI,DHARAMSALA,DEL-DHM,MAPPED,99126,77496,176622,176622,84.7915,North,North,DELHI,DHARAMSALA
182,CHENNAI,TUTICORIN,MAA-TCR,MAPPED,91575,84362,175937,175937,84.9006,South,South,CHENNAI,TUTICORIN
183,HYDERABAD,SURAT,HYD-STV,MAPPED,87156,87077,174233,174233,85.0086,South,West,HYDERABAD,SURAT
184,MADURAI,MUMBAI,BOM-IXM,MAPPED,82993,90083,173076,173076,85.116,South,West,MADURAI,MUMBAI
185,KOLKATA,VISAKHAPATNAM,CCU-VTZ,MAPPED,85002,86629,171631,171631,85.2224,East,South,KOLKATA,VISAKHAPATNAM
186,KOZHIKODE,MUMBAI,BOM-CCJ,MAPPED,83098,84338,167436,167436,85.3263,South,West,KOZHIKODE,MUMBAI
187,AMRITSAR,SRINAGAR,ATQ-SXR,MAPPED,84909,81172,166081,166081,85.4292,North,North,AMRITSAR,SRINAGAR
188,HYDERABAD,SHIRDI,HYD-SAG,MAPPED,81361,83073,164434,164434,85.5312,South,West,HYDERABAD,SHIRDI
189,BENGALURU,SRINAGAR,BLR-SXR,MAPPED,80398,82897,163295,163295,85.6325,South,North,BENGALURU,SRINAGAR
190,AIZAWL,GUWAHATI,AJL-GAU,MAPPED,80131,82371,162502,162502,85.7333,Northeast,Northeast,AIZAWL,GUWAHATI
191,AMRITSAR,HYDERABAD,ATQ-HYD,MAPPED,79940,81797,161737,161737,85.8336,North,South,AMRITSAR,HYDERABAD
192,BAGDOGRA,CHENNAI,IXB-MAA,MAPPED,79697,80823,160520,160520,85.9331,East,South,BAGDOGRA,CHENNAI
193,KOCHI,PUNE,COK-PNQ,MAPPED,78126,79852,157978,157978,86.0311,South,West,KOCHI,PUNE
194,AHMEDABAD,PATNA,AMD-PAT,MAPPED,80296,77193,157489,157489,86.1287,West,East,AHMEDABAD,PATNA
195,BENGALURU,SHIRDI,BLR-SAG,MAPPED,78840,78631,157471,157471,86.2264,South,West,BENGALURU,SHIRDI
196,AHMEDABAD,AYODHYA INTERNATIONAL AIRPORT,AMD-AYJ,MAPPED,79888,77418,157306,157306,86.324,West,North,AHMEDABAD,Ayodhya International Airport
197,INDORE,PUNE,IDR-PNQ,MAPPED,79847,75648,155495,155495,86.4204,Central,West,INDORE,PUNE
198,HYDERABAD,MADURAI,HYD-IXM,MAPPED,77142,76201,153343,153343,86.5155,South,South,HYDERABAD,MADURAI
199,DELHI,MANGALORE,DEL-IXE,MAPPED,74954,73272,148226,148226,86.6074,North,South,DELHI,MANGALORE
200,HYDERABAD,SRINAGAR,HYD-SXR,MAPPED,73391,74782,148173,148173,86.6993,South,North,HYDERABAD,SRINAGAR
201,DELHI,JABALPUR,DEL-JLR,MAPPED,74327,70903,145230,145230,86.7894,North,Central,DELHI,JABALPUR
202,BENGALURU,TIRUCHIRAPALLY,BLR-TRZ,MAPPED,73525,71099,144624,144624,86.879,South,South,BENGALURU,TIRUCHIRAPALLY
203,CHENNAI,INDORE,IDR-MAA,MAPPED,70976,71979,142955,142955,86.9677,South,Central,CHENNAI,INDORE
204,BENGALURU,GORAKHPUR,BLR-GOP,MAPPED,68759,71198,139957,139957,87.0545,South,North,BENGALURU,GORAKHPUR
205,AHMEDABAD,KOCHI,AMD-COK,MAPPED,71071,68682,139753,139753,87.1412,West,South,AHMEDABAD,KOCHI
206,DELHI,GWALIOR,DEL-GWL,MAPPED,69608,68235,137843,137843,87.2266,North,North,DELHI,GWALIOR
207,GORAKHPUR,HYDERABAD,GOP-HYD,MAPPED,65268,72552,137820,137820,87.3121,North,South,GORAKHPUR,HYDERABAD
208,BHUJ,MUMBAI,BHJ-BOM,MAPPED,67303,68733,136036,136036,87.3965,West,West,BHUJ,MUMBAI
209,MUMBAI,VIJAYAWADA,BOM-VGA,MAPPED,67312,67316,134628,134628,87.48,West,South,MUMBAI,VIJAYAWADA
210,AHMEDABAD,INDORE,AMD-IDR,MAPPED,65266,69075,134341,134341,87.5633,West,Central,AHMEDABAD,INDORE
211,PUNE,RANCHI,IXR-PNQ,MAPPED,67423,66122,133545,133545,87.6461,West,East,PUNE,RANCHI
212,HYDERABAD,PORT BLAIR,HYD-IXZ,MAPPED,63018,68676,131694,131694,87.7278,South,East,HYDERABAD,PORT BLAIR
213,CHANDIGARH,JAIPUR,IXC-JAI,MAPPED,65050,66599,131649,131649,87.8094,North,North,CHANDIGARH,JAIPUR
214,DELHI,MADURAI,DEL-IXM,MAPPED,66867,64337,131204,131204,87.8908,North,South,DELHI,MADURAI
215,DABOLIM,SURAT,GOI-STV,MAPPED,67818,61759,129577,129577,87.9711,West,West,DABOLIM,SURAT
216,DIMAPUR,KOLKATA,CCU-DMU,MAPPED,65374,64096,129470,129470,88.0514,Northeast,East,DIMAPUR,KOLKATA
217,JORHAT,KOLKATA,CCU-JRH,MAPPED,63405,65381,128786,128786,88.1313,Northeast,East,JORHAT,KOLKATA
218,DABOLIM,RAIPUR,GOI-RPR,MAPPED,66574,62190,128764,128764,88.2111,West,Central,DABOLIM,RAIPUR
219,PRAYAGRAJ,BENGALURU,BLR-IXD,MAPPED,63734,64861,128595,128595,88.2909,North,South,PRAYAGRAJ,BENGALURU
220,AHMEDABAD,VARANASI,AMD-VNS,MAPPED,59551,65602,125153,125153,88.3685,West,North,AHMEDABAD,VARANASI
221,BENGALURU,JODHPUR,BLR-JDH,MAPPED,64043,61109,125152,125152,88.4461,South,North,BENGALURU,JODHPUR
222,DARBHANGA,MUMBAI,BOM-DBR,MAPPED,60386,64468,124854,124854,88.5235,East,West,DARBHANGA,MUMBAI
223,DELHI,DURGAPUR,DEL-RDP,MAPPED,65605,58978,124583,124583,88.6008,North,East,DELHI,DURGAPUR
224,CHENNAI,PATNA,MAA-PAT,MAPPED,63334,61214,124548,124548,88.678,South,East,CHENNAI,PATNA
225,DELHI,DEOGHAR,DEL-DGH,MAPPED,62891,61545,124436,124436,88.7552,North,East,DELHI,Deoghar
226,KOLKATA,SURAT,CCU-STV,MAPPED,61346,62982,124328,124328,88.8323,East,West,KOLKATA,SURAT
227,CHANDIGARH,CHENNAI,IXC-MAA,MAPPED,61302,62989,124291,124291,88.9094,North,South,CHANDIGARH,CHENNAI
228,CHANDIGARH,PUNE,IXC-PNQ,MAPPED,62654,61213,123867,123867,88.9862,North,West,CHANDIGARH,PUNE
229,PATNA,PUNE,PAT-PNQ,MAPPED,60487,63051,123538,123538,89.0628,East,West,PATNA,PUNE
230,CHENNAI,VARANASI,MAA-VNS,MAPPED,61929,61375,123304,123304,89.1393,South,North,CHENNAI,VARANASI
231,DABOLIM,PUNE,GOI-PNQ,MAPPED,61981,61100,123081,123081,89.2156,West,West,DABOLIM,PUNE
232,KOLKATA,NAGPUR,CCU-NAG,MAPPED,60922,62122,123044,123044,89.2919,East,Central,KOLKATA,NAGPUR
233,DELHI,KOZHIKODE,CCJ-DEL,MAPPED,61862,60265,122127,122127,89.3676,North,South,DELHI,KOZHIKODE
234,AGARTALA,DELHI,DEL-IXA,MAPPED,58465,62221,120686,120686,89.4425,Northeast,North,AGARTALA,DELHI
235,CHENNAI,RANCHI,IXR-MAA,MAPPED,61082,59312,120394,120394,89.5172,South,East,CHENNAI,RANCHI
236,GUWAHATI,PUNE,GAU-PNQ,MAPPED,59470,60155,119625,119625,89.5913,Northeast,West,GUWAHATI,PUNE
237,AHMEDABAD,SRINAGAR,AMD-SXR,MAPPED,61967,56801,118768,118768,89.665,West,North,AHMEDABAD,SRINAGAR
238,DABOLIM,KOLKATA,CCU-GOI,MAPPED,59848,58919,118767,118767,89.7386,West,East,DABOLIM,KOLKATA
239,DELHI,GAYA,DEL-GAY,MAPPED,59720,57974,117694,117694,89.8116,North,East,DELHI,GAYA
240,DURGAPUR,HYDERABAD,HYD-RDP,MAPPED,58253,59346,117599,117599,89.8846,East,South,DURGAPUR,HYDERABAD
241,KANPUR,MUMBAI,BOM-KNU,MAPPED,58251,59346,117597,117597,89.9575,North,West,KANPUR,MUMBAI
242,HYDERABAD,VADODARA,BDQ-HYD,MAPPED,58272,58664,116936,116936,90.03,South,West,HYDERABAD,VADODARA
243,GWALIOR,MUMBAI,BOM-GWL,MAPPED,57807,58853,116660,116660,90.1024,North,West,GWALIOR,MUMBAI
244,BHUBANESWAR,PUNE,BBI-PNQ,MAPPED,59158,57336,116494,116494,90.1746,East,West,BHUBANESWAR,PUNE
245,COIMBATORE,PUNE,CJB-PNQ,MAPPED,59222,57263,116485,116485,90.2468,South,West,COIMBATORE,PUNE
246,AHMEDABAD,DEHRADUN,AMD-DED,MAPPED,61877,53259,115136,115136,90.3182,West,North,AHMEDABAD,DehraDun
247,BENGALURU,VADODARA,BDQ-BLR,MAPPED,57962,56611,114573,114573,90.3893,South,West,BENGALURU,VADODARA
248,HYDERABAD,TIRUCHIRAPALLY,HYD-TRZ,MAPPED,58484,55041,113525,113525,90.4597,South,South,HYDERABAD,TIRUCHIRAPALLY
249,DELHI,KANPUR,DEL-KNU,MAPPED,56501,56392,112893,112893,90.5297,North,North,DELHI,KANPUR
250,KOLKATA,SRINAGAR,CCU-SXR,MAPPED,60361,52479,112840,112840,90.5997,East,North,KOLKATA,SRINAGAR
251,BENGALURU,DURGAPUR,BLR-RDP,MAPPED,56513,56120,112633,112633,90.6695,South,East,BENGALURU,DURGAPUR
252,BENGALURU,JHARSUGUDA,BLR-JRG,MAPPED,56295,56021,112316,112316,90.7392,South,East,BENGALURU,JHARSUGUDA
253,BENGALURU,RAJKOT INTERNATIONAL AIRPORT,BLR-RAJ,MAPPED,56991,55192,112183,112183,90.8088,South,West,BENGALURU,Rajkot International Airport
254,DEHRADUN,HYDERABAD,DED-HYD,MAPPED,55159,56616,111775,111775,90.8781,North,South,DehraDun,HYDERABAD
255,AMRITSAR,PUNE,ATQ-PNQ,MAPPED,56113,55653,111766,111766,90.9474,North,West,AMRITSAR,PUNE
256,DABOLIM,LUCKNOW,GOI-LKO,MAPPED,58848,52843,111691,111691,91.0166,West,North,DABOLIM,LUCKNOW
257,HYDERABAD,UDAIPUR,HYD-UDR,MAPPED,54691,55929,110620,110620,91.0852,South,North,HYDERABAD,UDAIPUR
258,AIZAWL,DELHI,AJL-DEL,MAPPED,53650,56258,109908,109908,91.1534,Northeast,North,AIZAWL,DELHI
259,AMRITSAR,BENGALURU,ATQ-BLR,MAPPED,55734,53366,109100,109100,91.2211,North,South,AMRITSAR,BENGALURU
260,JAIPUR,SURAT,JAI-STV,MAPPED,53679,54792,108471,108471,91.2883,North,West,JAIPUR,SURAT
261,GAYA,KOLKATA,CCU-GAY,MAPPED,55081,53329,108410,108410,91.3556,East,East,GAYA,KOLKATA
262,CHANDIGARH,KOLKATA,CCU-IXC,MAPPED,54703,53704,108407,108407,91.4228,North,East,CHANDIGARH,KOLKATA
263,DELHI,JHARSUGUDA,DEL-JRG,MAPPED,54875,53266,108141,108141,91.4899,North,East,DELHI,JHARSUGUDA
264,CHANDIGARH,PATNA,IXC-PAT,MAPPED,55293,52465,107758,107758,91.5567,North,East,CHANDIGARH,PATNA
265,DARBHANGA,HYDERABAD,DBR-HYD,MAPPED,52215,55160,107375,107375,91.6233,East,South,DARBHANGA,HYDERABAD
266,JAMNAGAR,MUMBAI,BOM-JGA,MAPPED,51665,55533,107198,107198,91.6897,West,West,JAMNAGAR,MUMBAI
267,HYDERABAD,JODHPUR,HYD-JDH,MAPPED,55136,51952,107088,107088,91.7562,South,North,HYDERABAD,JODHPUR
268,BHUBANESWAR,PATNA,BBI-PAT,MAPPED,54454,52335,106789,106789,91.8224,East,East,BHUBANESWAR,PATNA
269,DELHI,HUBLI,DEL-HBX,MAPPED,53899,52504,106403,106403,91.8884,North,South,DELHI,HUBLI
270,DELHI,NASIK,DEL-ISK,MAPPED,52409,53583,105992,105992,91.9541,North,West,DELHI,NASIK
271,AGARTALA,BENGALURU,BLR-IXA,MAPPED,53252,52441,105693,105693,92.0196,Northeast,South,AGARTALA,BENGALURU
272,CHENNAI,LUCKNOW,LKO-MAA,MAPPED,54021,50975,104996,104996,92.0848,South,North,CHENNAI,LUCKNOW
273,HYDERABAD,NAGPUR,HYD-NAG,MAPPED,50295,53860,104155,104155,92.1493,South,Central,HYDERABAD,NAGPUR
274,KOCHI,KOLKATA,CCU-COK,MAPPED,51233,52715,103948,103948,92.2138,South,East,KOCHI,KOLKATA
275,HYDERABAD,MANGALORE,HYD-IXE,MAPPED,51584,52117,103701,103701,92.2781,South,South,HYDERABAD,MANGALORE
276,GUWAHATI,SILCHAR,GAU-IXS,MAPPED,55431,47942,103373,103373,92.3422,Northeast,Northeast,GUWAHATI,SILCHAR
277,CHENNAI,SHIRDI,MAA-SAG,MAPPED,52400,50283,102683,102683,92.4059,South,West,CHENNAI,SHIRDI
278,AHMEDABAD,NAGPUR,AMD-NAG,MAPPED,51311,50940,102251,102251,92.4693,West,Central,AHMEDABAD,NAGPUR
279,BHUBANESWAR,GUWAHATI,BBI-GAU,MAPPED,52779,49343,102122,102122,92.5326,East,Northeast,BHUBANESWAR,GUWAHATI
280,DELHI,DIMAPUR,DEL-DMU,MAPPED,51753,50228,101981,101981,92.5959,North,Northeast,DELHI,DIMAPUR
281,DABOLIM,KOCHI,COK-GOI,MAPPED,52737,49089,101826,101826,92.659,West,South,DABOLIM,KOCHI
282,DEHRADUN,PUNE,DED-PNQ,MAPPED,50474,51233,101707,101707,92.7221,North,West,DehraDun,PUNE
283,GUWAHATI,LUCKNOW,GAU-LKO,MAPPED,50914,50574,101488,101488,92.785,Northeast,North,GUWAHATI,LUCKNOW
284,INDORE,JAIPUR,IDR-JAI,MAPPED,50448,49162,99610,99610,92.8468,Central,North,INDORE,JAIPUR
285,BELGAUM,DELHI,DEL-IXG,MAPPED,49828,49775,99603,99603,92.9086,South,North,BELGAUM,DELHI
286,PUNE,VARANASI,PNQ-VNS,MAPPED,50347,48394,98741,98741,92.9698,West,North,PUNE,VARANASI
287,AHMEDABAD,RANCHI,AMD-IXR,MAPPED,49420,49162,98582,98582,93.031,West,East,AHMEDABAD,RANCHI
288,DABOLIM,INDORE,GOI-IDR,MAPPED,47775,50310,98085,98085,93.0918,West,Central,DABOLIM,INDORE
289,DEHRADUN,LUCKNOW,DED-LKO,MAPPED,47423,50427,97850,97850,93.1525,North,North,DehraDun,LUCKNOW
290,ITANAGAR,KOLKATA,CCU-HGI,MAPPED,46979,49835,96814,96814,93.2125,Northeast,East,Itanagar,KOLKATA
291,DELHI,PANTNAGAR,DEL-PGH,MAPPED,50003,46684,96687,96687,93.2725,North,North,DELHI,PANTNAGAR
292,LUCKNOW,PATNA,LKO-PAT,MAPPED,47245,49387,96632,96632,93.3324,North,East,LUCKNOW,PATNA
293,AHMEDABAD,BHOPAL,AMD-BHO,MAPPED,47617,48649,96266,96266,93.3921,West,Central,AHMEDABAD,BHOPAL
294,BENGALURU,KANNUR,BLR-CNN,MAPPED,49222,46996,96218,96218,93.4518,South,South,BENGALURU,KANNUR
295,CHANDIGARH,LUCKNOW,IXC-LKO,MAPPED,45461,50399,95860,95860,93.5112,North,North,CHANDIGARH,LUCKNOW
296,JODHPUR,PUNE,JDH-PNQ,MAPPED,46377,49328,95705,95705,93.5706,North,West,JODHPUR,PUNE
297,AHMEDABAD,BHUBANESWAR,AMD-BBI,MAPPED,47808,46843,94651,94651,93.6293,West,East,AHMEDABAD,BHUBANESWAR
298,AURANGABAD,HYDERABAD,HYD-IXU,MAPPED,50395,43889,94284,94284,93.6877,West,South,AURANGABAD,HYDERABAD
299,INDORE,RAIPUR,IDR-RPR,MAPPED,46580,47126,93706,93706,93.7458,Central,Central,INDORE,RAIPUR
300,INDORE,LUCKNOW,IDR-LKO,MAPPED,47308,46312,93620,93620,93.8039,Central,North,INDORE,LUCKNOW
301,CHENNAI,VIJAYAWADA,MAA-VGA,MAPPED,47247,46299,93546,93546,93.8619,South,South,CHENNAI,VIJAYAWADA
302,BENGALURU,HUBLI,BLR-HBX,MAPPED,46345,46812,93157,93157,93.9197,South,South,BENGALURU,HUBLI
303,BENGALURU,GWALIOR,BLR-GWL,MAPPED,46532,45780,92312,92312,93.9769,South,North,BENGALURU,GWALIOR
304,CHENNAI,KOZHIKODE,CCJ-MAA,MAPPED,47083,44406,91489,91489,94.0337,South,South,CHENNAI,KOZHIKODE
305,DELHI,PORT BLAIR,DEL-IXZ,MAPPED,46449,43797,90246,90246,94.0896,North,East,DELHI,PORT BLAIR
306,JABALPUR,MUMBAI,BOM-JLR,MAPPED,44404,44855,89259,89259,94.145,Central,West,JABALPUR,MUMBAI
307,BELGAUM,BENGALURU,BLR-IXG,MAPPED,43939,44872,88811,88811,94.2001,South,South,BELGAUM,BENGALURU
308,LUCKNOW,RAIPUR,LKO-RPR,MAPPED,42789,44710,87499,87499,94.2543,North,Central,LUCKNOW,RAIPUR
309,AHMEDABAD,AMRITSAR,AMD-ATQ,MAPPED,44366,42800,87166,87166,94.3084,West,North,AHMEDABAD,AMRITSAR
310,INDORE,NAGPUR,IDR-NAG,MAPPED,42873,43015,85888,85888,94.3616,Central,Central,INDORE,NAGPUR
311,AHMEDABAD,RAIPUR,AMD-RPR,MAPPED,41669,44058,85727,85727,94.4148,West,Central,AHMEDABAD,RAIPUR
312,BENGALURU,RAJAHMUNDRY,BLR-RJA,MAPPED,42176,43537,85713,85713,94.468,South,South,BENGALURU,RAJAHMUNDRY
313,JAIPUR,UDAIPUR,JAI-UDR,MAPPED,42774,42875,85649,85649,94.5211,North,North,JAIPUR,UDAIPUR
314,GUWAHATI,JAIPUR,GAU-JAI,MAPPED,42091,42904,84995,84995,94.5738,Northeast,North,GUWAHATI,JAIPUR
315,CHENNAI,RAIPUR,MAA-RPR,MAPPED,43005,41966,84971,84971,94.6265,South,Central,CHENNAI,RAIPUR
316,JAIPUR,LUCKNOW,JAI-LKO,MAPPED,43267,40243,83510,83510,94.6783,North,North,JAIPUR,LUCKNOW
317,CHENNAI,MANGALORE,IXE-MAA,MAPPED,41217,41477,82694,82694,94.7296,South,South,CHENNAI,MANGALORE
318,PUNE,RAIPUR,PNQ-RPR,MAPPED,40502,40034,80536,80536,94.7795,West,Central,PUNE,RAIPUR
319,VIJAYAWADA,VISAKHAPATNAM,VGA-VTZ,MAPPED,41274,38384,79658,79658,94.8289,South,South,VIJAYAWADA,VISAKHAPATNAM
320,BHUBANESWAR,RAIPUR,BBI-RPR,MAPPED,38142,41247,79389,79389,94.8781,East,Central,BHUBANESWAR,RAIPUR
321,MUMBAI,PORT BLAIR,BOM-IXZ,MAPPED,39340,39452,78792,78792,94.927,West,East,MUMBAI,PORT BLAIR
322,DEHRADUN,JAIPUR,DED-JAI,MAPPED,39235,36761,75996,75996,94.9741,North,North,DehraDun,JAIPUR
323,CHENNAI,KANNUR,CNN-MAA,MAPPED,39384,36198,75582,75582,95.021,South,South,CHENNAI,KANNUR
324,DIMAPUR,GUWAHATI,DMU-GAU,MAPPED,39319,34286,73605,73605,95.0666,Northeast,Northeast,DIMAPUR,GUWAHATI
325,JAMMU,MUMBAI,BOM-IXJ,MAPPED,36204,35950,72154,72154,95.1114,North,West,JAMMU,MUMBAI
326,PATNA,RANCHI,IXR-PAT,MAPPED,35859,35557,71416,71416,95.1557,East,East,PATNA,RANCHI
327,HYDERABAD,KOZHIKODE,CCJ-HYD,MAPPED,35389,35778,71167,71167,95.1998,South,South,HYDERABAD,KOZHIKODE
328,HUBLI,MUMBAI,BOM-HBX,MAPPED,34952,35300,70252,70252,95.2434,South,West,HUBLI,MUMBAI
329,DELHI,ITANAGAR,DEL-HGI,MAPPED,35343,34882,70225,70225,95.2869,North,Northeast,DELHI,Itanagar
330,BAREILLY,MUMBAI,BEK-BOM,MAPPED,33989,34797,68786,68786,95.3296,North,West,BAREILLY,MUMBAI
331,BENGALURU,DEOGHAR,BLR-DGH,MAPPED,34748,33952,68700,68700,95.3722,South,East,BENGALURU,Deoghar
332,KANNUR,MUMBAI,BOM-CNN,MAPPED,33431,34947,68378,68378,95.4146,South,West,KANNUR,MUMBAI
333,BENGALURU,NASIK,BLR-ISK,MAPPED,33516,34178,67694,67694,95.4566,South,West,BENGALURU,NASIK
334,AGRA,BENGALURU,AGR-BLR,MAPPED,33410,33234,66644,66644,95.4979,North,South,AGRA,BENGALURU
335,PRAYAGRAJ,HYDERABAD,HYD-IXD,MAPPED,32687,33654,66341,66341,95.539,North,South,PRAYAGRAJ,HYDERABAD
336,CHENNAI,SURAT,MAA-STV,MAPPED,32871,33253,66124,66124,95.58,South,West,CHENNAI,SURAT
337,AHMEDABAD,BAGDOGRA,AMD-IXB,MAPPED,34389,31074,65463,65463,95.6206,West,East,AHMEDABAD,BAGDOGRA
338,DEHRADUN,KOLKATA,CCU-DED,MAPPED,33211,31411,64622,64622,95.6607,North,East,DehraDun,KOLKATA
339,AGATTI ISLAND,KOCHI,AGX-COK,MAPPED,27646,36844,64490,64490,95.7007,South,South,AGATTI ISLAND,KOCHI
340,DELHI,TIRUPATI,DEL-TIR,MAPPED,33385,30205,63590,63590,95.7401,North,South,DELHI,TIRUPATI
341,DURGAPUR,MUMBAI,BOM-RDP,MAPPED,31113,32416,63529,63529,95.7795,East,West,DURGAPUR,MUMBAI
342,CHENNAI,DURGAPUR,MAA-RDP,MAPPED,33351,30114,63465,63465,95.8189,South,East,CHENNAI,DURGAPUR
343,AMRITSAR,LUCKNOW,ATQ-LKO,MAPPED,31884,30660,62544,62544,95.8577,North,North,AMRITSAR,LUCKNOW
344,JAMMU,LEH,IXJ-IXL,MAPPED,28757,33641,62398,62398,95.8964,North,North,JAMMU,LEH
345,AHMEDABAD,JAMMU,AMD-IXJ,MAPPED,33991,27229,61220,61220,95.9344,West,North,AHMEDABAD,JAMMU
346,BHOPAL,HYDERABAD,BHO-HYD,MAPPED,30179,30349,60528,60528,95.9719,Central,South,BHOPAL,HYDERABAD
347,HYDERABAD,JABALPUR,HYD-JLR,MAPPED,29348,29031,58379,58379,96.0081,South,Central,HYDERABAD,JABALPUR
348,DIBRUGARH,IMPHAL,DIB-IMF,MAPPED,29643,28036,57679,57679,96.0439,Northeast,Northeast,DIBRUGARH,IMPHAL
349,BAGDOGRA,GUWAHATI,GAU-IXB,MAPPED,16320,40758,57078,57078,96.0793,East,Northeast,BAGDOGRA,GUWAHATI
350,AHMEDABAD,PRAYAGRAJ,AMD-IXD,MAPPED,28934,27997,56931,56931,96.1146,West,North,AHMEDABAD,PRAYAGRAJ
351,AURANGABAD,BENGALURU,BLR-IXU,MAPPED,27756,27679,55435,55435,96.1489,West,South,AURANGABAD,BENGALURU
352,KOLKATA,SHILLONG,CCU-SHL,MAPPED,31003,24129,55132,55132,96.1831,East,Northeast,KOLKATA,SHILLONG
353,MUMBAI,TIRUCHIRAPALLY,BOM-TRZ,MAPPED,28607,25607,54214,54214,96.2168,West,South,MUMBAI,TIRUCHIRAPALLY
354,BENGALURU,KOLHAPUR,BLR-KLH,MAPPED,27339,26735,54074,54074,96.2503,South,West,BENGALURU,KOLHAPUR
355,DELHI,JAISALMER,DEL-JSA,MAPPED,26855,26594,53449,53449,96.2834,North,North,DELHI,JAISALMER
356,BENGALURU,KANPUR,BLR-KNU,MAPPED,26369,25590,51959,51959,96.3157,South,North,BENGALURU,KANPUR
357,CHANDIGARH,INDORE,IDR-IXC,MAPPED,25229,26170,51399,51399,96.3475,North,Central,CHANDIGARH,INDORE
358,AGRA,MUMBAI,AGR-BOM,MAPPED,24393,25736,50129,50129,96.3786,North,West,AGRA,MUMBAI
359,HYDERABAD,RAJKOT INTERNATIONAL AIRPORT,HYD-RAJ,MAPPED,24382,25642,50024,50024,96.4096,South,West,HYDERABAD,Rajkot International Airport
360,JAISALMER,MUMBAI,BOM-JSA,MAPPED,24747,24975,49722,49722,96.4405,North,West,JAISALMER,MUMBAI
361,BAREILLY,BENGALURU,BEK-BLR,MAPPED,24617,25060,49677,49677,96.4713,North,South,BAREILLY,BENGALURU
362,DABOLIM,NAGPUR,GOI-NAG,MAPPED,24664,24748,49412,49412,96.5019,West,Central,DABOLIM,NAGPUR
363,BENGALURU,TUTICORIN,BLR-TCR,MAPPED,25909,23442,49351,49351,96.5325,South,South,BENGALURU,TUTICORIN
364,AMRITSAR,KOLKATA,ATQ-CCU,MAPPED,25557,23772,49329,49329,96.5631,North,East,AMRITSAR,KOLKATA
365,BHOPAL,PUNE,BHO-PNQ,MAPPED,24594,24565,49159,49159,96.5936,Central,West,BHOPAL,PUNE
366,GORAKHPUR,KOLKATA,CCU-GOP,MAPPED,24479,23826,48305,48305,96.6236,North,East,GORAKHPUR,KOLKATA
367,HYDERABAD,NASIK,HYD-ISK,MAPPED,24429,23296,47725,47725,96.6532,South,West,HYDERABAD,NASIK
368,BHOPAL,RAIPUR,BHO-RPR,MAPPED,23518,24067,47585,47585,96.6827,Central,Central,BHOPAL,RAIPUR
369,DELHI,KHAJURAHO,DEL-HJR,MAPPED,23717,23528,47245,47245,96.712,North,Central,DELHI,KHAJURAHO
370,BENGALURU,TIRUPATI,BLR-TIR,MAPPED,23679,23375,47054,47054,96.7411,South,South,BENGALURU,TIRUPATI
371,NANDED,HINDON AIRPORT,HDO-NDC,MAPPED,23042,23851,46893,46893,96.7702,West,North,NANDED,HINDON AIRPORT
372,INDORE,JABALPUR,IDR-JLR,MAPPED,21977,24821,46798,46798,96.7993,Central,Central,INDORE,JABALPUR
373,CHENNAI,RAJAHMUNDRY,MAA-RJA,MAPPED,23560,23181,46741,46741,96.8282,South,South,CHENNAI,RAJAHMUNDRY
374,AHMEDABAD,JODHPUR,AMD-JDH,MAPPED,24267,22309,46576,46576,96.8571,West,North,AHMEDABAD,JODHPUR
375,JHARSUGUDA,KOLKATA,CCU-JRG,MAPPED,22840,23671,46511,46511,96.886,East,East,JHARSUGUDA,KOLKATA
376,PUNE,VADODARA,BDQ-PNQ,MAPPED,22897,22896,45793,45793,96.9144,West,West,PUNE,VADODARA
377,PUNE,RAJKOT INTERNATIONAL AIRPORT,PNQ-RAJ,MAPPED,23242,22327,45569,45569,96.9426,West,West,PUNE,Rajkot International Airport
378,BAGDOGRA,DIBRUGARH,DIB-IXB,MAPPED,24957,20495,45452,45452,96.9708,East,Northeast,BAGDOGRA,DIBRUGARH
379,BHUBANESWAR,LUCKNOW,BBI-LKO,MAPPED,22446,22905,45351,45351,96.9989,East,North,BHUBANESWAR,LUCKNOW
380,HYDERABAD,MYSORE,HYD-MYQ,MAPPED,24227,21110,45337,45337,97.027,South,South,HYDERABAD,MYSORE
381,BENGALURU,SALEM,BLR-SXV,MAPPED,21832,23475,45307,45307,97.0551,South,South,BENGALURU,SALEM
382,AHMEDABAD,NASIK,AMD-ISK,MAPPED,23039,22251,45290,45290,97.0832,West,West,AHMEDABAD,NASIK
383,INDORE,JODHPUR,IDR-JDH,MAPPED,22615,22578,45193,45193,97.1113,Central,North,INDORE,JODHPUR
384,BELGAUM,HYDERABAD,HYD-IXG,MAPPED,22604,22348,44952,44952,97.1391,South,South,BELGAUM,HYDERABAD
385,DEOGHAR,KOLKATA,CCU-DGH,MAPPED,23233,21490,44723,44723,97.1669,East,East,Deoghar,KOLKATA
386,HUBLI,HYDERABAD,HBX-HYD,MAPPED,22263,22416,44679,44679,97.1946,South,South,HUBLI,HYDERABAD
387,CHANDIGARH,LEH,IXC-IXL,MAPPED,20798,23831,44629,44629,97.2223,North,North,CHANDIGARH,LEH
388,HYDERABAD,KOLHAPUR,HYD-KLH,MAPPED,21203,22993,44196,44196,97.2497,South,West,HYDERABAD,KOLHAPUR
389,PUNE,SURAT,PNQ-STV,MAPPED,22394,21669,44063,44063,97.277,West,West,PUNE,SURAT
390,CHENNAI,SALEM,MAA-SXV,MAPPED,20703,23145,43848,43848,97.3042,South,South,CHENNAI,SALEM
391,HYDERABAD,KANNUR,CNN-HYD,MAPPED,21796,21205,43001,43001,97.3308,South,South,HYDERABAD,KANNUR
392,TIRUPATI,VISAKHAPATNAM,TIR-VTZ,MAPPED,20709,21463,42172,42172,97.357,South,South,TIRUPATI,VISAKHAPATNAM
393,HYDERABAD,JAGDALPUR,HYD-JGB,MAPPED,21679,20220,41899,41899,97.383,South,Central,HYDERABAD,JAGDALPUR
394,CHENNAI,MYSORE,MAA-MYQ,MAPPED,22105,19783,41888,41888,97.409,South,South,CHENNAI,MYSORE
395,DARBHANGA,KOLKATA,CCU-DBR,MAPPED,20006,21744,41750,41750,97.4349,East,East,DARBHANGA,KOLKATA
396,LEH,MUMBAI,BOM-IXL,MAPPED,20344,21094,41438,41438,97.4606,North,West,LEH,MUMBAI
397,DABOLIM,JAIPUR,GOI-JAI,MAPPED,20894,20255,41149,41149,97.4861,West,North,DABOLIM,JAIPUR
398,HYDERABAD,AYODHYA INTERNATIONAL AIRPORT,AYJ-HYD,MAPPED,20980,20074,41054,41054,97.5115,South,North,HYDERABAD,Ayodhya International Airport
399,AGARTALA,IMPHAL,IMF-IXA,MAPPED,18509,22022,40531,40531,97.5367,Northeast,Northeast,AGARTALA,IMPHAL
400,KANDLA,MUMBAI,BOM-IXY,MAPPED,18889,21127,40016,40016,97.5615,West,West,KANDLA,MUMBAI
401,BENGALURU,JABALPUR,BLR-JLR,MAPPED,19894,19801,39695,39695,97.5861,South,Central,BENGALURU,JABALPUR
402,BENGALURU,DARBHANGA,BLR-DBR,MAPPED,19194,20189,39383,39383,97.6105,South,East,BENGALURU,DARBHANGA
403,HYDERABAD,SHIVAMOGGA AIRPORT,HYD-RQY,MAPPED,20002,19261,39263,39263,97.6349,South,South,HYDERABAD,Shivamogga Airport
404,PRAYAGRAJ,BHUBANESWAR,BBI-IXD,MAPPED,19313,19905,39218,39218,97.6592,North,East,PRAYAGRAJ,BHUBANESWAR
405,INDORE,JAMMU,IDR-IXJ,MAPPED,21020,18184,39204,39204,97.6835,Central,North,INDORE,JAMMU
406,AHMEDABAD,DIU,AMD-DIU,MAPPED,20052,18696,38748,38748,97.7075,West,West,AHMEDABAD,DIU
407,BHAVNAGAR,MUMBAI,BHU-BOM,MAPPED,19256,19491,38747,38747,97.7316,West,West,BHAVNAGAR,MUMBAI
408,BENGALURU,JAMMU,BLR-IXJ,MAPPED,18785,19429,38214,38214,97.7553,South,North,BENGALURU,JAMMU
409,BHUBANESWAR,VARANASI,BBI-VNS,MAPPED,18753,19014,37767,37767,97.7787,East,North,BHUBANESWAR,VARANASI
410,PRAYAGRAJ,KOLKATA,CCU-IXD,MAPPED,18685,18763,37448,37448,97.8019,North,East,PRAYAGRAJ,KOLKATA
411,KOCHI,TRIVANDRUM,COK-TRV,MAPPED,19314,17584,36898,36898,97.8248,South,South,KOCHI,TRIVANDRUM
412,AHMEDABAD,GUWAHATI,AMD-GAU,MAPPED,18881,17896,36777,36777,97.8476,West,Northeast,AHMEDABAD,GUWAHATI
413,MUMBAI,TIRUPATI,BOM-TIR,MAPPED,19515,17141,36656,36656,97.8703,West,South,MUMBAI,TIRUPATI
414,JAIPUR,JODHPUR,JAI-JDH,MAPPED,18713,17681,36394,36394,97.8929,North,North,JAIPUR,JODHPUR
415,DELHI,KANNUR,CNN-DEL,MAPPED,18765,17525,36290,36290,97.9154,North,South,DELHI,KANNUR
416,ADAMPUR,HINDON AIRPORT,AIP-HDO,MAPPED,18272,17543,35815,35815,97.9376,North,North,ADAMPUR,HINDON AIRPORT
417,PORT BLAIR,VISAKHAPATNAM,IXZ-VTZ,MAPPED,17896,17460,35356,35356,97.9595,East,South,PORT BLAIR,VISAKHAPATNAM
418,HYDERABAD,KANPUR,HYD-KNU,MAPPED,17688,17215,34903,34903,97.9812,South,North,HYDERABAD,KANPUR
419,AGARTALA,HYDERABAD,HYD-IXA,MAPPED,16673,18229,34902,34902,98.0028,Northeast,South,AGARTALA,HYDERABAD
420,LUCKNOW,VARANASI,LKO-VNS,MAPPED,17208,17600,34808,34808,98.0244,North,North,LUCKNOW,VARANASI
421,INDORE,SHIRDI,IDR-SAG,MAPPED,18282,16405,34687,34687,98.0459,Central,West,INDORE,SHIRDI
422,CHANDIGARH,JAMMU,IXC-IXJ,MAPPED,19500,14647,34147,34147,98.0671,North,North,CHANDIGARH,JAMMU
423,BHUBANESWAR,RANCHI,BBI-IXR,MAPPED,17080,16820,33900,33900,98.0881,East,East,BHUBANESWAR,RANCHI
424,BENGALURU,SHIVAMOGGA AIRPORT,BLR-RQY,MAPPED,16727,16945,33672,33672,98.109,South,South,BENGALURU,Shivamogga Airport
425,BHOPAL,DABOLIM,BHO-GOI,MAPPED,16858,16773,33631,33631,98.1299,Central,West,BHOPAL,DABOLIM
426,IMPHAL,SILCHAR,IMF-IXS,MAPPED,16537,16736,33273,33273,98.1505,Northeast,Northeast,IMPHAL,SILCHAR
427,BENGALURU,NANDED,BLR-NDC,MAPPED,16430,16757,33187,33187,98.1711,South,West,BENGALURU,NANDED
428,BHAVNAGAR,PUNE,BHU-PNQ,MAPPED,16621,16383,33004,33004,98.1915,West,West,BHAVNAGAR,PUNE
429,KANNUR,KOCHI,CNN-COK,MAPPED,14960,17924,32884,32884,98.2119,South,South,KANNUR,KOCHI
430,KOLHAPUR,MUMBAI,BOM-KLH,MAPPED,15761,17052,32813,32813,98.2323,West,West,KOLHAPUR,MUMBAI
431,DIU,SURAT,DIU-STV,MAPPED,17571,15209,32780,32780,98.2526,West,West,DIU,SURAT
432,LUCKNOW,SRINAGAR,LKO-SXR,MAPPED,15982,16790,32772,32772,98.2729,North,North,LUCKNOW,SRINAGAR
433,SHIRDI,VIJAYAWADA,SAG-VGA,MAPPED,15873,16788,32661,32661,98.2932,West,South,SHIRDI,VIJAYAWADA
434,LUCKNOW,NAGPUR,LKO-NAG,MAPPED,15801,16533,32334,32334,98.3132,North,Central,LUCKNOW,NAGPUR
435,BELGAUM,MUMBAI,BOM-IXG,MAPPED,15143,16190,31333,31333,98.3327,South,West,BELGAUM,MUMBAI
436,BHUBANESWAR,ROURKELA,BBI-RRK,MAPPED,15480,15801,31281,31281,98.3521,East,East,BHUBANESWAR,ROURKELA
437,MANGALORE,PUNE,IXE-PNQ,MAPPED,15718,15496,31214,31214,98.3714,South,West,MANGALORE,PUNE
438,PRAYAGRAJ,LUCKNOW,IXD-LKO,MAPPED,16854,14214,31068,31068,98.3907,North,North,PRAYAGRAJ,LUCKNOW
439,GONDIA,HYDERABAD,GDB-HYD,MAPPED,16134,14887,31021,31021,98.4099,Central,South,Gondia,HYDERABAD
440,DELHI,RAJAHMUNDRY,DEL-RJA,MAPPED,15410,15288,30698,30698,98.429,North,South,DELHI,RAJAHMUNDRY
441,HYDERABAD,JAMMU,HYD-IXJ,MAPPED,16731,13800,30531,30531,98.4479,South,North,HYDERABAD,JAMMU
442,KISHANGARH,PUNE,KQH-PNQ,MAPPED,14042,16075,30117,30117,98.4666,North,West,Kishangarh,PUNE
443,AHMEDABAD,BHUJ,AMD-BHJ,MAPPED,15310,14101,29411,29411,98.4848,West,West,AHMEDABAD,BHUJ
444,DIU,MUMBAI,BOM-DIU,MAPPED,14553,14239,28792,28792,98.5027,West,West,DIU,MUMBAI
445,BHOPAL,LUCKNOW,BHO-LKO,MAPPED,14091,14298,28389,28389,98.5203,Central,North,BHOPAL,LUCKNOW
446,LUCKNOW,RANCHI,IXR-LKO,MAPPED,14906,13426,28332,28332,98.5379,North,East,LUCKNOW,RANCHI
447,BHATINDA,DELHI,BUP-DEL,MAPPED,14145,14119,28264,28264,98.5554,North,North,BHATINDA,DELHI
448,MUMBAI,RAJAHMUNDRY,BOM-RJA,MAPPED,14266,13699,27965,27965,98.5727,West,South,MUMBAI,RAJAHMUNDRY
449,BENGALURU,KALABURAGI,BLR-GBI,MAPPED,13780,13981,27761,27761,98.5899,South,South,BENGALURU,KALABURAGI
450,PUNE,TRIVANDRUM,PNQ-TRV,MAPPED,12528,14784,27312,27312,98.6069,West,South,PUNE,TRIVANDRUM
451,PRAYAGRAJ,RAIPUR,IXD-RPR,MAPPED,13267,13844,27111,27111,98.6237,North,Central,PRAYAGRAJ,RAIPUR
452,AHMEDABAD,AURANGABAD,AMD-IXU,MAPPED,14690,12325,27015,27015,98.6404,West,West,AHMEDABAD,AURANGABAD
453,BHOPAL,JAIPUR,BHO-JAI,MAPPED,13411,13243,26654,26654,98.657,Central,North,BHOPAL,JAIPUR
454,KANNUR,TRIVANDRUM,CNN-TRV,MAPPED,12954,12037,24991,24991,98.6725,South,South,KANNUR,TRIVANDRUM
455,BHUBANESWAR,KOCHI,BBI-COK,MAPPED,14253,10716,24969,24969,98.688,East,South,BHUBANESWAR,KOCHI
456,AGRA,HYDERABAD,AGR-HYD,MAPPED,12462,12226,24688,24688,98.7033,North,South,AGRA,HYDERABAD
457,INDORE,SURAT,IDR-STV,MAPPED,13121,11462,24583,24583,98.7185,Central,West,INDORE,SURAT
458,INDORE,UDAIPUR,IDR-UDR,MAPPED,13205,11228,24433,24433,98.7337,Central,North,INDORE,UDAIPUR
459,KOCHI,KOZHIKODE,CCJ-COK,MAPPED,11791,12171,23962,23962,98.7485,South,South,KOCHI,KOZHIKODE
460,LEH,SRINAGAR,IXL-SXR,MAPPED,13189,10651,23840,23840,98.7633,North,North,LEH,SRINAGAR
461,PUNE,VISAKHAPATNAM,PNQ-VTZ,MAPPED,11504,12051,23555,23555,98.7779,West,South,PUNE,VISAKHAPATNAM
462,INDORE,VARANASI,IDR-VNS,MAPPED,12477,11061,23538,23538,98.7925,Central,North,INDORE,VARANASI
463,KOLKATA,TEZPUR,CCU-TEZ,MAPPED,12311,10978,23289,23289,98.807,East,Northeast,KOLKATA,TEZPUR
464,HUBLI,PUNE,HBX-PNQ,MAPPED,10735,11817,22552,22552,98.8209,South,West,HUBLI,PUNE
465,CHANDIGARH,GUWAHATI,GAU-IXC,MAPPED,10651,11629,22280,22280,98.8348,North,Northeast,CHANDIGARH,GUWAHATI
466,BENGALURU,VIDYANAGAR,BLR-VDY,MAPPED,10852,11396,22248,22248,98.8486,South,South,BENGALURU,VIDYANAGAR
467,AHMEDABAD,NANDED,AMD-NDC,MAPPED,10795,11445,22240,22240,98.8623,West,West,AHMEDABAD,NANDED
468,TIRUPATI,VIJAYAWADA,TIR-VGA,MAPPED,8982,13026,22008,22008,98.876,South,South,TIRUPATI,VIJAYAWADA
469,COIMBATORE,DABOLIM,CJB-GOI,MAPPED,10928,11064,21992,21992,98.8896,South,West,COIMBATORE,DABOLIM
470,AHMEDABAD,COIMBATORE,AMD-CJB,MAPPED,11829,10113,21942,21942,98.9032,West,South,AHMEDABAD,COIMBATORE
471,HYDERABAD,VIDYANAGAR,HYD-VDY,MAPPED,9795,11988,21783,21783,98.9167,South,South,HYDERABAD,VIDYANAGAR
472,KISHANGARH,NAGPUR,KQH-NAG,MAPPED,9932,11238,21170,21170,98.9299,North,Central,Kishangarh,NAGPUR
473,HYDERABAD,NANDED,HYD-NDC,MAPPED,10035,11006,21041,21041,98.9429,South,West,HYDERABAD,NANDED
474,JALGAON,PUNE,JLG-PNQ,MAPPED,10639,10123,20762,20762,98.9558,West,West,JALGAON,PUNE
475,NANDED,PUNE,NDC-PNQ,MAPPED,10271,10274,20545,20545,98.9685,West,West,NANDED,PUNE
476,NAGPUR,NASIK,ISK-NAG,MAPPED,10075,10302,20377,20377,98.9812,Central,West,NAGPUR,NASIK
477,CHANDIGARH,DHARAMSALA,DHM-IXC,MAPPED,9653,10700,20353,20353,98.9938,North,North,CHANDIGARH,DHARAMSALA
478,HYDERABAD,JALGAON,HYD-JLG,MAPPED,9524,10070,19594,19594,99.0059,South,West,HYDERABAD,JALGAON
479,HYDERABAD,SALEM,HYD-SXV,MAPPED,9692,9603,19295,19295,99.0179,South,South,HYDERABAD,SALEM
480,AHMEDABAD,TRIVANDRUM,AMD-TRV,MAPPED,8794,10312,19106,19106,99.0298,West,South,AHMEDABAD,TRIVANDRUM
481,BENGALURU,JAMNAGAR,BLR-JGA,MAPPED,9810,9253,19063,19063,99.0416,South,West,BENGALURU,JAMNAGAR
482,DELHI,SILCHAR,DEL-IXS,MAPPED,7574,11285,18859,18859,99.0533,North,Northeast,DELHI,SILCHAR
483,BHUJ,DELHI,BHJ-DEL,MAPPED,9411,9441,18852,18852,99.065,West,North,BHUJ,DELHI
484,KHAJURAHO,VARANASI,HJR-VNS,MAPPED,11463,7250,18713,18713,99.0766,Central,North,KHAJURAHO,VARANASI
485,KOCHI,SALEM,COK-SXV,MAPPED,9711,8917,18628,18628,99.0881,South,South,KOCHI,SALEM
486,HYDERABAD,CUDDAPAH,CDP-HYD,MAPPED,9034,9481,18515,18515,99.0996,South,South,HYDERABAD,Cuddapah
487,KOLKATA,LILABARI,CCU-IXI,MAPPED,8583,9561,18144,18144,99.1109,East,Northeast,KOLKATA,LILABARI
488,SHIVAMOGGA AIRPORT,TIRUPATI,RQY-TIR,MAPPED,9914,7833,17747,17747,99.1219,South,South,Shivamogga Airport,TIRUPATI
489,CHENNAI,AYODHYA INTERNATIONAL AIRPORT,AYJ-MAA,MAPPED,9419,8280,17699,17699,99.1328,South,North,CHENNAI,Ayodhya International Airport
490,BHOPAL,UDAIPUR,BHO-UDR,MAPPED,8640,8853,17493,17493,99.1437,Central,North,BHOPAL,UDAIPUR
491,AGATTI ISLAND,BENGALURU,AGX-BLR,MAPPED,7540,9937,17477,17477,99.1545,South,South,AGATTI ISLAND,BENGALURU
492,KOLHAPUR,TIRUPATI,KLH-TIR,MAPPED,6886,10532,17418,17418,99.1653,West,South,KOLHAPUR,TIRUPATI
493,DEOGHAR,MUMBAI,BOM-DGH,MAPPED,8551,8678,17229,17229,99.176,East,West,Deoghar,MUMBAI
494,JAIPUR,AYODHYA INTERNATIONAL AIRPORT,AYJ-JAI,MAPPED,8959,8213,17172,17172,99.1867,North,North,JAIPUR,Ayodhya International Airport
495,HYDERABAD,JAMNAGAR,HYD-JGA,MAPPED,8624,8499,17123,17123,99.1973,South,West,HYDERABAD,JAMNAGAR
496,DELHI,SIMLA,DEL-SLV,MAPPED,10572,5990,16562,16562,99.2076,North,North,DELHI,SIMLA
497,BENGALURU,IMPHAL,BLR-IMF,MAPPED,9878,6604,16482,16482,99.2178,South,Northeast,BENGALURU,IMPHAL
498,GWALIOR,HYDERABAD,GWL-HYD,MAPPED,8439,7961,16400,16400,99.2279,North,South,GWALIOR,HYDERABAD
499,KISHANGARH,LUCKNOW,KQH-LKO,MAPPED,7898,8414,16312,16312,99.2381,North,North,Kishangarh,LUCKNOW
500,IMPHAL,SHILLONG,IMF-SHL,MAPPED,8579,7052,15631,15631,99.2478,Northeast,Northeast,IMPHAL,SHILLONG
501,PRAYAGRAJ,BHOPAL,BHO-IXD,MAPPED,6556,8973,15529,15529,99.2574,North,Central,PRAYAGRAJ,BHOPAL
502,BHUBANESWAR,JHARSUGUDA,BBI-JRG,MAPPED,7026,8482,15508,15508,99.267,East,East,BHUBANESWAR,JHARSUGUDA
503,BHUBANESWAR,CHANDIGARH,BBI-IXC,MAPPED,8349,6840,15189,15189,99.2764,East,North,BHUBANESWAR,CHANDIGARH
504,INDORE,NASIK,IDR-ISK,MAPPED,7616,7311,14927,14927,99.2857,Central,West,INDORE,NASIK
505,BHUBANESWAR,JAIPUR,BBI-JAI,MAPPED,7324,7346,14670,14670,99.2948,East,North,BHUBANESWAR,JAIPUR
506,BENGALURU,HINDON AIRPORT,BLR-HDO,MAPPED,7177,7351,14528,14528,99.3038,South,North,BENGALURU,HINDON AIRPORT
507,DELHI,KULLU,DEL-KUU,MAPPED,9775,4698,14473,14473,99.3128,North,North,DELHI,KULLU
508,HYDERABAD,PONDICHERRY,HYD-PNY,MAPPED,7089,7101,14190,14190,99.3216,South,South,HYDERABAD,PONDICHERRY
509,DIMAPUR,IMPHAL,DMU-IMF,MAPPED,7136,7017,14153,14153,99.3303,Northeast,Northeast,DIMAPUR,IMPHAL
510,DELHI,SHILLONG,DEL-SHL,MAPPED,7652,6430,14082,14082,99.3391,North,Northeast,DELHI,SHILLONG
511,AIZAWL,SHILLONG,AJL-SHL,MAPPED,7134,6913,14047,14047,99.3478,Northeast,Northeast,AIZAWL,SHILLONG
512,BILASPUR,DELHI,DEL-PAB,MAPPED,8128,5762,13890,13890,99.3564,Central,North,BILASPUR,DELHI
513,CHENNAI,DEHRADUN,DED-MAA,MAPPED,6150,7647,13797,13797,99.365,South,North,CHENNAI,DehraDun
514,BENGALURU,PONDICHERRY,BLR-PNY,MAPPED,6858,6906,13764,13764,99.3735,South,South,BENGALURU,PONDICHERRY
515,KESHOD,MUMBAI,BOM-IXK,MAPPED,6445,7214,13659,13659,99.382,West,West,KESHOD,MUMBAI
516,BELGAUM,JAIPUR,IXG-JAI,MAPPED,6965,6606,13571,13571,99.3904,South,North,BELGAUM,JAIPUR
517,PRAYAGRAJ,JAIPUR,IXD-JAI,MAPPED,6517,7044,13561,13561,99.3988,North,North,PRAYAGRAJ,JAIPUR
518,JAIPUR,JAISALMER,JAI-JSA,MAPPED,6992,6489,13481,13481,99.4071,North,North,JAIPUR,JAISALMER
519,AGARTALA,CHENNAI,IXA-MAA,MAPPED,8466,4861,13327,13327,99.4154,Northeast,South,AGARTALA,CHENNAI
520,JAMMU,KOLKATA,CCU-IXJ,MAPPED,6119,6754,12873,12873,99.4234,North,East,JAMMU,KOLKATA
521,CHENNAI,CUDDAPAH,CDP-MAA,MAPPED,5050,7731,12781,12781,99.4313,South,South,CHENNAI,Cuddapah
522,AHMEDABAD,RAJKOT INTERNATIONAL AIRPORT,AMD-RAJ,MAPPED,6744,6019,12763,12763,99.4392,West,West,AHMEDABAD,Rajkot International Airport
523,PRAYAGRAJ,DEHRADUN,DED-IXD,MAPPED,6694,5945,12639,12639,99.4471,North,North,PRAYAGRAJ,DehraDun
524,AHMEDABAD,VISAKHAPATNAM,AMD-VTZ,MAPPED,4615,7945,12560,12560,99.4549,West,South,AHMEDABAD,VISAKHAPATNAM
525,HYDERABAD,JHARSUGUDA,HYD-JRG,MAPPED,6233,6324,12557,12557,99.4627,South,East,HYDERABAD,JHARSUGUDA
526,KISHANGARH,HINDON AIRPORT,HDO-KQH,MAPPED,6046,6510,12556,12556,99.4704,North,North,Kishangarh,HINDON AIRPORT
527,DEOGHAR,RANCHI,DGH-IXR,MAPPED,5269,7184,12453,12453,99.4782,East,East,Deoghar,RANCHI
528,JAIPUR,VARANASI,JAI-VNS,MAPPED,6051,6225,12276,12276,99.4858,North,North,JAIPUR,VARANASI
529,GUWAHATI,PATNA,GAU-PAT,MAPPED,6041,6055,12096,12096,99.4933,Northeast,East,GUWAHATI,PATNA
530,BELGAUM,NAGPUR,IXG-NAG,MAPPED,6074,5958,12032,12032,99.5007,South,Central,BELGAUM,NAGPUR
531,AHMEDABAD,BELGAUM,AMD-IXG,MAPPED,6015,6007,12022,12022,99.5082,West,South,AHMEDABAD,BELGAUM
532,AIZAWL,IMPHAL,AJL-IMF,MAPPED,5804,6119,11923,11923,99.5156,Northeast,Northeast,AIZAWL,IMPHAL
533,KOLKATA,AYODHYA INTERNATIONAL AIRPORT,AYJ-CCU,MAPPED,5872,5671,11543,11543,99.5227,East,North,KOLKATA,Ayodhya International Airport
534,BHUBANESWAR,DURGAPUR,BBI-RDP,MAPPED,5795,5606,11401,11401,99.5298,East,East,BHUBANESWAR,DURGAPUR
535,SHIRDI,TIRUPATI,SAG-TIR,MAPPED,6312,5050,11362,11362,99.5369,West,South,SHIRDI,TIRUPATI
536,JAGDALPUR,RAIPUR,JGB-RPR,MAPPED,6119,5241,11360,11360,99.5439,Central,Central,JAGDALPUR,RAIPUR
537,DIMAPUR,SHILLONG,DMU-SHL,MAPPED,5856,5468,11324,11324,99.5509,Northeast,Northeast,DIMAPUR,SHILLONG
538,JAIPUR,KOCHI,COK-JAI,MAPPED,5665,5607,11272,11272,99.5579,North,South,JAIPUR,KOCHI
539,KOLKATA,ROURKELA,CCU-RRK,MAPPED,5388,5880,11268,11268,99.5649,East,East,KOLKATA,ROURKELA
540,DEOGHAR,PATNA,DGH-PAT,MAPPED,5927,5249,11176,11176,99.5718,East,East,Deoghar,PATNA
541,AGRA,LUCKNOW,AGR-LKO,MAPPED,6402,4581,10983,10983,99.5786,North,North,AGRA,LUCKNOW
542,KOCHI,RAIPUR,COK-RPR,MAPPED,5205,5334,10539,10539,99.5852,South,Central,KOCHI,RAIPUR
543,JALGAON,MUMBAI,BOM-JLG,MAPPED,5550,4840,10390,10390,99.5916,West,West,JALGAON,MUMBAI
544,COIMBATORE,JAIPUR,CJB-JAI,MAPPED,5274,4984,10258,10258,99.598,South,North,COIMBATORE,JAIPUR
545,MUMBAI,PUNE,BOM-PNQ,MAPPED,4924,5298,10222,10222,99.6043,West,West,MUMBAI,PUNE
546,AHMEDABAD,UDAIPUR,AMD-UDR,MAPPED,5409,4710,10119,10119,99.6106,West,North,AHMEDABAD,UDAIPUR
547,GUWAHATI,SHILLONG,GAU-SHL,MAPPED,5605,4483,10088,10088,99.6169,Northeast,Northeast,GUWAHATI,SHILLONG
548,KOCHI,VARANASI,COK-VNS,MAPPED,4130,5937,10067,10067,99.6231,South,North,KOCHI,VARANASI
549,DELHI,KANDLA,DEL-IXY,MAPPED,5146,4913,10059,10059,99.6293,North,West,DELHI,KANDLA
550,CHENNAI,HUBLI,HBX-MAA,MAPPED,4685,4831,9516,9516,99.6352,South,South,CHENNAI,HUBLI
551,CHANDIGARH,KOCHI,COK-IXC,MAPPED,4206,5300,9506,9506,99.6411,North,South,CHANDIGARH,KOCHI
552,BHUBANESWAR,INDORE,BBI-IDR,MAPPED,4645,4847,9492,9492,99.647,East,Central,BHUBANESWAR,INDORE
553,PRAYAGRAJ,BILASPUR,IXD-PAB,MAPPED,4476,4952,9428,9428,99.6529,North,Central,PRAYAGRAJ,BILASPUR
554,MALVAN,MUMBAI,BOM-SDW,MAPPED,4588,4753,9341,9341,99.6587,West,West,Malvan,MUMBAI
555,KOLKATA,HINDON AIRPORT,CCU-HDO,MAPPED,5010,4291,9301,9301,99.6644,East,North,KOLKATA,HINDON AIRPORT
556,JAIPUR,NAGPUR,JAI-NAG,MAPPED,4428,4757,9185,9185,99.6701,North,Central,JAIPUR,NAGPUR
557,DELHI,JAGDALPUR,DEL-JGB,MAPPED,3613,5544,9157,9157,99.6758,North,Central,DELHI,JAGDALPUR
558,BHUBANESWAR,JEYPORE,BBI-PYB,MAPPED,4507,4595,9102,9102,99.6814,East,East,BHUBANESWAR,JEYPORE
559,AGRA,AHMEDABAD,AGR-AMD,MAPPED,4415,4642,9057,9057,99.6871,North,West,AGRA,AHMEDABAD
560,BAGDOGRA,BHUBANESWAR,BBI-IXB,MAPPED,4138,4533,8671,8671,99.6924,East,East,BAGDOGRA,BHUBANESWAR
561,BIKANER,DELHI,BKB-DEL,MAPPED,4505,4147,8652,8652,99.6978,North,North,BIKANER,DELHI
562,KURNOOL,VISAKHAPATNAM,KJB-VTZ,MAPPED,4270,4210,8480,8480,99.7031,South,South,KURNOOL,VISAKHAPATNAM
563,DABOLIM,NASIK,GOI-ISK,MAPPED,4187,4291,8478,8478,99.7083,West,West,DABOLIM,NASIK
564,BELGAUM,TIRUPATI,IXG-TIR,MAPPED,4263,4125,8388,8388,99.7135,South,South,BELGAUM,TIRUPATI
565,CUDDAPAH,VIJAYAWADA,CDP-VGA,MAPPED,4955,3212,8167,8167,99.7186,South,South,Cuddapah,VIJAYAWADA
566,BILASPUR,JABALPUR,JLR-PAB,MAPPED,4498,3649,8147,8147,99.7236,Central,Central,BILASPUR,JABALPUR
567,AMRITSAR,KULLU,ATQ-KUU,MAPPED,4700,3339,8039,8039,99.7286,North,North,AMRITSAR,KULLU
568,CHENNAI,SHIVAMOGGA AIRPORT,MAA-RQY,MAPPED,3819,4104,7923,7923,99.7335,South,South,CHENNAI,Shivamogga Airport
569,AHMEDABAD,GWALIOR,AMD-GWL,MAPPED,3892,3947,7839,7839,99.7384,West,North,AHMEDABAD,GWALIOR
570,DABOLIM,HINDON AIRPORT,GOI-HDO,MAPPED,3671,4118,7789,7789,99.7432,West,North,DABOLIM,HINDON AIRPORT
571,CHENNAI,KURNOOL,KJB-MAA,MAPPED,4106,3581,7687,7687,99.748,South,South,CHENNAI,KURNOOL
572,GUWAHATI,PASIGHAT,GAU-IXT,MAPPED,3468,4186,7654,7654,99.7527,Northeast,Northeast,GUWAHATI,PASIGHAT
573,DURGAPUR,GUWAHATI,GAU-RDP,MAPPED,4092,3490,7582,7582,99.7575,East,Northeast,DURGAPUR,GUWAHATI
574,KOLKATA,PAKYONG,CCU-PYG,MAPPED,3858,3606,7464,7464,99.7621,East,Northeast,KOLKATA,PAKYONG
575,JHARSUGUDA,MUMBAI,BOM-JRG,MAPPED,3306,3479,6785,6785,99.7663,East,West,JHARSUGUDA,MUMBAI
576,BENGALURU,CUDDAPAH,BLR-CDP,MAPPED,3119,3613,6732,6732,99.7705,South,South,BENGALURU,Cuddapah
577,BAGDOGRA,DURGAPUR,IXB-RDP,MAPPED,3311,3373,6684,6684,99.7746,East,East,BAGDOGRA,DURGAPUR
578,CHENNAI,VADODARA,BDQ-MAA,MAPPED,3296,3354,6650,6650,99.7787,South,West,CHENNAI,VADODARA
579,AURANGABAD,NAGPUR,IXU-NAG,MAPPED,3360,3280,6640,6640,99.7828,West,Central,AURANGABAD,NAGPUR
580,AHMEDABAD,KOLHAPUR,AMD-KLH,MAPPED,3407,3147,6554,6554,99.7869,West,West,AHMEDABAD,KOLHAPUR
581,KOCHI,LUCKNOW,COK-LKO,MAPPED,3518,2909,6427,6427,99.7909,South,North,KOCHI,LUCKNOW
582,AURANGABAD,DABOLIM,GOI-IXU,MAPPED,3166,2963,6129,6129,99.7947,West,West,AURANGABAD,DABOLIM
583,LILABARI,SHILLONG,IXI-SHL,MAPPED,3670,2400,6070,6070,99.7985,Northeast,Northeast,LILABARI,SHILLONG
584,DIBRUGARH,HYDERABAD,DIB-HYD,MAPPED,2801,3226,6027,6027,99.8022,Northeast,South,DIBRUGARH,HYDERABAD
585,COIMBATORE,GUWAHATI,CJB-GAU,MAPPED,3147,2766,5913,5913,99.8059,South,Northeast,COIMBATORE,GUWAHATI
586,PRAYAGRAJ,CHENNAI,IXD-MAA,MAPPED,2633,3154,5787,5787,99.8095,North,South,PRAYAGRAJ,CHENNAI
587,LUCKNOW,SHIRDI,LKO-SAG,MAPPED,2462,3071,5533,5533,99.8129,North,West,LUCKNOW,SHIRDI
588,JABALPUR,JAGDALPUR,JGB-JLR,MAPPED,3221,2260,5481,5481,99.8163,Central,Central,JABALPUR,JAGDALPUR
589,BILASPUR,KOLKATA,CCU-PAB,MAPPED,2873,2563,5436,5436,99.8197,Central,East,BILASPUR,KOLKATA
590,COOCH BEHAR,KOLKATA,CCU-COH,MAPPED,2633,2605,5238,5238,99.8229,East,East,COOCH BEHAR,KOLKATA
591,PRAYAGRAJ,GUWAHATI,GAU-IXD,MAPPED,2756,2481,5237,5237,99.8262,North,Northeast,PRAYAGRAJ,GUWAHATI
592,DELHI,PAKYONG,DEL-PYG,MAPPED,2914,2310,5224,5224,99.8294,North,Northeast,DELHI,PAKYONG
593,DEHRADUN,GUWAHATI,DED-GAU,MAPPED,2765,2427,5192,5192,99.8326,North,Northeast,DehraDun,GUWAHATI
594,BELGAUM,JODHPUR,IXG-JDH,MAPPED,2648,2440,5088,5088,99.8358,South,North,BELGAUM,JODHPUR
595,BHUBANESWAR,DEHRADUN,BBI-DED,MAPPED,2411,2611,5022,5022,99.8389,East,North,BHUBANESWAR,DehraDun
596,CUDDAPAH,VISAKHAPATNAM,CDP-VTZ,MAPPED,2622,2398,5020,5020,99.842,South,South,Cuddapah,VISAKHAPATNAM
597,AGARTALA,DIBRUGARH,DIB-IXA,MAPPED,2661,2315,4976,4976,99.8451,Northeast,Northeast,AGARTALA,DIBRUGARH
598,LUCKNOW,NASIK,ISK-LKO,MAPPED,2643,2228,4871,4871,99.8481,North,West,LUCKNOW,NASIK
599,DEHRADUN,PITHORAGARH,DED-PTB,MAPPED,2410,2406,4816,4816,99.8511,North,North,DehraDun,PITHORAGARH
600,COIMBATORE,KOLKATA,CCU-CJB,MAPPED,2117,2573,4690,4690,99.854,South,East,COIMBATORE,KOLKATA
601,GWALIOR,INDORE,GWL-IDR,MAPPED,2367,2302,4669,4669,99.8569,North,Central,GWALIOR,INDORE
602,BENGALURU,DIBRUGARH,BLR-DIB,MAPPED,2096,2568,4664,4664,99.8598,South,Northeast,BENGALURU,DIBRUGARH
603,AHMEDABAD,JALGAON,AMD-JLG,MAPPED,2298,2352,4650,4650,99.8627,West,West,AHMEDABAD,JALGAON
604,BIKANER,JAIPUR,BKB-JAI,MAPPED,2178,2451,4629,4629,99.8655,North,North,BIKANER,JAIPUR
605,KOLKATA,RUPSI,CCU-RUP,MAPPED,2248,2376,4624,4624,99.8684,East,Northeast,KOLKATA,RUPSI
606,PRAYAGRAJ,PUNE,IXD-PNQ,MAPPED,2298,2308,4606,4606,99.8713,North,West,PRAYAGRAJ,PUNE
607,LILABARI,TEZPUR,IXI-TEZ,MAPPED,2004,2523,4527,4527,99.8741,Northeast,Northeast,LILABARI,TEZPUR
608,DEHRADUN,SRINAGAR,DED-SXR,MAPPED,2437,2079,4516,4516,99.8769,North,North,DehraDun,SRINAGAR
609,DEHRADUN,INDORE,DED-IDR,MAPPED,2310,2173,4483,4483,99.8797,North,Central,DehraDun,INDORE
610,AHMEDABAD,KESHOD,AMD-IXK,MAPPED,2473,1867,4340,4340,99.8823,West,West,AHMEDABAD,KESHOD
611,GUWAHATI,TEZPUR,GAU-TEZ,MAPPED,1763,2546,4309,4309,99.885,Northeast,Northeast,GUWAHATI,TEZPUR
612,JAMSHEDPUR,KOLKATA,CCU-IXW,MAPPED,2514,1755,4269,4269,99.8877,East,East,JAMSHEDPUR,KOLKATA
613,BHUBANESWAR,JAMSHEDPUR,BBI-IXW,MAPPED,1986,2271,4257,4257,99.8903,East,East,BHUBANESWAR,JAMSHEDPUR
614,BILASPUR,JAGDALPUR,JGB-PAB,MAPPED,1733,2508,4241,4241,99.8929,Central,Central,BILASPUR,JAGDALPUR
615,AMRITSAR,SIMLA,ATQ-SLV,MAPPED,2496,1592,4088,4088,99.8955,North,North,AMRITSAR,SIMLA
616,KOLKATA,VADODARA,BDQ-CCU,MAPPED,1929,2126,4055,4055,99.898,East,West,KOLKATA,VADODARA
617,PANTNAGAR,VARANASI,PGH-VNS,MAPPED,2090,1955,4045,4045,99.9005,North,North,PANTNAGAR,VARANASI
618,GUWAHATI,TEZU,GAU-TEI,MAPPED,2113,1861,3974,3974,99.903,Northeast,Northeast,GUWAHATI,TEZU
619,DIBRUGARH,SHILLONG,DIB-SHL,MAPPED,2042,1930,3972,3972,99.9054,Northeast,Northeast,DIBRUGARH,SHILLONG
620,DHARAMSALA,SIMLA,DHM-SLV,MAPPED,1986,1934,3920,3920,99.9079,North,North,DHARAMSALA,SIMLA
621,PRAYAGRAJ,INDORE,IDR-IXD,MAPPED,1692,1876,3568,3568,99.9101,North,Central,PRAYAGRAJ,INDORE
622,COIMBATORE,VISAKHAPATNAM,CJB-VTZ,MAPPED,7,3430,3437,3437,99.9122,South,South,COIMBATORE,VISAKHAPATNAM
623,AMRITSAR,JAIPUR,ATQ-JAI,MAPPED,1712,1717,3429,3429,99.9143,North,North,AMRITSAR,JAIPUR
624,JAIPUR,KULLU,JAI-KUU,MAPPED,2365,1011,3376,3376,99.9164,North,North,JAIPUR,KULLU
625,PRAYAGRAJ,CHANDIGARH,IXC-IXD,MAPPED,1538,1729,3267,3267,99.9184,North,North,PRAYAGRAJ,CHANDIGARH
626,DEHRADUN,KULLU,DED-KUU,MAPPED,1885,1376,3261,3261,99.9205,North,North,DehraDun,KULLU
627,JHARSUGUDA,LUCKNOW,JRG-LKO,MAPPED,1686,1573,3259,3259,99.9225,East,North,JHARSUGUDA,LUCKNOW
628,BELGAUM,SURAT,IXG-STV,MAPPED,1657,1496,3153,3153,99.9244,South,West,BELGAUM,SURAT
629,AHMEDABAD,DURGAPUR,AMD-RDP,MAPPED,1448,1640,3088,3088,99.9264,West,East,AHMEDABAD,DURGAPUR
630,CHENNAI,HINDON AIRPORT,HDO-MAA,MAPPED,1541,1498,3039,3039,99.9282,South,North,CHENNAI,HINDON AIRPORT
631,AGATTI ISLAND,KOZHIKODE,AGX-CCJ,MAPPED,959,2064,3023,3023,99.9301,South,South,AGATTI ISLAND,KOZHIKODE
632,JEYPORE,VISAKHAPATNAM,PYB-VTZ,MAPPED,1645,1362,3007,3007,99.932,East,South,JEYPORE,VISAKHAPATNAM
633,IMPHAL,MUMBAI,BOM-IMF,MAPPED,1633,1364,2997,2997,99.9338,Northeast,West,IMPHAL,MUMBAI
634,KISHANGARH,SURAT,KQH-STV,MAPPED,1451,1525,2976,2976,99.9357,North,West,Kishangarh,SURAT
635,NAGPUR,NANDED,NAG-NDC,MAPPED,1303,1518,2821,2821,99.9374,Central,West,NAGPUR,NANDED
636,GUWAHATI,KOCHI,COK-GAU,MAPPED,1088,1723,2811,2811,99.9392,Northeast,South,GUWAHATI,KOCHI
637,KOCHI,PATNA,COK-PAT,MAPPED,1514,1287,2801,2801,99.9409,South,East,KOCHI,PATNA
638,AMRITSAR,GUWAHATI,ATQ-GAU,MAPPED,1239,1551,2790,2790,99.9426,North,Northeast,AMRITSAR,GUWAHATI
639,AHMEDABAD,KISHANGARH,AMD-KQH,MAPPED,1427,1352,2779,2779,99.9444,West,North,AHMEDABAD,Kishangarh
640,KOLKATA,RAJKOT INTERNATIONAL AIRPORT,CCU-RAJ,MAPPED,1364,1344,2708,2708,99.946,East,West,KOLKATA,Rajkot International Airport
641,IMPHAL,TEZU,IMF-TEI,MAPPED,1284,1375,2659,2659,99.9477,Northeast,Northeast,IMPHAL,TEZU
642,BENGALURU,KURNOOL,BLR-KJB,MAPPED,1265,1376,2641,2641,99.9493,South,South,BENGALURU,KURNOOL
643,MUMBAI,HINDON AIRPORT,BOM-HDO,MAPPED,1278,1288,2566,2566,99.9509,West,North,MUMBAI,HINDON AIRPORT
644,DELHI,PITHORAGARH,DEL-PTB,MAPPED,1401,1144,2545,2545,99.9525,North,North,DELHI,PITHORAGARH
645,MALVAN,PUNE,PNQ-SDW,MAPPED,999,1524,2523,2523,99.9541,West,West,Malvan,PUNE
646,BHUBANESWAR,UTKELA,BBI-UKE,MAPPED,1065,1422,2487,2487,99.9556,East,East,BHUBANESWAR,Utkela
647,PANTNAGAR,PITHORAGARH,PGH-PTB,MAPPED,1218,1193,2411,2411,99.9571,North,North,PANTNAGAR,PITHORAGARH
648,AIZAWL,BENGALURU,AJL-BLR,MAPPED,1153,1240,2393,2393,99.9586,Northeast,South,AIZAWL,BENGALURU
649,CHANDIGARH,UDAIPUR,IXC-UDR,MAPPED,1347,1028,2375,2375,99.9601,North,North,CHANDIGARH,UDAIPUR
650,KALABURAGI,TIRUPATI,GBI-TIR,MAPPED,1334,983,2317,2317,99.9615,South,South,KALABURAGI,TIRUPATI
651,DEHRADUN,AYODHYA INTERNATIONAL AIRPORT,AYJ-DED,MAPPED,1127,1093,2220,2220,99.9629,North,North,DehraDun,Ayodhya International Airport
652,BHUBANESWAR,SRINAGAR,BBI-SXR,MAPPED,1274,904,2178,2178,99.9642,East,North,BHUBANESWAR,SRINAGAR
653,AMRITSAR,CHENNAI,ATQ-MAA,MAPPED,1324,807,2131,2131,99.9655,North,South,AMRITSAR,CHENNAI
654,GUWAHATI,RUPSI,GAU-RUP,MAPPED,1008,1071,2079,2079,99.9668,Northeast,Northeast,GUWAHATI,RUPSI
655,BENGALURU,MALVAN,BLR-SDW,MAPPED,1120,919,2039,2039,99.9681,South,West,BENGALURU,Malvan
656,AMRITSAR,DEHRADUN,ATQ-DED,MAPPED,1060,972,2032,2032,99.9694,North,North,AMRITSAR,DehraDun
657,DHARAMSALA,JAIPUR,DHM-JAI,MAPPED,717,1207,1924,1924,99.9706,North,North,DHARAMSALA,JAIPUR
658,COIMBATORE,SHIRDI,CJB-SAG,MAPPED,592,1286,1878,1878,99.9717,South,West,COIMBATORE,SHIRDI
659,BHATINDA,HINDON AIRPORT,BUP-HDO,MAPPED,995,862,1857,1857,99.9729,North,North,BHATINDA,HINDON AIRPORT
660,AURANGABAD,LUCKNOW,IXU-LKO,MAPPED,1057,779,1836,1836,99.974,West,North,AURANGABAD,LUCKNOW
661,PUNE,SRINAGAR,PNQ-SXR,MAPPED,1632,138,1770,1770,99.9751,West,North,PUNE,SRINAGAR
662,LUDHIANA,HINDON AIRPORT,HDO-LUH,MAPPED,887,871,1758,1758,99.9762,North,North,LUDHIANA,HINDON AIRPORT
663,AGARTALA,AHMEDABAD,AMD-IXA,MAPPED,698,966,1664,1664,99.9772,Northeast,West,AGARTALA,AHMEDABAD
664,JAIPUR,NASIK,ISK-JAI,MAPPED,779,836,1615,1615,99.9782,North,West,JAIPUR,NASIK
665,JHARSUGUDA,RAIPUR,JRG-RPR,MAPPED,812,788,1600,1600,99.9792,East,Central,JHARSUGUDA,RAIPUR
666,JAMMU,HINDON AIRPORT,HDO-IXJ,MAPPED,550,975,1525,1525,99.9802,North,North,JAMMU,HINDON AIRPORT
667,GUWAHATI,ITANAGAR,GAU-HGI,MAPPED,822,690,1512,1512,99.9811,Northeast,Northeast,GUWAHATI,Itanagar
668,CHENNAI,JAMMU,IXJ-MAA,MAPPED,833,609,1442,1442,99.982,South,North,CHENNAI,JAMMU
669,NAGPUR,TIRUPATI,NAG-TIR,MAPPED,681,743,1424,1424,99.9829,Central,South,NAGPUR,TIRUPATI
670,CHENNAI,DIBRUGARH,DIB-MAA,MAPPED,792,598,1390,1390,99.9837,South,Northeast,CHENNAI,DIBRUGARH
671,HYDERABAD,MALVAN,HYD-SDW,MAPPED,636,742,1378,1378,99.9846,South,West,HYDERABAD,Malvan
672,AHMEDABAD,DIMAPUR,AMD-DMU,MAPPED,701,623,1324,1324,99.9854,West,Northeast,AHMEDABAD,DIMAPUR
673,LUCKNOW,ALIGARH AIRPORT,HRH-LKO,MAPPED,580,742,1322,1322,99.9862,North,North,LUCKNOW,Aligarh Airport
674,BHOPAL,JABALPUR,BHO-JLR,MAPPED,498,811,1309,1309,99.9871,Central,Central,BHOPAL,JABALPUR
675,JORHAT,TEZU,JRH-TEI,MAPPED,783,518,1301,1301,99.9879,Northeast,Northeast,JORHAT,TEZU
676,VARANASI,VISAKHAPATNAM,VNS-VTZ,MAPPED,1013,235,1248,1248,99.9886,North,South,VARANASI,VISAKHAPATNAM
677,INDORE,VIJAYAWADA,IDR-VGA,MAPPED,529,705,1234,1234,99.9894,Central,South,INDORE,VIJAYAWADA
678,LUCKNOW,CHITRAKOOT AIRPORT,CWK-LKO,MAPPED,546,639,1185,1185,99.9901,North,North,LUCKNOW,Chitrakoot Airport
679,LUCKNOW,AZAMGARH AIRPORT,AZH-LKO,MAPPED,434,531,965,965,99.9907,North,North,LUCKNOW,Azamgarh Airport
680,JODHPUR,KOLKATA,CCU-JDH,MAPPED,367,500,867,867,99.9913,North,East,JODHPUR,KOLKATA
681,BHOPAL,REWA,BHO-REW,MAPPED,352,417,769,769,99.9917,Central,Central,BHOPAL,REWA
682,CHENNAI,SRINAGAR,MAA-SXR,MAPPED,308,361,669,669,99.9922,South,North,CHENNAI,SRINAGAR
683,LUCKNOW,SHRAVASTI AIRPORT,LKO-VSV,MAPPED,258,399,657,657,99.9926,North,North,LUCKNOW,Shravasti Airport
684,COIMBATORE,DURGAPUR,CJB-RDP,MAPPED,387,243,630,630,99.993,South,East,COIMBATORE,DURGAPUR
685,AMRITSAR,CHANDIGARH,ATQ-IXC,MAPPED,288,311,599,599,99.9933,North,North,AMRITSAR,CHANDIGARH
686,BHUBANESWAR,JAMMU,BBI-IXJ,MAPPED,335,263,598,598,99.9937,East,North,BHUBANESWAR,JAMMU
687,HYDERABAD,IMPHAL,HYD-IMF,MAPPED,258,336,594,594,99.9941,South,Northeast,HYDERABAD,IMPHAL
688,BHUBANESWAR,PORT BLAIR,BBI-IXZ,MAPPED,251,317,568,568,99.9944,East,East,BHUBANESWAR,PORT BLAIR
689,AURANGABAD,JAIPUR,IXU-JAI,MAPPED,337,212,549,549,99.9948,West,North,AURANGABAD,JAIPUR
690,RAJKOT INTERNATIONAL AIRPORT,UDAIPUR,RAJ-UDR,MAPPED,276,252,528,528,99.9951,West,North,Rajkot International Airport,UDAIPUR
691,BHUBANESWAR,HINDON AIRPORT,BBI-HDO,MAPPED,293,227,520,520,99.9954,East,North,BHUBANESWAR,HINDON AIRPORT
692,LUCKNOW,MORADABAD AIRPORT,LKO-MZS,MAPPED,197,317,514,514,99.9957,North,North,LUCKNOW,Moradabad Airport
693,DIBRUGARH,ITANAGAR,DIB-HGI,MAPPED,163,282,445,445,99.996,Northeast,Northeast,DIBRUGARH,Itanagar
694,NAGPUR,RAIPUR,NAG-RPR,MAPPED,430,1,431,431,99.9963,Central,Central,NAGPUR,RAIPUR
695,RAIPUR,AMBIKAPUR AIRPORT,AHA-RPR,MAPPED,214,206,420,420,99.9965,Central,Central,RAIPUR,Ambikapur Airport
696,CHENNAI,KANPUR,KNU-MAA,MAPPED,184,190,374,374,99.9968,South,North,CHENNAI,KANPUR
697,GUWAHATI,ZIRO,GAU-ZER,MAPPED,154,157,311,311,99.997,Northeast,Northeast,GUWAHATI,Ziro
698,DEHRADUN,PANTNAGAR,DED-PGH,MAPPED,98,213,311,311,99.9972,North,North,DehraDun,PANTNAGAR
699,AHMEDABAD,VADODARA,AMD-BDQ,MAPPED,157,133,290,290,99.9973,West,West,AHMEDABAD,VADODARA
700,RAIPUR,UTKELA,RPR-UKE,MAPPED,123,132,255,255,99.9975,Central,East,RAIPUR,Utkela
701,KOCHI,RANCHI,COK-IXR,MAPPED,141,102,243,243,99.9976,South,East,KOCHI,RANCHI
702,DIU,KESHOD,DIU-IXK,MAPPED,39,186,225,225,99.9978,West,West,DIU,KESHOD
703,MANGALORE,TIRUCHIRAPALLY,IXE-TRZ,MAPPED,112,113,225,225,99.9979,South,South,MANGALORE,TIRUCHIRAPALLY
704,PASIGHAT,SHILLONG,IXT-SHL,MAPPED,116,102,218,218,99.9981,Northeast,Northeast,PASIGHAT,SHILLONG
705,DIBRUGARH,TEZU,DIB-TEI,MAPPED,99,113,212,212,99.9982,Northeast,Northeast,DIBRUGARH,TEZU
706,AHMEDABAD,JABALPUR,AMD-JLR,MAPPED,93,118,211,211,99.9983,West,Central,AHMEDABAD,JABALPUR
707,BHOPAL,INDORE,BHO-IDR,MAPPED,104,104,208,208,99.9984,Central,Central,BHOPAL,INDORE
708,LUCKNOW,AYODHYA INTERNATIONAL AIRPORT,AYJ-LKO,MAPPED,174,33,207,207,99.9986,North,North,LUCKNOW,Ayodhya International Airport
709,BILASPUR,AMBIKAPUR AIRPORT,AHA-PAB,MAPPED,89,113,202,202,99.9987,Central,Central,BILASPUR,Ambikapur Airport
710,AIZAWL,MUMBAI,AJL-BOM,MAPPED,97,70,167,167,99.9988,Northeast,West,AIZAWL,MUMBAI
711,ITANAGAR,TEZU,HGI-TEI,MAPPED,50,115,165,165,99.9989,Northeast,Northeast,Itanagar,TEZU
712,ITANAGAR,PASIGHAT,HGI-IXT,MAPPED,82,73,155,155,99.999,Northeast,Northeast,Itanagar,PASIGHAT
713,KOZHIKODE,TRIVANDRUM,CCJ-TRV,MAPPED,112,35,147,147,99.9991,South,South,KOZHIKODE,TRIVANDRUM
714,PRAYAGRAJ,GORAKHPUR,GOP-IXD,MAPPED,69,68,137,137,99.9992,North,North,PRAYAGRAJ,GORAKHPUR
715,BAGDOGRA,PATNA,IXB-PAT,MAPPED,37,92,129,129,99.9993,East,East,BAGDOGRA,PATNA
716,AGRA,DELHI,AGR-DEL,MAPPED,0,122,122,122,99.9993,North,North,AGRA,DELHI
717,BHUBANESWAR,JODHPUR,BBI-JDH,MAPPED,60,58,118,118,99.9994,East,North,BHUBANESWAR,JODHPUR
718,KHAJURAHO,REWA,HJR-REW,MAPPED,56,60,116,116,99.9995,Central,Central,KHAJURAHO,REWA
719,ITANAGAR,ZIRO,HGI-ZER,MAPPED,57,55,112,112,99.9995,Northeast,Northeast,Itanagar,Ziro
720,CHENNAI,NAGPUR,MAA-NAG,MAPPED,76,36,112,112,99.9996,South,Central,CHENNAI,NAGPUR
721,GUWAHATI,LILABARI,GAU-IXI,MAPPED,0,106,106,106,99.9997,Northeast,Northeast,GUWAHATI,LILABARI
722,KOCHI,SHIVAMOGGA AIRPORT,COK-RQY,MAPPED,61,28,89,89,99.9997,South,South,KOCHI,Shivamogga Airport
723,RAIPUR,VISAKHAPATNAM,RPR-VTZ,MAPPED,29,56,85,85,99.9998,Central,South,RAIPUR,VISAKHAPATNAM
724,AMRITSAR,INDORE,ATQ-IDR,MAPPED,13,56,69,69,99.9998,North,Central,AMRITSAR,INDORE
725,MUMBAI,PORBANDAR,BOM-PBD,MAPPED,38,17,55,55,99.9999,West,West,MUMBAI,PORBANDAR
726,KOCHI,NAGPUR,COK-NAG,MAPPED,18,23,41,41,99.9999,South,Central,KOCHI,NAGPUR
727,JORHAT,PASIGHAT,IXT-JRH,MAPPED,18,15,33,33,99.9999,Northeast,Northeast,JORHAT,PASIGHAT
728,BILASPUR,HYDERABAD,HYD-PAB,MAPPED,18,1,19,19,99.9999,Central,South,BILASPUR,HYDERABAD
729,KOLKATA,TIRUPATI,CCU-TIR,MAPPED,8,9,17,17,99.9999,East,South,KOLKATA,TIRUPATI
730,LUCKNOW,VIJAYAWADA,LKO-VGA,MAPPED,8,8,16,16,99.9999,North,South,LUCKNOW,VIJAYAWADA
731,DARBHANGA,SRINAGAR,DBR-SXR,MAPPED,11,2,13,13,100.0,East,North,DARBHANGA,SRINAGAR
732,LUCKNOW,SILCHAR,IXS-LKO,MAPPED,3,9,12,12,100.0,North,Northeast,LUCKNOW,SILCHAR
733,MADURAI,VIJAYAWADA,IXM-VGA,MAPPED,6,5,11,11,100.0,South,South,MADURAI,VIJAYAWADA
734,KOCHI,MANGALORE,COK-IXE,MAPPED,3,8,11,11,100.0,South,South,KOCHI,MANGALORE
735,COIMBATORE,NASIK,CJB-ISK,MAPPED,8,1,9,9,100.0,South,West,COIMBATORE,NASIK
736,RAJAHMUNDRY,TIRUCHIRAPALLY,RJA-TRZ,MAPPED,8,1,9,9,100.0,South,South,RAJAHMUNDRY,TIRUCHIRAPALLY
737,GUWAHATI,JORHAT,GAU-JRH,MAPPED,8,0,8,8,100.0,Northeast,Northeast,GUWAHATI,JORHAT
738,INDORE,VISAKHAPATNAM,IDR-VTZ,MAPPED,1,5,6,6,100.0,Central,South,INDORE,VISAKHAPATNAM
739,MUMBAI,SHIRDI,BOM-SAG,MAPPED,4,1,5,5,100.0,West,West,MUMBAI,SHIRDI
