basket_rank,traffic_rank,route_id,city_1,city_2,traffic_weight,traffic_weight_is_metadata_only,basket_membership,basket_scope,route_coverage_status,route_price_state,observed_directed_pairs,observed_direction_relations,canonicalization_source,observed_direction_preserved,route_fare_median,route_fare_min,route_fare_max,route_fare_relative_spread,observed_cell_count,priced_cell_count,unpriced_cell_count,grain_a_series_count,grain_b_series_count,high_severity_cell_count,review_severity_cell_count,info_severity_cell_count,none_severity_cell_count,not_evaluable_cell_count,recommended_review_cell_count,anomaly_excluded_cell_count,contributing_observation_count,contributing_observation_id_count,excluded_sold_out_observation_count,mapped_observation_count,contributing_travel_date_count,contributing_advance_purchase_window_count,phase10_schema_version
1,1,BOM-DEL,DELHI,MUMBAI,0.162603,True,IN_BASKET,BASKET_SCOPED,OBSERVED,PRICED,BOM-DEL,EXACT_KEY_MATCH,scripts/build_vayu_route_basket.py::make_route_id,True,7603.00,4925.00,11939.00,1.424162,77,77,0,77,20,0,2,22,53,60,2,0,191,191,1,192,5,5,phase10-v1
2,2,BLR-DEL,BENGALURU,DELHI,0.111103,True,IN_BASKET,BASKET_SCOPED,OBSERVED,PRICED,BLR-DEL,EXACT_KEY_MATCH,scripts/build_vayu_route_basket.py::make_route_id,True,7424.50,5025.00,11853.50,1.358905,82,82,0,82,18,0,0,21,61,60,0,0,209,209,0,209,5,5,phase10-v1
3,3,BLR-BOM,BENGALURU,MUMBAI,0.097658,True,IN_BASKET,BASKET_SCOPED,OBSERVED,PRICED,BLR-BOM,EXACT_KEY_MATCH,scripts/build_vayu_route_basket.py::make_route_id,True,7524.00,5016.00,12325.00,1.457137,79,79,0,79,18,0,0,24,55,59,0,0,193,193,0,193,5,5,phase10-v1
4,4,DEL-HYD,DELHI,HYDERABAD,0.078228,True,IN_BASKET,BASKET_SCOPED,OBSERVED,PRICED,DEL-HYD,EXACT_KEY_MATCH,scripts/build_vayu_route_basket.py::make_route_id,True,7622.25,4872.00,12233.50,1.510981,80,80,0,80,19,0,0,22,58,60,0,0,215,215,0,215,5,5,phase10-v1
5,5,DEL-PNQ,DELHI,PUNE,0.069402,True,IN_BASKET,BASKET_SCOPED,OBSERVED,PRICED,DEL-PNQ,EXACT_KEY_MATCH,scripts/build_vayu_route_basket.py::make_route_id,True,7445.00,4951.00,12026.00,1.429004,85,85,0,85,20,0,1,26,58,60,1,0,205,205,0,205,5,5,phase10-v1
6,6,CCU-DEL,DELHI,KOLKATA,0.065754,True,IN_BASKET,BASKET_SCOPED,OBSERVED,PRICED,CCU-DEL,EXACT_KEY_MATCH,scripts/build_vayu_route_basket.py::make_route_id,True,7505.00,5048.00,12177.00,1.412242,80,80,0,80,18,0,0,13,67,60,0,0,208,208,0,208,5,5,phase10-v1
7,7,AMD-DEL,AHMEDABAD,DELHI,0.060216,True,IN_BASKET,BASKET_SCOPED,OBSERVED,PRICED,AMD-DEL,EXACT_KEY_MATCH,scripts/build_vayu_route_basket.py::make_route_id,True,7558.88,5012.00,11985.50,1.391361,84,84,0,84,18,0,0,20,64,60,0,0,220,220,0,220,5,5,phase10-v1
8,8,DEL-MAA,CHENNAI,DELHI,0.058216,True,IN_BASKET,BASKET_SCOPED,OBSERVED,PRICED,DEL-MAA,EXACT_KEY_MATCH,scripts/build_vayu_route_basket.py::make_route_id,True,7432.00,5057.00,11528.50,1.279711,81,81,0,81,20,0,1,21,59,59,1,0,204,204,0,204,5,5,phase10-v1
9,9,BOM-HYD,HYDERABAD,MUMBAI,0.055855,True,IN_BASKET,BASKET_SCOPED,OBSERVED,PRICED,BOM-HYD,EXACT_KEY_MATCH,scripts/build_vayu_route_basket.py::make_route_id,True,7396.88,4963.00,11662.50,1.349889,80,80,0,80,18,0,0,17,63,60,0,0,205,205,0,205,5,5,phase10-v1
10,10,BLR-CCU,BENGALURU,KOLKATA,0.05523,True,IN_BASKET,BASKET_SCOPED,OBSERVED,PRICED,BLR-CCU,EXACT_KEY_MATCH,scripts/build_vayu_route_basket.py::make_route_id,True,7610.50,5122.00,11859.50,1.315404,82,82,0,82,18,0,1,16,65,60,1,0,204,204,0,204,5,5,phase10-v1
11,11,DEL-SXR,DELHI,SRINAGAR,0.054956,True,IN_BASKET,BASKET_SCOPED,OBSERVED,PRICED,DEL-SXR,EXACT_KEY_MATCH,scripts/build_vayu_route_basket.py::make_route_id,True,7545.00,4985.00,11750.00,1.357071,78,78,0,78,18,0,2,20,56,60,2,0,204,204,0,204,5,5,phase10-v1
12,18,DEL-GOI,DABOLIM,DELHI,0.03707,True,IN_BASKET,BASKET_SCOPED,OBSERVED,PRICED,DEL-GOI,EXACT_KEY_MATCH,scripts/build_vayu_route_basket.py::make_route_id,True,7577.50,5038.25,11809.75,1.344018,82,82,0,82,21,0,0,24,58,61,0,0,210,210,0,210,5,6,phase10-v1
13,19,DEL-GAU,DELHI,GUWAHATI,0.036519,True,IN_BASKET,BASKET_SCOPED,OBSERVED,PRICED,DEL-GAU,EXACT_KEY_MATCH,scripts/build_vayu_route_basket.py::make_route_id,True,7574.00,5144.00,12202.00,1.372084,73,73,0,73,19,0,0,20,53,60,0,0,180,180,0,180,5,5,phase10-v1
14,21,BLR-COK,BENGALURU,KOCHI,0.03525,True,IN_BASKET,BASKET_SCOPED,OBSERVED,PRICED,BLR-COK,EXACT_KEY_MATCH,scripts/build_vayu_route_basket.py::make_route_id,True,7540.25,5070.75,11731.00,1.313464,68,68,0,68,16,0,0,17,51,59,0,0,177,177,0,177,5,5,phase10-v1
15,39,DEL-IDR,DELHI,INDORE,0.02194,True,IN_BASKET,BASKET_SCOPED,OBSERVED,PRICED,DEL-IDR,EXACT_KEY_MATCH,scripts/build_vayu_route_basket.py::make_route_id,True,7344.50,4916.00,11963.25,1.433533,62,62,0,62,16,0,3,15,44,57,3,0,173,173,0,173,5,5,phase10-v1
