series_variant,index_series_id,collection_round_id,round_sort_key,link_sequence,is_base_period,route_id,basket_rank,traffic_weight,route_coverage_status,eligible_product_count,matched_product_count,contributed_to_index,coverage_contribution_status,renormalized_weight,weight_represented,weight_excluded,basket_routes_total,coverage_status,phase11_schema_version
PRIMARY,VAYU-RI-PRIMARY,ROUND::2026-09-05T09:00,2026-09-05 09:00,0,True,BOM-DEL,1,0.162603,OBSERVED,13,0,True,CONTRIBUTED_TO_INDEX,0.162603000000,0.162603,,15,FULL_BASKET_COVERAGE,phase11-v1
PRIMARY,VAYU-RI-PRIMARY,ROUND::2026-09-05T09:00,2026-09-05 09:00,0,True,BLR-DEL,2,0.111103,OBSERVED,14,0,True,CONTRIBUTED_TO_INDEX,0.111103000000,0.111103,,15,FULL_BASKET_COVERAGE,phase11-v1
PRIMARY,VAYU-RI-PRIMARY,ROUND::2026-09-05T09:00,2026-09-05 09:00,0,True,BLR-BOM,3,0.097658,OBSERVED,11,0,True,CONTRIBUTED_TO_INDEX,0.097658000000,0.097658,,15,FULL_BASKET_COVERAGE,phase11-v1
PRIMARY,VAYU-RI-PRIMARY,ROUND::2026-09-05T09:00,2026-09-05 09:00,0,True,DEL-HYD,4,0.078228,OBSERVED,12,0,True,CONTRIBUTED_TO_INDEX,0.078228000000,0.078228,,15,FULL_BASKET_COVERAGE,phase11-v1
PRIMARY,VAYU-RI-PRIMARY,ROUND::2026-09-05T09:00,2026-09-05 09:00,0,True,DEL-PNQ,5,0.069402,OBSERVED,15,0,True,CONTRIBUTED_TO_INDEX,0.069402000000,0.069402,,15,FULL_BASKET_COVERAGE,phase11-v1
PRIMARY,VAYU-RI-PRIMARY,ROUND::2026-09-05T09:00,2026-09-05 09:00,0,True,CCU-DEL,6,0.065754,OBSERVED,14,0,True,CONTRIBUTED_TO_INDEX,0.065754000000,0.065754,,15,FULL_BASKET_COVERAGE,phase11-v1
PRIMARY,VAYU-RI-PRIMARY,ROUND::2026-09-05T09:00,2026-09-05 09:00,0,True,AMD-DEL,7,0.060216,OBSERVED,15,0,True,CONTRIBUTED_TO_INDEX,0.060216000000,0.060216,,15,FULL_BASKET_COVERAGE,phase11-v1
PRIMARY,VAYU-RI-PRIMARY,ROUND::2026-09-05T09:00,2026-09-05 09:00,0,True,DEL-MAA,8,0.058216,OBSERVED,14,0,True,CONTRIBUTED_TO_INDEX,0.058216000000,0.058216,,15,FULL_BASKET_COVERAGE,phase11-v1
PRIMARY,VAYU-RI-PRIMARY,ROUND::2026-09-05T09:00,2026-09-05 09:00,0,True,BOM-HYD,9,0.055855,OBSERVED,15,0,True,CONTRIBUTED_TO_INDEX,0.055855000000,0.055855,,15,FULL_BASKET_COVERAGE,phase11-v1
PRIMARY,VAYU-RI-PRIMARY,ROUND::2026-09-05T09:00,2026-09-05 09:00,0,True,BLR-CCU,10,0.05523,OBSERVED,13,0,True,CONTRIBUTED_TO_INDEX,0.055230000000,0.05523,,15,FULL_BASKET_COVERAGE,phase11-v1
PRIMARY,VAYU-RI-PRIMARY,ROUND::2026-09-05T09:00,2026-09-05 09:00,0,True,DEL-SXR,11,0.054956,OBSERVED,10,0,True,CONTRIBUTED_TO_INDEX,0.054956000000,0.054956,,15,FULL_BASKET_COVERAGE,phase11-v1
PRIMARY,VAYU-RI-PRIMARY,ROUND::2026-09-05T09:00,2026-09-05 09:00,0,True,DEL-GOI,12,0.03707,OBSERVED,14,0,True,CONTRIBUTED_TO_INDEX,0.037070000000,0.03707,,15,FULL_BASKET_COVERAGE,phase11-v1
PRIMARY,VAYU-RI-PRIMARY,ROUND::2026-09-05T09:00,2026-09-05 09:00,0,True,DEL-GAU,13,0.036519,OBSERVED,12,0,True,CONTRIBUTED_TO_INDEX,0.036519000000,0.036519,,15,FULL_BASKET_COVERAGE,phase11-v1
PRIMARY,VAYU-RI-PRIMARY,ROUND::2026-09-05T09:00,2026-09-05 09:00,0,True,BLR-COK,14,0.03525,OBSERVED,13,0,True,CONTRIBUTED_TO_INDEX,0.035250000000,0.03525,,15,FULL_BASKET_COVERAGE,phase11-v1
PRIMARY,VAYU-RI-PRIMARY,ROUND::2026-09-05T09:00,2026-09-05 09:00,0,True,DEL-IDR,15,0.02194,OBSERVED,13,0,True,CONTRIBUTED_TO_INDEX,0.021940000000,0.02194,,15,FULL_BASKET_COVERAGE,phase11-v1
PRIMARY,VAYU-RI-PRIMARY,ROUND::2026-09-05T14:30,2026-09-05 14:30,1,False,BOM-DEL,1,0.162603,OBSERVED,11,9,True,CONTRIBUTED_TO_INDEX,0.162603000000,0.162603,,15,FULL_BASKET_COVERAGE,phase11-v1
PRIMARY,VAYU-RI-PRIMARY,ROUND::2026-09-05T14:30,2026-09-05 14:30,1,False,BLR-DEL,2,0.111103,OBSERVED,14,13,True,CONTRIBUTED_TO_INDEX,0.111103000000,0.111103,,15,FULL_BASKET_COVERAGE,phase11-v1
PRIMARY,VAYU-RI-PRIMARY,ROUND::2026-09-05T14:30,2026-09-05 14:30,1,False,BLR-BOM,3,0.097658,OBSERVED,12,8,True,CONTRIBUTED_TO_INDEX,0.097658000000,0.097658,,15,FULL_BASKET_COVERAGE,phase11-v1
PRIMARY,VAYU-RI-PRIMARY,ROUND::2026-09-05T14:30,2026-09-05 14:30,1,False,DEL-HYD,4,0.078228,OBSERVED,11,8,True,CONTRIBUTED_TO_INDEX,0.078228000000,0.078228,,15,FULL_BASKET_COVERAGE,phase11-v1
PRIMARY,VAYU-RI-PRIMARY,ROUND::2026-09-05T14:30,2026-09-05 14:30,1,False,DEL-PNQ,5,0.069402,OBSERVED,14,14,True,CONTRIBUTED_TO_INDEX,0.069402000000,0.069402,,15,FULL_BASKET_COVERAGE,phase11-v1
PRIMARY,VAYU-RI-PRIMARY,ROUND::2026-09-05T14:30,2026-09-05 14:30,1,False,CCU-DEL,6,0.065754,OBSERVED,11,10,True,CONTRIBUTED_TO_INDEX,0.065754000000,0.065754,,15,FULL_BASKET_COVERAGE,phase11-v1
PRIMARY,VAYU-RI-PRIMARY,ROUND::2026-09-05T14:30,2026-09-05 14:30,1,False,AMD-DEL,7,0.060216,OBSERVED,13,13,True,CONTRIBUTED_TO_INDEX,0.060216000000,0.060216,,15,FULL_BASKET_COVERAGE,phase11-v1
PRIMARY,VAYU-RI-PRIMARY,ROUND::2026-09-05T14:30,2026-09-05 14:30,1,False,DEL-MAA,8,0.058216,OBSERVED,13,12,True,CONTRIBUTED_TO_INDEX,0.058216000000,0.058216,,15,FULL_BASKET_COVERAGE,phase11-v1
PRIMARY,VAYU-RI-PRIMARY,ROUND::2026-09-05T14:30,2026-09-05 14:30,1,False,BOM-HYD,9,0.055855,OBSERVED,12,12,True,CONTRIBUTED_TO_INDEX,0.055855000000,0.055855,,15,FULL_BASKET_COVERAGE,phase11-v1
PRIMARY,VAYU-RI-PRIMARY,ROUND::2026-09-05T14:30,2026-09-05 14:30,1,False,BLR-CCU,10,0.05523,OBSERVED,14,12,True,CONTRIBUTED_TO_INDEX,0.055230000000,0.05523,,15,FULL_BASKET_COVERAGE,phase11-v1
PRIMARY,VAYU-RI-PRIMARY,ROUND::2026-09-05T14:30,2026-09-05 14:30,1,False,DEL-SXR,11,0.054956,OBSERVED,14,10,True,CONTRIBUTED_TO_INDEX,0.054956000000,0.054956,,15,FULL_BASKET_COVERAGE,phase11-v1
PRIMARY,VAYU-RI-PRIMARY,ROUND::2026-09-05T14:30,2026-09-05 14:30,1,False,DEL-GOI,12,0.03707,OBSERVED,13,12,True,CONTRIBUTED_TO_INDEX,0.037070000000,0.03707,,15,FULL_BASKET_COVERAGE,phase11-v1
PRIMARY,VAYU-RI-PRIMARY,ROUND::2026-09-05T14:30,2026-09-05 14:30,1,False,DEL-GAU,13,0.036519,OBSERVED,14,11,True,CONTRIBUTED_TO_INDEX,0.036519000000,0.036519,,15,FULL_BASKET_COVERAGE,phase11-v1
PRIMARY,VAYU-RI-PRIMARY,ROUND::2026-09-05T14:30,2026-09-05 14:30,1,False,BLR-COK,14,0.03525,OBSERVED,14,12,True,CONTRIBUTED_TO_INDEX,0.035250000000,0.03525,,15,FULL_BASKET_COVERAGE,phase11-v1
PRIMARY,VAYU-RI-PRIMARY,ROUND::2026-09-05T14:30,2026-09-05 14:30,1,False,DEL-IDR,15,0.02194,OBSERVED,13,11,True,CONTRIBUTED_TO_INDEX,0.021940000000,0.02194,,15,FULL_BASKET_COVERAGE,phase11-v1
PRIMARY,VAYU-RI-PRIMARY,ROUND::2026-09-05T20:15,2026-09-05 20:15,2,False,BOM-DEL,1,0.162603,OBSERVED,13,9,True,CONTRIBUTED_TO_INDEX,0.162603000000,0.162603,,15,FULL_BASKET_COVERAGE,phase11-v1
PRIMARY,VAYU-RI-PRIMARY,ROUND::2026-09-05T20:15,2026-09-05 20:15,2,False,BLR-DEL,2,0.111103,OBSERVED,15,14,True,CONTRIBUTED_TO_INDEX,0.111103000000,0.111103,,15,FULL_BASKET_COVERAGE,phase11-v1
PRIMARY,VAYU-RI-PRIMARY,ROUND::2026-09-05T20:15,2026-09-05 20:15,2,False,BLR-BOM,3,0.097658,OBSERVED,14,11,True,CONTRIBUTED_TO_INDEX,0.097658000000,0.097658,,15,FULL_BASKET_COVERAGE,phase11-v1
PRIMARY,VAYU-RI-PRIMARY,ROUND::2026-09-05T20:15,2026-09-05 20:15,2,False,DEL-HYD,4,0.078228,OBSERVED,13,9,True,CONTRIBUTED_TO_INDEX,0.078228000000,0.078228,,15,FULL_BASKET_COVERAGE,phase11-v1
PRIMARY,VAYU-RI-PRIMARY,ROUND::2026-09-05T20:15,2026-09-05 20:15,2,False,DEL-PNQ,5,0.069402,OBSERVED,15,14,True,CONTRIBUTED_TO_INDEX,0.069402000000,0.069402,,15,FULL_BASKET_COVERAGE,phase11-v1
PRIMARY,VAYU-RI-PRIMARY,ROUND::2026-09-05T20:15,2026-09-05 20:15,2,False,CCU-DEL,6,0.065754,OBSERVED,13,9,True,CONTRIBUTED_TO_INDEX,0.065754000000,0.065754,,15,FULL_BASKET_COVERAGE,phase11-v1
PRIMARY,VAYU-RI-PRIMARY,ROUND::2026-09-05T20:15,2026-09-05 20:15,2,False,AMD-DEL,7,0.060216,OBSERVED,15,13,True,CONTRIBUTED_TO_INDEX,0.060216000000,0.060216,,15,FULL_BASKET_COVERAGE,phase11-v1
PRIMARY,VAYU-RI-PRIMARY,ROUND::2026-09-05T20:15,2026-09-05 20:15,2,False,DEL-MAA,8,0.058216,OBSERVED,13,11,True,CONTRIBUTED_TO_INDEX,0.058216000000,0.058216,,15,FULL_BASKET_COVERAGE,phase11-v1
PRIMARY,VAYU-RI-PRIMARY,ROUND::2026-09-05T20:15,2026-09-05 20:15,2,False,BOM-HYD,9,0.055855,OBSERVED,12,9,True,CONTRIBUTED_TO_INDEX,0.055855000000,0.055855,,15,FULL_BASKET_COVERAGE,phase11-v1
PRIMARY,VAYU-RI-PRIMARY,ROUND::2026-09-05T20:15,2026-09-05 20:15,2,False,BLR-CCU,10,0.05523,OBSERVED,12,11,True,CONTRIBUTED_TO_INDEX,0.055230000000,0.05523,,15,FULL_BASKET_COVERAGE,phase11-v1
PRIMARY,VAYU-RI-PRIMARY,ROUND::2026-09-05T20:15,2026-09-05 20:15,2,False,DEL-SXR,11,0.054956,OBSERVED,14,13,True,CONTRIBUTED_TO_INDEX,0.054956000000,0.054956,,15,FULL_BASKET_COVERAGE,phase11-v1
PRIMARY,VAYU-RI-PRIMARY,ROUND::2026-09-05T20:15,2026-09-05 20:15,2,False,DEL-GOI,12,0.03707,OBSERVED,12,11,True,CONTRIBUTED_TO_INDEX,0.037070000000,0.03707,,15,FULL_BASKET_COVERAGE,phase11-v1
PRIMARY,VAYU-RI-PRIMARY,ROUND::2026-09-05T20:15,2026-09-05 20:15,2,False,DEL-GAU,13,0.036519,OBSERVED,13,12,True,CONTRIBUTED_TO_INDEX,0.036519000000,0.036519,,15,FULL_BASKET_COVERAGE,phase11-v1
PRIMARY,VAYU-RI-PRIMARY,ROUND::2026-09-05T20:15,2026-09-05 20:15,2,False,BLR-COK,14,0.03525,OBSERVED,13,12,True,CONTRIBUTED_TO_INDEX,0.035250000000,0.03525,,15,FULL_BASKET_COVERAGE,phase11-v1
PRIMARY,VAYU-RI-PRIMARY,ROUND::2026-09-05T20:15,2026-09-05 20:15,2,False,DEL-IDR,15,0.02194,OBSERVED,14,12,True,CONTRIBUTED_TO_INDEX,0.021940000000,0.02194,,15,FULL_BASKET_COVERAGE,phase11-v1
PRIMARY,VAYU-RI-PRIMARY,ROUND::2026-09-06T09:00,2026-09-06 09:00,3,False,BOM-DEL,1,0.162603,OBSERVED,13,11,True,CONTRIBUTED_TO_INDEX,0.162603000000,0.162603,,15,FULL_BASKET_COVERAGE,phase11-v1
PRIMARY,VAYU-RI-PRIMARY,ROUND::2026-09-06T09:00,2026-09-06 09:00,3,False,BLR-DEL,2,0.111103,OBSERVED,13,13,True,CONTRIBUTED_TO_INDEX,0.111103000000,0.111103,,15,FULL_BASKET_COVERAGE,phase11-v1
PRIMARY,VAYU-RI-PRIMARY,ROUND::2026-09-06T09:00,2026-09-06 09:00,3,False,BLR-BOM,3,0.097658,OBSERVED,14,13,True,CONTRIBUTED_TO_INDEX,0.097658000000,0.097658,,15,FULL_BASKET_COVERAGE,phase11-v1
PRIMARY,VAYU-RI-PRIMARY,ROUND::2026-09-06T09:00,2026-09-06 09:00,3,False,DEL-HYD,4,0.078228,OBSERVED,15,13,True,CONTRIBUTED_TO_INDEX,0.078228000000,0.078228,,15,FULL_BASKET_COVERAGE,phase11-v1
PRIMARY,VAYU-RI-PRIMARY,ROUND::2026-09-06T09:00,2026-09-06 09:00,3,False,DEL-PNQ,5,0.069402,OBSERVED,12,12,True,CONTRIBUTED_TO_INDEX,0.069402000000,0.069402,,15,FULL_BASKET_COVERAGE,phase11-v1
PRIMARY,VAYU-RI-PRIMARY,ROUND::2026-09-06T09:00,2026-09-06 09:00,3,False,CCU-DEL,6,0.065754,OBSERVED,13,12,True,CONTRIBUTED_TO_INDEX,0.065754000000,0.065754,,15,FULL_BASKET_COVERAGE,phase11-v1
PRIMARY,VAYU-RI-PRIMARY,ROUND::2026-09-06T09:00,2026-09-06 09:00,3,False,AMD-DEL,7,0.060216,OBSERVED,13,13,True,CONTRIBUTED_TO_INDEX,0.060216000000,0.060216,,15,FULL_BASKET_COVERAGE,phase11-v1
PRIMARY,VAYU-RI-PRIMARY,ROUND::2026-09-06T09:00,2026-09-06 09:00,3,False,DEL-MAA,8,0.058216,OBSERVED,13,11,True,CONTRIBUTED_TO_INDEX,0.058216000000,0.058216,,15,FULL_BASKET_COVERAGE,phase11-v1
PRIMARY,VAYU-RI-PRIMARY,ROUND::2026-09-06T09:00,2026-09-06 09:00,3,False,BOM-HYD,9,0.055855,OBSERVED,14,11,True,CONTRIBUTED_TO_INDEX,0.055855000000,0.055855,,15,FULL_BASKET_COVERAGE,phase11-v1
PRIMARY,VAYU-RI-PRIMARY,ROUND::2026-09-06T09:00,2026-09-06 09:00,3,False,BLR-CCU,10,0.05523,OBSERVED,14,11,True,CONTRIBUTED_TO_INDEX,0.055230000000,0.05523,,15,FULL_BASKET_COVERAGE,phase11-v1
PRIMARY,VAYU-RI-PRIMARY,ROUND::2026-09-06T09:00,2026-09-06 09:00,3,False,DEL-SXR,11,0.054956,OBSERVED,14,14,True,CONTRIBUTED_TO_INDEX,0.054956000000,0.054956,,15,FULL_BASKET_COVERAGE,phase11-v1
PRIMARY,VAYU-RI-PRIMARY,ROUND::2026-09-06T09:00,2026-09-06 09:00,3,False,DEL-GOI,12,0.03707,OBSERVED,15,12,True,CONTRIBUTED_TO_INDEX,0.037070000000,0.03707,,15,FULL_BASKET_COVERAGE,phase11-v1
PRIMARY,VAYU-RI-PRIMARY,ROUND::2026-09-06T09:00,2026-09-06 09:00,3,False,DEL-GAU,13,0.036519,OBSERVED,10,8,True,CONTRIBUTED_TO_INDEX,0.036519000000,0.036519,,15,FULL_BASKET_COVERAGE,phase11-v1
PRIMARY,VAYU-RI-PRIMARY,ROUND::2026-09-06T09:00,2026-09-06 09:00,3,False,BLR-COK,14,0.03525,OBSERVED,14,12,True,CONTRIBUTED_TO_INDEX,0.035250000000,0.03525,,15,FULL_BASKET_COVERAGE,phase11-v1
PRIMARY,VAYU-RI-PRIMARY,ROUND::2026-09-06T09:00,2026-09-06 09:00,3,False,DEL-IDR,15,0.02194,OBSERVED,9,8,True,CONTRIBUTED_TO_INDEX,0.021940000000,0.02194,,15,FULL_BASKET_COVERAGE,phase11-v1
PRIMARY,VAYU-RI-PRIMARY,ROUND::2026-09-06T14:30,2026-09-06 14:30,4,False,BOM-DEL,1,0.162603,OBSERVED,12,11,True,CONTRIBUTED_TO_INDEX,0.162603000000,0.162603,,15,FULL_BASKET_COVERAGE,phase11-v1
PRIMARY,VAYU-RI-PRIMARY,ROUND::2026-09-06T14:30,2026-09-06 14:30,4,False,BLR-DEL,2,0.111103,OBSERVED,14,12,True,CONTRIBUTED_TO_INDEX,0.111103000000,0.111103,,15,FULL_BASKET_COVERAGE,phase11-v1
PRIMARY,VAYU-RI-PRIMARY,ROUND::2026-09-06T14:30,2026-09-06 14:30,4,False,BLR-BOM,3,0.097658,OBSERVED,14,13,True,CONTRIBUTED_TO_INDEX,0.097658000000,0.097658,,15,FULL_BASKET_COVERAGE,phase11-v1
PRIMARY,VAYU-RI-PRIMARY,ROUND::2026-09-06T14:30,2026-09-06 14:30,4,False,DEL-HYD,4,0.078228,OBSERVED,15,15,True,CONTRIBUTED_TO_INDEX,0.078228000000,0.078228,,15,FULL_BASKET_COVERAGE,phase11-v1
PRIMARY,VAYU-RI-PRIMARY,ROUND::2026-09-06T14:30,2026-09-06 14:30,4,False,DEL-PNQ,5,0.069402,OBSERVED,13,11,True,CONTRIBUTED_TO_INDEX,0.069402000000,0.069402,,15,FULL_BASKET_COVERAGE,phase11-v1
PRIMARY,VAYU-RI-PRIMARY,ROUND::2026-09-06T14:30,2026-09-06 14:30,4,False,CCU-DEL,6,0.065754,OBSERVED,15,13,True,CONTRIBUTED_TO_INDEX,0.065754000000,0.065754,,15,FULL_BASKET_COVERAGE,phase11-v1
PRIMARY,VAYU-RI-PRIMARY,ROUND::2026-09-06T14:30,2026-09-06 14:30,4,False,AMD-DEL,7,0.060216,OBSERVED,14,12,True,CONTRIBUTED_TO_INDEX,0.060216000000,0.060216,,15,FULL_BASKET_COVERAGE,phase11-v1
PRIMARY,VAYU-RI-PRIMARY,ROUND::2026-09-06T14:30,2026-09-06 14:30,4,False,DEL-MAA,8,0.058216,OBSERVED,13,11,True,CONTRIBUTED_TO_INDEX,0.058216000000,0.058216,,15,FULL_BASKET_COVERAGE,phase11-v1
PRIMARY,VAYU-RI-PRIMARY,ROUND::2026-09-06T14:30,2026-09-06 14:30,4,False,BOM-HYD,9,0.055855,OBSERVED,13,12,True,CONTRIBUTED_TO_INDEX,0.055855000000,0.055855,,15,FULL_BASKET_COVERAGE,phase11-v1
PRIMARY,VAYU-RI-PRIMARY,ROUND::2026-09-06T14:30,2026-09-06 14:30,4,False,BLR-CCU,10,0.05523,OBSERVED,14,13,True,CONTRIBUTED_TO_INDEX,0.055230000000,0.05523,,15,FULL_BASKET_COVERAGE,phase11-v1
PRIMARY,VAYU-RI-PRIMARY,ROUND::2026-09-06T14:30,2026-09-06 14:30,4,False,DEL-SXR,11,0.054956,OBSERVED,12,11,True,CONTRIBUTED_TO_INDEX,0.054956000000,0.054956,,15,FULL_BASKET_COVERAGE,phase11-v1
PRIMARY,VAYU-RI-PRIMARY,ROUND::2026-09-06T14:30,2026-09-06 14:30,4,False,DEL-GOI,12,0.03707,OBSERVED,13,13,True,CONTRIBUTED_TO_INDEX,0.037070000000,0.03707,,15,FULL_BASKET_COVERAGE,phase11-v1
PRIMARY,VAYU-RI-PRIMARY,ROUND::2026-09-06T14:30,2026-09-06 14:30,4,False,DEL-GAU,13,0.036519,OBSERVED,13,8,True,CONTRIBUTED_TO_INDEX,0.036519000000,0.036519,,15,FULL_BASKET_COVERAGE,phase11-v1
PRIMARY,VAYU-RI-PRIMARY,ROUND::2026-09-06T14:30,2026-09-06 14:30,4,False,BLR-COK,14,0.03525,OBSERVED,13,12,True,CONTRIBUTED_TO_INDEX,0.035250000000,0.03525,,15,FULL_BASKET_COVERAGE,phase11-v1
PRIMARY,VAYU-RI-PRIMARY,ROUND::2026-09-06T14:30,2026-09-06 14:30,4,False,DEL-IDR,15,0.02194,OBSERVED,12,6,True,CONTRIBUTED_TO_INDEX,0.021940000000,0.02194,,15,FULL_BASKET_COVERAGE,phase11-v1
PRIMARY,VAYU-RI-PRIMARY,ROUND::2026-09-06T20:15,2026-09-06 20:15,5,False,BOM-DEL,1,0.162603,OBSERVED,13,10,True,CONTRIBUTED_TO_INDEX,0.172466350590,0.162603,,15,PARTIAL_COVERAGE_PROTOTYPE,phase11-v1
PRIMARY,VAYU-RI-PRIMARY,ROUND::2026-09-06T20:15,2026-09-06 20:15,5,False,BLR-DEL,2,0.111103,OBSERVED,12,12,True,CONTRIBUTED_TO_INDEX,0.117842407272,0.111103,,15,PARTIAL_COVERAGE_PROTOTYPE,phase11-v1
PRIMARY,VAYU-RI-PRIMARY,ROUND::2026-09-06T20:15,2026-09-06 20:15,5,False,BLR-BOM,3,0.097658,OBSERVED,14,14,True,CONTRIBUTED_TO_INDEX,0.103581845759,0.097658,,15,PARTIAL_COVERAGE_PROTOTYPE,phase11-v1
PRIMARY,VAYU-RI-PRIMARY,ROUND::2026-09-06T20:15,2026-09-06 20:15,5,False,DEL-HYD,4,0.078228,OBSERVED,13,13,True,CONTRIBUTED_TO_INDEX,0.082973239571,0.078228,,15,PARTIAL_COVERAGE_PROTOTYPE,phase11-v1
PRIMARY,VAYU-RI-PRIMARY,ROUND::2026-09-06T20:15,2026-09-06 20:15,5,False,DEL-PNQ,5,0.069402,OBSERVED,14,13,True,CONTRIBUTED_TO_INDEX,0.073611862411,0.069402,,15,PARTIAL_COVERAGE_PROTOTYPE,phase11-v1
PRIMARY,VAYU-RI-PRIMARY,ROUND::2026-09-06T20:15,2026-09-06 20:15,5,False,CCU-DEL,6,0.065754,OBSERVED,14,14,True,CONTRIBUTED_TO_INDEX,0.069742578038,0.065754,,15,PARTIAL_COVERAGE_PROTOTYPE,phase11-v1
PRIMARY,VAYU-RI-PRIMARY,ROUND::2026-09-06T20:15,2026-09-06 20:15,5,False,AMD-DEL,7,0.060216,OBSERVED,14,13,True,CONTRIBUTED_TO_INDEX,0.063868647978,0.060216,,15,PARTIAL_COVERAGE_PROTOTYPE,phase11-v1
PRIMARY,VAYU-RI-PRIMARY,ROUND::2026-09-06T20:15,2026-09-06 20:15,5,False,DEL-MAA,8,0.058216,OBSERVED,13,12,True,CONTRIBUTED_TO_INDEX,0.061747329791,0.058216,,15,PARTIAL_COVERAGE_PROTOTYPE,phase11-v1
PRIMARY,VAYU-RI-PRIMARY,ROUND::2026-09-06T20:15,2026-09-06 20:15,5,False,BOM-HYD,9,0.055855,OBSERVED,14,12,True,CONTRIBUTED_TO_INDEX,0.059243113671,0.055855,,15,PARTIAL_COVERAGE_PROTOTYPE,phase11-v1
PRIMARY,VAYU-RI-PRIMARY,ROUND::2026-09-06T20:15,2026-09-06 20:15,5,False,BLR-CCU,10,0.05523,OBSERVED,15,14,True,CONTRIBUTED_TO_INDEX,0.058580201737,0.05523,,15,PARTIAL_COVERAGE_PROTOTYPE,phase11-v1
PRIMARY,VAYU-RI-PRIMARY,ROUND::2026-09-06T20:15,2026-09-06 20:15,5,False,DEL-SXR,11,0.054956,OBSERVED,14,11,True,CONTRIBUTED_TO_INDEX,0.058289581146,0.054956,,15,PARTIAL_COVERAGE_PROTOTYPE,phase11-v1
PRIMARY,VAYU-RI-PRIMARY,ROUND::2026-09-06T20:15,2026-09-06 20:15,5,False,DEL-GOI,12,0.03707,OBSERVED,12,10,True,CONTRIBUTED_TO_INDEX,0.039318632598,0.03707,,15,PARTIAL_COVERAGE_PROTOTYPE,phase11-v1
PRIMARY,VAYU-RI-PRIMARY,ROUND::2026-09-06T20:15,2026-09-06 20:15,5,False,DEL-GAU,13,0.036519,OBSERVED,10,8,True,CONTRIBUTED_TO_INDEX,0.038734209438,0.036519,,15,PARTIAL_COVERAGE_PROTOTYPE,phase11-v1
PRIMARY,VAYU-RI-PRIMARY,ROUND::2026-09-06T20:15,2026-09-06 20:15,5,False,BLR-COK,14,0.03525,OBSERVED,0,0,False,OBSERVED_BUT_NO_MATCHED_PAIR,,,0.03525,15,PARTIAL_COVERAGE_PROTOTYPE,phase11-v1
PRIMARY,VAYU-RI-PRIMARY,ROUND::2026-09-06T20:15,2026-09-06 20:15,5,False,DEL-IDR,15,0.02194,OBSERVED,0,0,False,OBSERVED_BUT_NO_MATCHED_PAIR,,,0.02194,15,PARTIAL_COVERAGE_PROTOTYPE,phase11-v1
PRIMARY,VAYU-RI-PRIMARY,ROUND::2026-09-07T09:00,2026-09-07 09:00,6,False,BOM-DEL,1,0.162603,OBSERVED,0,0,False,OBSERVED_BUT_NO_MATCHED_PAIR,,,0.162603,15,PARTIAL_COVERAGE_PROTOTYPE,phase11-v1
PRIMARY,VAYU-RI-PRIMARY,ROUND::2026-09-07T09:00,2026-09-07 09:00,6,False,BLR-DEL,2,0.111103,OBSERVED,0,0,False,OBSERVED_BUT_NO_MATCHED_PAIR,,,0.111103,15,PARTIAL_COVERAGE_PROTOTYPE,phase11-v1
PRIMARY,VAYU-RI-PRIMARY,ROUND::2026-09-07T09:00,2026-09-07 09:00,6,False,BLR-BOM,3,0.097658,OBSERVED,0,0,False,OBSERVED_BUT_NO_MATCHED_PAIR,,,0.097658,15,PARTIAL_COVERAGE_PROTOTYPE,phase11-v1
PRIMARY,VAYU-RI-PRIMARY,ROUND::2026-09-07T09:00,2026-09-07 09:00,6,False,DEL-HYD,4,0.078228,OBSERVED,1,1,True,CONTRIBUTED_TO_INDEX,0.678485316311,0.078228,,15,PARTIAL_COVERAGE_PROTOTYPE,phase11-v1
PRIMARY,VAYU-RI-PRIMARY,ROUND::2026-09-07T09:00,2026-09-07 09:00,6,False,DEL-PNQ,5,0.069402,OBSERVED,0,0,False,OBSERVED_BUT_NO_MATCHED_PAIR,,,0.069402,15,PARTIAL_COVERAGE_PROTOTYPE,phase11-v1
PRIMARY,VAYU-RI-PRIMARY,ROUND::2026-09-07T09:00,2026-09-07 09:00,6,False,CCU-DEL,6,0.065754,OBSERVED,0,0,False,OBSERVED_BUT_NO_MATCHED_PAIR,,,0.065754,15,PARTIAL_COVERAGE_PROTOTYPE,phase11-v1
PRIMARY,VAYU-RI-PRIMARY,ROUND::2026-09-07T09:00,2026-09-07 09:00,6,False,AMD-DEL,7,0.060216,OBSERVED,0,0,False,OBSERVED_BUT_NO_MATCHED_PAIR,,,0.060216,15,PARTIAL_COVERAGE_PROTOTYPE,phase11-v1
PRIMARY,VAYU-RI-PRIMARY,ROUND::2026-09-07T09:00,2026-09-07 09:00,6,False,DEL-MAA,8,0.058216,OBSERVED,0,0,False,OBSERVED_BUT_NO_MATCHED_PAIR,,,0.058216,15,PARTIAL_COVERAGE_PROTOTYPE,phase11-v1
PRIMARY,VAYU-RI-PRIMARY,ROUND::2026-09-07T09:00,2026-09-07 09:00,6,False,BOM-HYD,9,0.055855,OBSERVED,0,0,False,OBSERVED_BUT_NO_MATCHED_PAIR,,,0.055855,15,PARTIAL_COVERAGE_PROTOTYPE,phase11-v1
PRIMARY,VAYU-RI-PRIMARY,ROUND::2026-09-07T09:00,2026-09-07 09:00,6,False,BLR-CCU,10,0.05523,OBSERVED,0,0,False,OBSERVED_BUT_NO_MATCHED_PAIR,,,0.05523,15,PARTIAL_COVERAGE_PROTOTYPE,phase11-v1
PRIMARY,VAYU-RI-PRIMARY,ROUND::2026-09-07T09:00,2026-09-07 09:00,6,False,DEL-SXR,11,0.054956,OBSERVED,0,0,False,OBSERVED_BUT_NO_MATCHED_PAIR,,,0.054956,15,PARTIAL_COVERAGE_PROTOTYPE,phase11-v1
PRIMARY,VAYU-RI-PRIMARY,ROUND::2026-09-07T09:00,2026-09-07 09:00,6,False,DEL-GOI,12,0.03707,OBSERVED,1,1,True,CONTRIBUTED_TO_INDEX,0.321514683689,0.03707,,15,PARTIAL_COVERAGE_PROTOTYPE,phase11-v1
PRIMARY,VAYU-RI-PRIMARY,ROUND::2026-09-07T09:00,2026-09-07 09:00,6,False,DEL-GAU,13,0.036519,OBSERVED,0,0,False,OBSERVED_BUT_NO_MATCHED_PAIR,,,0.036519,15,PARTIAL_COVERAGE_PROTOTYPE,phase11-v1
PRIMARY,VAYU-RI-PRIMARY,ROUND::2026-09-07T09:00,2026-09-07 09:00,6,False,BLR-COK,14,0.03525,OBSERVED,0,0,False,OBSERVED_BUT_NO_MATCHED_PAIR,,,0.03525,15,PARTIAL_COVERAGE_PROTOTYPE,phase11-v1
PRIMARY,VAYU-RI-PRIMARY,ROUND::2026-09-07T09:00,2026-09-07 09:00,6,False,DEL-IDR,15,0.02194,OBSERVED,0,0,False,OBSERVED_BUT_NO_MATCHED_PAIR,,,0.02194,15,PARTIAL_COVERAGE_PROTOTYPE,phase11-v1
PRIMARY,VAYU-RI-PRIMARY,ROUND::2026-09-07T14:30,2026-09-07 14:30,7,False,BOM-DEL,1,0.162603,OBSERVED,0,0,False,OBSERVED_BUT_NO_MATCHED_PAIR,,,0.162603,15,NO_BASKET_COVERAGE,phase11-v1
PRIMARY,VAYU-RI-PRIMARY,ROUND::2026-09-07T14:30,2026-09-07 14:30,7,False,BLR-DEL,2,0.111103,OBSERVED,0,0,False,OBSERVED_BUT_NO_MATCHED_PAIR,,,0.111103,15,NO_BASKET_COVERAGE,phase11-v1
PRIMARY,VAYU-RI-PRIMARY,ROUND::2026-09-07T14:30,2026-09-07 14:30,7,False,BLR-BOM,3,0.097658,OBSERVED,0,0,False,OBSERVED_BUT_NO_MATCHED_PAIR,,,0.097658,15,NO_BASKET_COVERAGE,phase11-v1
PRIMARY,VAYU-RI-PRIMARY,ROUND::2026-09-07T14:30,2026-09-07 14:30,7,False,DEL-HYD,4,0.078228,OBSERVED,0,0,False,OBSERVED_BUT_NO_MATCHED_PAIR,,,0.078228,15,NO_BASKET_COVERAGE,phase11-v1
PRIMARY,VAYU-RI-PRIMARY,ROUND::2026-09-07T14:30,2026-09-07 14:30,7,False,DEL-PNQ,5,0.069402,OBSERVED,1,0,False,OBSERVED_BUT_NO_MATCHED_PAIR,,,0.069402,15,NO_BASKET_COVERAGE,phase11-v1
PRIMARY,VAYU-RI-PRIMARY,ROUND::2026-09-07T14:30,2026-09-07 14:30,7,False,CCU-DEL,6,0.065754,OBSERVED,0,0,False,OBSERVED_BUT_NO_MATCHED_PAIR,,,0.065754,15,NO_BASKET_COVERAGE,phase11-v1
PRIMARY,VAYU-RI-PRIMARY,ROUND::2026-09-07T14:30,2026-09-07 14:30,7,False,AMD-DEL,7,0.060216,OBSERVED,0,0,False,OBSERVED_BUT_NO_MATCHED_PAIR,,,0.060216,15,NO_BASKET_COVERAGE,phase11-v1
PRIMARY,VAYU-RI-PRIMARY,ROUND::2026-09-07T14:30,2026-09-07 14:30,7,False,DEL-MAA,8,0.058216,OBSERVED,1,0,False,OBSERVED_BUT_NO_MATCHED_PAIR,,,0.058216,15,NO_BASKET_COVERAGE,phase11-v1
PRIMARY,VAYU-RI-PRIMARY,ROUND::2026-09-07T14:30,2026-09-07 14:30,7,False,BOM-HYD,9,0.055855,OBSERVED,0,0,False,OBSERVED_BUT_NO_MATCHED_PAIR,,,0.055855,15,NO_BASKET_COVERAGE,phase11-v1
PRIMARY,VAYU-RI-PRIMARY,ROUND::2026-09-07T14:30,2026-09-07 14:30,7,False,BLR-CCU,10,0.05523,OBSERVED,0,0,False,OBSERVED_BUT_NO_MATCHED_PAIR,,,0.05523,15,NO_BASKET_COVERAGE,phase11-v1
PRIMARY,VAYU-RI-PRIMARY,ROUND::2026-09-07T14:30,2026-09-07 14:30,7,False,DEL-SXR,11,0.054956,OBSERVED,0,0,False,OBSERVED_BUT_NO_MATCHED_PAIR,,,0.054956,15,NO_BASKET_COVERAGE,phase11-v1
PRIMARY,VAYU-RI-PRIMARY,ROUND::2026-09-07T14:30,2026-09-07 14:30,7,False,DEL-GOI,12,0.03707,OBSERVED,0,0,False,OBSERVED_BUT_NO_MATCHED_PAIR,,,0.03707,15,NO_BASKET_COVERAGE,phase11-v1
PRIMARY,VAYU-RI-PRIMARY,ROUND::2026-09-07T14:30,2026-09-07 14:30,7,False,DEL-GAU,13,0.036519,OBSERVED,0,0,False,OBSERVED_BUT_NO_MATCHED_PAIR,,,0.036519,15,NO_BASKET_COVERAGE,phase11-v1
PRIMARY,VAYU-RI-PRIMARY,ROUND::2026-09-07T14:30,2026-09-07 14:30,7,False,BLR-COK,14,0.03525,OBSERVED,1,0,False,OBSERVED_BUT_NO_MATCHED_PAIR,,,0.03525,15,NO_BASKET_COVERAGE,phase11-v1
PRIMARY,VAYU-RI-PRIMARY,ROUND::2026-09-07T14:30,2026-09-07 14:30,7,False,DEL-IDR,15,0.02194,OBSERVED,1,0,False,OBSERVED_BUT_NO_MATCHED_PAIR,,,0.02194,15,NO_BASKET_COVERAGE,phase11-v1
PRIMARY,VAYU-RI-PRIMARY,ROUND::2026-09-07T20:15,2026-09-07 20:15,8,False,BOM-DEL,1,0.162603,OBSERVED,0,0,False,OBSERVED_BUT_NO_MATCHED_PAIR,,,0.162603,15,NO_BASKET_COVERAGE,phase11-v1
PRIMARY,VAYU-RI-PRIMARY,ROUND::2026-09-07T20:15,2026-09-07 20:15,8,False,BLR-DEL,2,0.111103,OBSERVED,0,0,False,OBSERVED_BUT_NO_MATCHED_PAIR,,,0.111103,15,NO_BASKET_COVERAGE,phase11-v1
PRIMARY,VAYU-RI-PRIMARY,ROUND::2026-09-07T20:15,2026-09-07 20:15,8,False,BLR-BOM,3,0.097658,OBSERVED,0,0,False,OBSERVED_BUT_NO_MATCHED_PAIR,,,0.097658,15,NO_BASKET_COVERAGE,phase11-v1
PRIMARY,VAYU-RI-PRIMARY,ROUND::2026-09-07T20:15,2026-09-07 20:15,8,False,DEL-HYD,4,0.078228,OBSERVED,0,0,False,OBSERVED_BUT_NO_MATCHED_PAIR,,,0.078228,15,NO_BASKET_COVERAGE,phase11-v1
PRIMARY,VAYU-RI-PRIMARY,ROUND::2026-09-07T20:15,2026-09-07 20:15,8,False,DEL-PNQ,5,0.069402,OBSERVED,1,0,False,OBSERVED_BUT_NO_MATCHED_PAIR,,,0.069402,15,NO_BASKET_COVERAGE,phase11-v1
PRIMARY,VAYU-RI-PRIMARY,ROUND::2026-09-07T20:15,2026-09-07 20:15,8,False,CCU-DEL,6,0.065754,OBSERVED,0,0,False,OBSERVED_BUT_NO_MATCHED_PAIR,,,0.065754,15,NO_BASKET_COVERAGE,phase11-v1
PRIMARY,VAYU-RI-PRIMARY,ROUND::2026-09-07T20:15,2026-09-07 20:15,8,False,AMD-DEL,7,0.060216,OBSERVED,0,0,False,OBSERVED_BUT_NO_MATCHED_PAIR,,,0.060216,15,NO_BASKET_COVERAGE,phase11-v1
PRIMARY,VAYU-RI-PRIMARY,ROUND::2026-09-07T20:15,2026-09-07 20:15,8,False,DEL-MAA,8,0.058216,OBSERVED,0,0,False,OBSERVED_BUT_NO_MATCHED_PAIR,,,0.058216,15,NO_BASKET_COVERAGE,phase11-v1
PRIMARY,VAYU-RI-PRIMARY,ROUND::2026-09-07T20:15,2026-09-07 20:15,8,False,BOM-HYD,9,0.055855,OBSERVED,0,0,False,OBSERVED_BUT_NO_MATCHED_PAIR,,,0.055855,15,NO_BASKET_COVERAGE,phase11-v1
PRIMARY,VAYU-RI-PRIMARY,ROUND::2026-09-07T20:15,2026-09-07 20:15,8,False,BLR-CCU,10,0.05523,OBSERVED,0,0,False,OBSERVED_BUT_NO_MATCHED_PAIR,,,0.05523,15,NO_BASKET_COVERAGE,phase11-v1
PRIMARY,VAYU-RI-PRIMARY,ROUND::2026-09-07T20:15,2026-09-07 20:15,8,False,DEL-SXR,11,0.054956,OBSERVED,0,0,False,OBSERVED_BUT_NO_MATCHED_PAIR,,,0.054956,15,NO_BASKET_COVERAGE,phase11-v1
PRIMARY,VAYU-RI-PRIMARY,ROUND::2026-09-07T20:15,2026-09-07 20:15,8,False,DEL-GOI,12,0.03707,OBSERVED,0,0,False,OBSERVED_BUT_NO_MATCHED_PAIR,,,0.03707,15,NO_BASKET_COVERAGE,phase11-v1
PRIMARY,VAYU-RI-PRIMARY,ROUND::2026-09-07T20:15,2026-09-07 20:15,8,False,DEL-GAU,13,0.036519,OBSERVED,0,0,False,OBSERVED_BUT_NO_MATCHED_PAIR,,,0.036519,15,NO_BASKET_COVERAGE,phase11-v1
PRIMARY,VAYU-RI-PRIMARY,ROUND::2026-09-07T20:15,2026-09-07 20:15,8,False,BLR-COK,14,0.03525,OBSERVED,0,0,False,OBSERVED_BUT_NO_MATCHED_PAIR,,,0.03525,15,NO_BASKET_COVERAGE,phase11-v1
PRIMARY,VAYU-RI-PRIMARY,ROUND::2026-09-07T20:15,2026-09-07 20:15,8,False,DEL-IDR,15,0.02194,OBSERVED,0,0,False,OBSERVED_BUT_NO_MATCHED_PAIR,,,0.02194,15,NO_BASKET_COVERAGE,phase11-v1
PRIMARY,VAYU-RI-PRIMARY,ROUND::2026-09-08T09:00,2026-09-08 09:00,9,False,BOM-DEL,1,0.162603,OBSERVED,1,0,False,OBSERVED_BUT_NO_MATCHED_PAIR,,,0.162603,15,NO_BASKET_COVERAGE,phase11-v1
PRIMARY,VAYU-RI-PRIMARY,ROUND::2026-09-08T09:00,2026-09-08 09:00,9,False,BLR-DEL,2,0.111103,OBSERVED,0,0,False,OBSERVED_BUT_NO_MATCHED_PAIR,,,0.111103,15,NO_BASKET_COVERAGE,phase11-v1
PRIMARY,VAYU-RI-PRIMARY,ROUND::2026-09-08T09:00,2026-09-08 09:00,9,False,BLR-BOM,3,0.097658,OBSERVED,0,0,False,OBSERVED_BUT_NO_MATCHED_PAIR,,,0.097658,15,NO_BASKET_COVERAGE,phase11-v1
PRIMARY,VAYU-RI-PRIMARY,ROUND::2026-09-08T09:00,2026-09-08 09:00,9,False,DEL-HYD,4,0.078228,OBSERVED,0,0,False,OBSERVED_BUT_NO_MATCHED_PAIR,,,0.078228,15,NO_BASKET_COVERAGE,phase11-v1
PRIMARY,VAYU-RI-PRIMARY,ROUND::2026-09-08T09:00,2026-09-08 09:00,9,False,DEL-PNQ,5,0.069402,OBSERVED,0,0,False,OBSERVED_BUT_NO_MATCHED_PAIR,,,0.069402,15,NO_BASKET_COVERAGE,phase11-v1
PRIMARY,VAYU-RI-PRIMARY,ROUND::2026-09-08T09:00,2026-09-08 09:00,9,False,CCU-DEL,6,0.065754,OBSERVED,0,0,False,OBSERVED_BUT_NO_MATCHED_PAIR,,,0.065754,15,NO_BASKET_COVERAGE,phase11-v1
PRIMARY,VAYU-RI-PRIMARY,ROUND::2026-09-08T09:00,2026-09-08 09:00,9,False,AMD-DEL,7,0.060216,OBSERVED,0,0,False,OBSERVED_BUT_NO_MATCHED_PAIR,,,0.060216,15,NO_BASKET_COVERAGE,phase11-v1
PRIMARY,VAYU-RI-PRIMARY,ROUND::2026-09-08T09:00,2026-09-08 09:00,9,False,DEL-MAA,8,0.058216,OBSERVED,0,0,False,OBSERVED_BUT_NO_MATCHED_PAIR,,,0.058216,15,NO_BASKET_COVERAGE,phase11-v1
PRIMARY,VAYU-RI-PRIMARY,ROUND::2026-09-08T09:00,2026-09-08 09:00,9,False,BOM-HYD,9,0.055855,OBSERVED,0,0,False,OBSERVED_BUT_NO_MATCHED_PAIR,,,0.055855,15,NO_BASKET_COVERAGE,phase11-v1
PRIMARY,VAYU-RI-PRIMARY,ROUND::2026-09-08T09:00,2026-09-08 09:00,9,False,BLR-CCU,10,0.05523,OBSERVED,0,0,False,OBSERVED_BUT_NO_MATCHED_PAIR,,,0.05523,15,NO_BASKET_COVERAGE,phase11-v1
PRIMARY,VAYU-RI-PRIMARY,ROUND::2026-09-08T09:00,2026-09-08 09:00,9,False,DEL-SXR,11,0.054956,OBSERVED,0,0,False,OBSERVED_BUT_NO_MATCHED_PAIR,,,0.054956,15,NO_BASKET_COVERAGE,phase11-v1
PRIMARY,VAYU-RI-PRIMARY,ROUND::2026-09-08T09:00,2026-09-08 09:00,9,False,DEL-GOI,12,0.03707,OBSERVED,1,0,False,OBSERVED_BUT_NO_MATCHED_PAIR,,,0.03707,15,NO_BASKET_COVERAGE,phase11-v1
PRIMARY,VAYU-RI-PRIMARY,ROUND::2026-09-08T09:00,2026-09-08 09:00,9,False,DEL-GAU,13,0.036519,OBSERVED,0,0,False,OBSERVED_BUT_NO_MATCHED_PAIR,,,0.036519,15,NO_BASKET_COVERAGE,phase11-v1
PRIMARY,VAYU-RI-PRIMARY,ROUND::2026-09-08T09:00,2026-09-08 09:00,9,False,BLR-COK,14,0.03525,OBSERVED,0,0,False,OBSERVED_BUT_NO_MATCHED_PAIR,,,0.03525,15,NO_BASKET_COVERAGE,phase11-v1
PRIMARY,VAYU-RI-PRIMARY,ROUND::2026-09-08T09:00,2026-09-08 09:00,9,False,DEL-IDR,15,0.02194,OBSERVED,0,0,False,OBSERVED_BUT_NO_MATCHED_PAIR,,,0.02194,15,NO_BASKET_COVERAGE,phase11-v1
PRIMARY,VAYU-RI-PRIMARY,ROUND::2026-09-08T20:15,2026-09-08 20:15,10,False,BOM-DEL,1,0.162603,OBSERVED,0,0,False,OBSERVED_BUT_NO_MATCHED_PAIR,,,0.162603,15,NO_BASKET_COVERAGE,phase11-v1
PRIMARY,VAYU-RI-PRIMARY,ROUND::2026-09-08T20:15,2026-09-08 20:15,10,False,BLR-DEL,2,0.111103,OBSERVED,0,0,False,OBSERVED_BUT_NO_MATCHED_PAIR,,,0.111103,15,NO_BASKET_COVERAGE,phase11-v1
PRIMARY,VAYU-RI-PRIMARY,ROUND::2026-09-08T20:15,2026-09-08 20:15,10,False,BLR-BOM,3,0.097658,OBSERVED,0,0,False,OBSERVED_BUT_NO_MATCHED_PAIR,,,0.097658,15,NO_BASKET_COVERAGE,phase11-v1
PRIMARY,VAYU-RI-PRIMARY,ROUND::2026-09-08T20:15,2026-09-08 20:15,10,False,DEL-HYD,4,0.078228,OBSERVED,0,0,False,OBSERVED_BUT_NO_MATCHED_PAIR,,,0.078228,15,NO_BASKET_COVERAGE,phase11-v1
PRIMARY,VAYU-RI-PRIMARY,ROUND::2026-09-08T20:15,2026-09-08 20:15,10,False,DEL-PNQ,5,0.069402,OBSERVED,0,0,False,OBSERVED_BUT_NO_MATCHED_PAIR,,,0.069402,15,NO_BASKET_COVERAGE,phase11-v1
PRIMARY,VAYU-RI-PRIMARY,ROUND::2026-09-08T20:15,2026-09-08 20:15,10,False,CCU-DEL,6,0.065754,OBSERVED,0,0,False,OBSERVED_BUT_NO_MATCHED_PAIR,,,0.065754,15,NO_BASKET_COVERAGE,phase11-v1
PRIMARY,VAYU-RI-PRIMARY,ROUND::2026-09-08T20:15,2026-09-08 20:15,10,False,AMD-DEL,7,0.060216,OBSERVED,0,0,False,OBSERVED_BUT_NO_MATCHED_PAIR,,,0.060216,15,NO_BASKET_COVERAGE,phase11-v1
PRIMARY,VAYU-RI-PRIMARY,ROUND::2026-09-08T20:15,2026-09-08 20:15,10,False,DEL-MAA,8,0.058216,OBSERVED,0,0,False,OBSERVED_BUT_NO_MATCHED_PAIR,,,0.058216,15,NO_BASKET_COVERAGE,phase11-v1
PRIMARY,VAYU-RI-PRIMARY,ROUND::2026-09-08T20:15,2026-09-08 20:15,10,False,BOM-HYD,9,0.055855,OBSERVED,0,0,False,OBSERVED_BUT_NO_MATCHED_PAIR,,,0.055855,15,NO_BASKET_COVERAGE,phase11-v1
PRIMARY,VAYU-RI-PRIMARY,ROUND::2026-09-08T20:15,2026-09-08 20:15,10,False,BLR-CCU,10,0.05523,OBSERVED,0,0,False,OBSERVED_BUT_NO_MATCHED_PAIR,,,0.05523,15,NO_BASKET_COVERAGE,phase11-v1
PRIMARY,VAYU-RI-PRIMARY,ROUND::2026-09-08T20:15,2026-09-08 20:15,10,False,DEL-SXR,11,0.054956,OBSERVED,0,0,False,OBSERVED_BUT_NO_MATCHED_PAIR,,,0.054956,15,NO_BASKET_COVERAGE,phase11-v1
PRIMARY,VAYU-RI-PRIMARY,ROUND::2026-09-08T20:15,2026-09-08 20:15,10,False,DEL-GOI,12,0.03707,OBSERVED,0,0,False,OBSERVED_BUT_NO_MATCHED_PAIR,,,0.03707,15,NO_BASKET_COVERAGE,phase11-v1
PRIMARY,VAYU-RI-PRIMARY,ROUND::2026-09-08T20:15,2026-09-08 20:15,10,False,DEL-GAU,13,0.036519,OBSERVED,1,0,False,OBSERVED_BUT_NO_MATCHED_PAIR,,,0.036519,15,NO_BASKET_COVERAGE,phase11-v1
PRIMARY,VAYU-RI-PRIMARY,ROUND::2026-09-08T20:15,2026-09-08 20:15,10,False,BLR-COK,14,0.03525,OBSERVED,0,0,False,OBSERVED_BUT_NO_MATCHED_PAIR,,,0.03525,15,NO_BASKET_COVERAGE,phase11-v1
PRIMARY,VAYU-RI-PRIMARY,ROUND::2026-09-08T20:15,2026-09-08 20:15,10,False,DEL-IDR,15,0.02194,OBSERVED,0,0,False,OBSERVED_BUT_NO_MATCHED_PAIR,,,0.02194,15,NO_BASKET_COVERAGE,phase11-v1
PRIMARY,VAYU-RI-PRIMARY,ROUND::2026-09-09T09:00,2026-09-09 09:00,11,False,BOM-DEL,1,0.162603,OBSERVED,0,0,False,OBSERVED_BUT_NO_MATCHED_PAIR,,,0.162603,15,NO_BASKET_COVERAGE,phase11-v1
PRIMARY,VAYU-RI-PRIMARY,ROUND::2026-09-09T09:00,2026-09-09 09:00,11,False,BLR-DEL,2,0.111103,OBSERVED,0,0,False,OBSERVED_BUT_NO_MATCHED_PAIR,,,0.111103,15,NO_BASKET_COVERAGE,phase11-v1
PRIMARY,VAYU-RI-PRIMARY,ROUND::2026-09-09T09:00,2026-09-09 09:00,11,False,BLR-BOM,3,0.097658,OBSERVED,0,0,False,OBSERVED_BUT_NO_MATCHED_PAIR,,,0.097658,15,NO_BASKET_COVERAGE,phase11-v1
PRIMARY,VAYU-RI-PRIMARY,ROUND::2026-09-09T09:00,2026-09-09 09:00,11,False,DEL-HYD,4,0.078228,OBSERVED,0,0,False,OBSERVED_BUT_NO_MATCHED_PAIR,,,0.078228,15,NO_BASKET_COVERAGE,phase11-v1
PRIMARY,VAYU-RI-PRIMARY,ROUND::2026-09-09T09:00,2026-09-09 09:00,11,False,DEL-PNQ,5,0.069402,OBSERVED,0,0,False,OBSERVED_BUT_NO_MATCHED_PAIR,,,0.069402,15,NO_BASKET_COVERAGE,phase11-v1
PRIMARY,VAYU-RI-PRIMARY,ROUND::2026-09-09T09:00,2026-09-09 09:00,11,False,CCU-DEL,6,0.065754,OBSERVED,0,0,False,OBSERVED_BUT_NO_MATCHED_PAIR,,,0.065754,15,NO_BASKET_COVERAGE,phase11-v1
PRIMARY,VAYU-RI-PRIMARY,ROUND::2026-09-09T09:00,2026-09-09 09:00,11,False,AMD-DEL,7,0.060216,OBSERVED,0,0,False,OBSERVED_BUT_NO_MATCHED_PAIR,,,0.060216,15,NO_BASKET_COVERAGE,phase11-v1
PRIMARY,VAYU-RI-PRIMARY,ROUND::2026-09-09T09:00,2026-09-09 09:00,11,False,DEL-MAA,8,0.058216,OBSERVED,1,0,False,OBSERVED_BUT_NO_MATCHED_PAIR,,,0.058216,15,NO_BASKET_COVERAGE,phase11-v1
PRIMARY,VAYU-RI-PRIMARY,ROUND::2026-09-09T09:00,2026-09-09 09:00,11,False,BOM-HYD,9,0.055855,OBSERVED,0,0,False,OBSERVED_BUT_NO_MATCHED_PAIR,,,0.055855,15,NO_BASKET_COVERAGE,phase11-v1
PRIMARY,VAYU-RI-PRIMARY,ROUND::2026-09-09T09:00,2026-09-09 09:00,11,False,BLR-CCU,10,0.05523,OBSERVED,0,0,False,OBSERVED_BUT_NO_MATCHED_PAIR,,,0.05523,15,NO_BASKET_COVERAGE,phase11-v1
PRIMARY,VAYU-RI-PRIMARY,ROUND::2026-09-09T09:00,2026-09-09 09:00,11,False,DEL-SXR,11,0.054956,OBSERVED,0,0,False,OBSERVED_BUT_NO_MATCHED_PAIR,,,0.054956,15,NO_BASKET_COVERAGE,phase11-v1
PRIMARY,VAYU-RI-PRIMARY,ROUND::2026-09-09T09:00,2026-09-09 09:00,11,False,DEL-GOI,12,0.03707,OBSERVED,0,0,False,OBSERVED_BUT_NO_MATCHED_PAIR,,,0.03707,15,NO_BASKET_COVERAGE,phase11-v1
PRIMARY,VAYU-RI-PRIMARY,ROUND::2026-09-09T09:00,2026-09-09 09:00,11,False,DEL-GAU,13,0.036519,OBSERVED,0,0,False,OBSERVED_BUT_NO_MATCHED_PAIR,,,0.036519,15,NO_BASKET_COVERAGE,phase11-v1
PRIMARY,VAYU-RI-PRIMARY,ROUND::2026-09-09T09:00,2026-09-09 09:00,11,False,BLR-COK,14,0.03525,OBSERVED,0,0,False,OBSERVED_BUT_NO_MATCHED_PAIR,,,0.03525,15,NO_BASKET_COVERAGE,phase11-v1
PRIMARY,VAYU-RI-PRIMARY,ROUND::2026-09-09T09:00,2026-09-09 09:00,11,False,DEL-IDR,15,0.02194,OBSERVED,0,0,False,OBSERVED_BUT_NO_MATCHED_PAIR,,,0.02194,15,NO_BASKET_COVERAGE,phase11-v1
PRIMARY,VAYU-RI-PRIMARY,ROUND::2026-09-09T14:30,2026-09-09 14:30,12,False,BOM-DEL,1,0.162603,OBSERVED,1,0,False,OBSERVED_BUT_NO_MATCHED_PAIR,,,0.162603,15,NO_BASKET_COVERAGE,phase11-v1
PRIMARY,VAYU-RI-PRIMARY,ROUND::2026-09-09T14:30,2026-09-09 14:30,12,False,BLR-DEL,2,0.111103,OBSERVED,0,0,False,OBSERVED_BUT_NO_MATCHED_PAIR,,,0.111103,15,NO_BASKET_COVERAGE,phase11-v1
PRIMARY,VAYU-RI-PRIMARY,ROUND::2026-09-09T14:30,2026-09-09 14:30,12,False,BLR-BOM,3,0.097658,OBSERVED,0,0,False,OBSERVED_BUT_NO_MATCHED_PAIR,,,0.097658,15,NO_BASKET_COVERAGE,phase11-v1
PRIMARY,VAYU-RI-PRIMARY,ROUND::2026-09-09T14:30,2026-09-09 14:30,12,False,DEL-HYD,4,0.078228,OBSERVED,0,0,False,OBSERVED_BUT_NO_MATCHED_PAIR,,,0.078228,15,NO_BASKET_COVERAGE,phase11-v1
PRIMARY,VAYU-RI-PRIMARY,ROUND::2026-09-09T14:30,2026-09-09 14:30,12,False,DEL-PNQ,5,0.069402,OBSERVED,0,0,False,OBSERVED_BUT_NO_MATCHED_PAIR,,,0.069402,15,NO_BASKET_COVERAGE,phase11-v1
PRIMARY,VAYU-RI-PRIMARY,ROUND::2026-09-09T14:30,2026-09-09 14:30,12,False,CCU-DEL,6,0.065754,OBSERVED,0,0,False,OBSERVED_BUT_NO_MATCHED_PAIR,,,0.065754,15,NO_BASKET_COVERAGE,phase11-v1
PRIMARY,VAYU-RI-PRIMARY,ROUND::2026-09-09T14:30,2026-09-09 14:30,12,False,AMD-DEL,7,0.060216,OBSERVED,0,0,False,OBSERVED_BUT_NO_MATCHED_PAIR,,,0.060216,15,NO_BASKET_COVERAGE,phase11-v1
PRIMARY,VAYU-RI-PRIMARY,ROUND::2026-09-09T14:30,2026-09-09 14:30,12,False,DEL-MAA,8,0.058216,OBSERVED,0,0,False,OBSERVED_BUT_NO_MATCHED_PAIR,,,0.058216,15,NO_BASKET_COVERAGE,phase11-v1
PRIMARY,VAYU-RI-PRIMARY,ROUND::2026-09-09T14:30,2026-09-09 14:30,12,False,BOM-HYD,9,0.055855,OBSERVED,0,0,False,OBSERVED_BUT_NO_MATCHED_PAIR,,,0.055855,15,NO_BASKET_COVERAGE,phase11-v1
PRIMARY,VAYU-RI-PRIMARY,ROUND::2026-09-09T14:30,2026-09-09 14:30,12,False,BLR-CCU,10,0.05523,OBSERVED,0,0,False,OBSERVED_BUT_NO_MATCHED_PAIR,,,0.05523,15,NO_BASKET_COVERAGE,phase11-v1
PRIMARY,VAYU-RI-PRIMARY,ROUND::2026-09-09T14:30,2026-09-09 14:30,12,False,DEL-SXR,11,0.054956,OBSERVED,0,0,False,OBSERVED_BUT_NO_MATCHED_PAIR,,,0.054956,15,NO_BASKET_COVERAGE,phase11-v1
PRIMARY,VAYU-RI-PRIMARY,ROUND::2026-09-09T14:30,2026-09-09 14:30,12,False,DEL-GOI,12,0.03707,OBSERVED,0,0,False,OBSERVED_BUT_NO_MATCHED_PAIR,,,0.03707,15,NO_BASKET_COVERAGE,phase11-v1
PRIMARY,VAYU-RI-PRIMARY,ROUND::2026-09-09T14:30,2026-09-09 14:30,12,False,DEL-GAU,13,0.036519,OBSERVED,0,0,False,OBSERVED_BUT_NO_MATCHED_PAIR,,,0.036519,15,NO_BASKET_COVERAGE,phase11-v1
PRIMARY,VAYU-RI-PRIMARY,ROUND::2026-09-09T14:30,2026-09-09 14:30,12,False,BLR-COK,14,0.03525,OBSERVED,0,0,False,OBSERVED_BUT_NO_MATCHED_PAIR,,,0.03525,15,NO_BASKET_COVERAGE,phase11-v1
PRIMARY,VAYU-RI-PRIMARY,ROUND::2026-09-09T14:30,2026-09-09 14:30,12,False,DEL-IDR,15,0.02194,OBSERVED,0,0,False,OBSERVED_BUT_NO_MATCHED_PAIR,,,0.02194,15,NO_BASKET_COVERAGE,phase11-v1
PRIMARY,VAYU-RI-PRIMARY,ROUND::2026-09-09T20:15,2026-09-09 20:15,13,False,BOM-DEL,1,0.162603,OBSERVED,0,0,False,OBSERVED_BUT_NO_MATCHED_PAIR,,,0.162603,15,NO_BASKET_COVERAGE,phase11-v1
PRIMARY,VAYU-RI-PRIMARY,ROUND::2026-09-09T20:15,2026-09-09 20:15,13,False,BLR-DEL,2,0.111103,OBSERVED,0,0,False,OBSERVED_BUT_NO_MATCHED_PAIR,,,0.111103,15,NO_BASKET_COVERAGE,phase11-v1
PRIMARY,VAYU-RI-PRIMARY,ROUND::2026-09-09T20:15,2026-09-09 20:15,13,False,BLR-BOM,3,0.097658,OBSERVED,0,0,False,OBSERVED_BUT_NO_MATCHED_PAIR,,,0.097658,15,NO_BASKET_COVERAGE,phase11-v1
PRIMARY,VAYU-RI-PRIMARY,ROUND::2026-09-09T20:15,2026-09-09 20:15,13,False,DEL-HYD,4,0.078228,OBSERVED,0,0,False,OBSERVED_BUT_NO_MATCHED_PAIR,,,0.078228,15,NO_BASKET_COVERAGE,phase11-v1
PRIMARY,VAYU-RI-PRIMARY,ROUND::2026-09-09T20:15,2026-09-09 20:15,13,False,DEL-PNQ,5,0.069402,OBSERVED,0,0,False,OBSERVED_BUT_NO_MATCHED_PAIR,,,0.069402,15,NO_BASKET_COVERAGE,phase11-v1
PRIMARY,VAYU-RI-PRIMARY,ROUND::2026-09-09T20:15,2026-09-09 20:15,13,False,CCU-DEL,6,0.065754,OBSERVED,0,0,False,OBSERVED_BUT_NO_MATCHED_PAIR,,,0.065754,15,NO_BASKET_COVERAGE,phase11-v1
PRIMARY,VAYU-RI-PRIMARY,ROUND::2026-09-09T20:15,2026-09-09 20:15,13,False,AMD-DEL,7,0.060216,OBSERVED,0,0,False,OBSERVED_BUT_NO_MATCHED_PAIR,,,0.060216,15,NO_BASKET_COVERAGE,phase11-v1
PRIMARY,VAYU-RI-PRIMARY,ROUND::2026-09-09T20:15,2026-09-09 20:15,13,False,DEL-MAA,8,0.058216,OBSERVED,0,0,False,OBSERVED_BUT_NO_MATCHED_PAIR,,,0.058216,15,NO_BASKET_COVERAGE,phase11-v1
PRIMARY,VAYU-RI-PRIMARY,ROUND::2026-09-09T20:15,2026-09-09 20:15,13,False,BOM-HYD,9,0.055855,OBSERVED,0,0,False,OBSERVED_BUT_NO_MATCHED_PAIR,,,0.055855,15,NO_BASKET_COVERAGE,phase11-v1
PRIMARY,VAYU-RI-PRIMARY,ROUND::2026-09-09T20:15,2026-09-09 20:15,13,False,BLR-CCU,10,0.05523,OBSERVED,0,0,False,OBSERVED_BUT_NO_MATCHED_PAIR,,,0.05523,15,NO_BASKET_COVERAGE,phase11-v1
PRIMARY,VAYU-RI-PRIMARY,ROUND::2026-09-09T20:15,2026-09-09 20:15,13,False,DEL-SXR,11,0.054956,OBSERVED,0,0,False,OBSERVED_BUT_NO_MATCHED_PAIR,,,0.054956,15,NO_BASKET_COVERAGE,phase11-v1
PRIMARY,VAYU-RI-PRIMARY,ROUND::2026-09-09T20:15,2026-09-09 20:15,13,False,DEL-GOI,12,0.03707,OBSERVED,1,0,False,OBSERVED_BUT_NO_MATCHED_PAIR,,,0.03707,15,NO_BASKET_COVERAGE,phase11-v1
PRIMARY,VAYU-RI-PRIMARY,ROUND::2026-09-09T20:15,2026-09-09 20:15,13,False,DEL-GAU,13,0.036519,OBSERVED,0,0,False,OBSERVED_BUT_NO_MATCHED_PAIR,,,0.036519,15,NO_BASKET_COVERAGE,phase11-v1
PRIMARY,VAYU-RI-PRIMARY,ROUND::2026-09-09T20:15,2026-09-09 20:15,13,False,BLR-COK,14,0.03525,OBSERVED,0,0,False,OBSERVED_BUT_NO_MATCHED_PAIR,,,0.03525,15,NO_BASKET_COVERAGE,phase11-v1
PRIMARY,VAYU-RI-PRIMARY,ROUND::2026-09-09T20:15,2026-09-09 20:15,13,False,DEL-IDR,15,0.02194,OBSERVED,0,0,False,OBSERVED_BUT_NO_MATCHED_PAIR,,,0.02194,15,NO_BASKET_COVERAGE,phase11-v1
EXCL_REVIEW_HIGH,VAYU-RI-EXCL-REVIEW-HIGH,ROUND::2026-09-05T09:00,2026-09-05 09:00,0,True,BOM-DEL,1,0.162603,OBSERVED,11,0,True,CONTRIBUTED_TO_INDEX,0.162603000000,0.162603,,15,FULL_BASKET_COVERAGE,phase11-v1
EXCL_REVIEW_HIGH,VAYU-RI-EXCL-REVIEW-HIGH,ROUND::2026-09-05T09:00,2026-09-05 09:00,0,True,BLR-DEL,2,0.111103,OBSERVED,14,0,True,CONTRIBUTED_TO_INDEX,0.111103000000,0.111103,,15,FULL_BASKET_COVERAGE,phase11-v1
EXCL_REVIEW_HIGH,VAYU-RI-EXCL-REVIEW-HIGH,ROUND::2026-09-05T09:00,2026-09-05 09:00,0,True,BLR-BOM,3,0.097658,OBSERVED,11,0,True,CONTRIBUTED_TO_INDEX,0.097658000000,0.097658,,15,FULL_BASKET_COVERAGE,phase11-v1
EXCL_REVIEW_HIGH,VAYU-RI-EXCL-REVIEW-HIGH,ROUND::2026-09-05T09:00,2026-09-05 09:00,0,True,DEL-HYD,4,0.078228,OBSERVED,12,0,True,CONTRIBUTED_TO_INDEX,0.078228000000,0.078228,,15,FULL_BASKET_COVERAGE,phase11-v1
EXCL_REVIEW_HIGH,VAYU-RI-EXCL-REVIEW-HIGH,ROUND::2026-09-05T09:00,2026-09-05 09:00,0,True,DEL-PNQ,5,0.069402,OBSERVED,15,0,True,CONTRIBUTED_TO_INDEX,0.069402000000,0.069402,,15,FULL_BASKET_COVERAGE,phase11-v1
EXCL_REVIEW_HIGH,VAYU-RI-EXCL-REVIEW-HIGH,ROUND::2026-09-05T09:00,2026-09-05 09:00,0,True,CCU-DEL,6,0.065754,OBSERVED,14,0,True,CONTRIBUTED_TO_INDEX,0.065754000000,0.065754,,15,FULL_BASKET_COVERAGE,phase11-v1
EXCL_REVIEW_HIGH,VAYU-RI-EXCL-REVIEW-HIGH,ROUND::2026-09-05T09:00,2026-09-05 09:00,0,True,AMD-DEL,7,0.060216,OBSERVED,15,0,True,CONTRIBUTED_TO_INDEX,0.060216000000,0.060216,,15,FULL_BASKET_COVERAGE,phase11-v1
EXCL_REVIEW_HIGH,VAYU-RI-EXCL-REVIEW-HIGH,ROUND::2026-09-05T09:00,2026-09-05 09:00,0,True,DEL-MAA,8,0.058216,OBSERVED,14,0,True,CONTRIBUTED_TO_INDEX,0.058216000000,0.058216,,15,FULL_BASKET_COVERAGE,phase11-v1
EXCL_REVIEW_HIGH,VAYU-RI-EXCL-REVIEW-HIGH,ROUND::2026-09-05T09:00,2026-09-05 09:00,0,True,BOM-HYD,9,0.055855,OBSERVED,15,0,True,CONTRIBUTED_TO_INDEX,0.055855000000,0.055855,,15,FULL_BASKET_COVERAGE,phase11-v1
EXCL_REVIEW_HIGH,VAYU-RI-EXCL-REVIEW-HIGH,ROUND::2026-09-05T09:00,2026-09-05 09:00,0,True,BLR-CCU,10,0.05523,OBSERVED,13,0,True,CONTRIBUTED_TO_INDEX,0.055230000000,0.05523,,15,FULL_BASKET_COVERAGE,phase11-v1
EXCL_REVIEW_HIGH,VAYU-RI-EXCL-REVIEW-HIGH,ROUND::2026-09-05T09:00,2026-09-05 09:00,0,True,DEL-SXR,11,0.054956,OBSERVED,10,0,True,CONTRIBUTED_TO_INDEX,0.054956000000,0.054956,,15,FULL_BASKET_COVERAGE,phase11-v1
EXCL_REVIEW_HIGH,VAYU-RI-EXCL-REVIEW-HIGH,ROUND::2026-09-05T09:00,2026-09-05 09:00,0,True,DEL-GOI,12,0.03707,OBSERVED,14,0,True,CONTRIBUTED_TO_INDEX,0.037070000000,0.03707,,15,FULL_BASKET_COVERAGE,phase11-v1
EXCL_REVIEW_HIGH,VAYU-RI-EXCL-REVIEW-HIGH,ROUND::2026-09-05T09:00,2026-09-05 09:00,0,True,DEL-GAU,13,0.036519,OBSERVED,12,0,True,CONTRIBUTED_TO_INDEX,0.036519000000,0.036519,,15,FULL_BASKET_COVERAGE,phase11-v1
EXCL_REVIEW_HIGH,VAYU-RI-EXCL-REVIEW-HIGH,ROUND::2026-09-05T09:00,2026-09-05 09:00,0,True,BLR-COK,14,0.03525,OBSERVED,13,0,True,CONTRIBUTED_TO_INDEX,0.035250000000,0.03525,,15,FULL_BASKET_COVERAGE,phase11-v1
EXCL_REVIEW_HIGH,VAYU-RI-EXCL-REVIEW-HIGH,ROUND::2026-09-05T09:00,2026-09-05 09:00,0,True,DEL-IDR,15,0.02194,OBSERVED,12,0,True,CONTRIBUTED_TO_INDEX,0.021940000000,0.02194,,15,FULL_BASKET_COVERAGE,phase11-v1
EXCL_REVIEW_HIGH,VAYU-RI-EXCL-REVIEW-HIGH,ROUND::2026-09-05T14:30,2026-09-05 14:30,1,False,BOM-DEL,1,0.162603,OBSERVED,11,7,True,CONTRIBUTED_TO_INDEX,0.162603000000,0.162603,,15,FULL_BASKET_COVERAGE,phase11-v1
EXCL_REVIEW_HIGH,VAYU-RI-EXCL-REVIEW-HIGH,ROUND::2026-09-05T14:30,2026-09-05 14:30,1,False,BLR-DEL,2,0.111103,OBSERVED,14,13,True,CONTRIBUTED_TO_INDEX,0.111103000000,0.111103,,15,FULL_BASKET_COVERAGE,phase11-v1
EXCL_REVIEW_HIGH,VAYU-RI-EXCL-REVIEW-HIGH,ROUND::2026-09-05T14:30,2026-09-05 14:30,1,False,BLR-BOM,3,0.097658,OBSERVED,12,8,True,CONTRIBUTED_TO_INDEX,0.097658000000,0.097658,,15,FULL_BASKET_COVERAGE,phase11-v1
EXCL_REVIEW_HIGH,VAYU-RI-EXCL-REVIEW-HIGH,ROUND::2026-09-05T14:30,2026-09-05 14:30,1,False,DEL-HYD,4,0.078228,OBSERVED,11,8,True,CONTRIBUTED_TO_INDEX,0.078228000000,0.078228,,15,FULL_BASKET_COVERAGE,phase11-v1
EXCL_REVIEW_HIGH,VAYU-RI-EXCL-REVIEW-HIGH,ROUND::2026-09-05T14:30,2026-09-05 14:30,1,False,DEL-PNQ,5,0.069402,OBSERVED,13,13,True,CONTRIBUTED_TO_INDEX,0.069402000000,0.069402,,15,FULL_BASKET_COVERAGE,phase11-v1
EXCL_REVIEW_HIGH,VAYU-RI-EXCL-REVIEW-HIGH,ROUND::2026-09-05T14:30,2026-09-05 14:30,1,False,CCU-DEL,6,0.065754,OBSERVED,11,10,True,CONTRIBUTED_TO_INDEX,0.065754000000,0.065754,,15,FULL_BASKET_COVERAGE,phase11-v1
EXCL_REVIEW_HIGH,VAYU-RI-EXCL-REVIEW-HIGH,ROUND::2026-09-05T14:30,2026-09-05 14:30,1,False,AMD-DEL,7,0.060216,OBSERVED,13,13,True,CONTRIBUTED_TO_INDEX,0.060216000000,0.060216,,15,FULL_BASKET_COVERAGE,phase11-v1
EXCL_REVIEW_HIGH,VAYU-RI-EXCL-REVIEW-HIGH,ROUND::2026-09-05T14:30,2026-09-05 14:30,1,False,DEL-MAA,8,0.058216,OBSERVED,13,12,True,CONTRIBUTED_TO_INDEX,0.058216000000,0.058216,,15,FULL_BASKET_COVERAGE,phase11-v1
EXCL_REVIEW_HIGH,VAYU-RI-EXCL-REVIEW-HIGH,ROUND::2026-09-05T14:30,2026-09-05 14:30,1,False,BOM-HYD,9,0.055855,OBSERVED,12,12,True,CONTRIBUTED_TO_INDEX,0.055855000000,0.055855,,15,FULL_BASKET_COVERAGE,phase11-v1
EXCL_REVIEW_HIGH,VAYU-RI-EXCL-REVIEW-HIGH,ROUND::2026-09-05T14:30,2026-09-05 14:30,1,False,BLR-CCU,10,0.05523,OBSERVED,14,12,True,CONTRIBUTED_TO_INDEX,0.055230000000,0.05523,,15,FULL_BASKET_COVERAGE,phase11-v1
EXCL_REVIEW_HIGH,VAYU-RI-EXCL-REVIEW-HIGH,ROUND::2026-09-05T14:30,2026-09-05 14:30,1,False,DEL-SXR,11,0.054956,OBSERVED,13,9,True,CONTRIBUTED_TO_INDEX,0.054956000000,0.054956,,15,FULL_BASKET_COVERAGE,phase11-v1
EXCL_REVIEW_HIGH,VAYU-RI-EXCL-REVIEW-HIGH,ROUND::2026-09-05T14:30,2026-09-05 14:30,1,False,DEL-GOI,12,0.03707,OBSERVED,13,12,True,CONTRIBUTED_TO_INDEX,0.037070000000,0.03707,,15,FULL_BASKET_COVERAGE,phase11-v1
EXCL_REVIEW_HIGH,VAYU-RI-EXCL-REVIEW-HIGH,ROUND::2026-09-05T14:30,2026-09-05 14:30,1,False,DEL-GAU,13,0.036519,OBSERVED,14,11,True,CONTRIBUTED_TO_INDEX,0.036519000000,0.036519,,15,FULL_BASKET_COVERAGE,phase11-v1
EXCL_REVIEW_HIGH,VAYU-RI-EXCL-REVIEW-HIGH,ROUND::2026-09-05T14:30,2026-09-05 14:30,1,False,BLR-COK,14,0.03525,OBSERVED,14,12,True,CONTRIBUTED_TO_INDEX,0.035250000000,0.03525,,15,FULL_BASKET_COVERAGE,phase11-v1
EXCL_REVIEW_HIGH,VAYU-RI-EXCL-REVIEW-HIGH,ROUND::2026-09-05T14:30,2026-09-05 14:30,1,False,DEL-IDR,15,0.02194,OBSERVED,12,10,True,CONTRIBUTED_TO_INDEX,0.021940000000,0.02194,,15,FULL_BASKET_COVERAGE,phase11-v1
EXCL_REVIEW_HIGH,VAYU-RI-EXCL-REVIEW-HIGH,ROUND::2026-09-05T20:15,2026-09-05 20:15,2,False,BOM-DEL,1,0.162603,OBSERVED,13,9,True,CONTRIBUTED_TO_INDEX,0.162603000000,0.162603,,15,FULL_BASKET_COVERAGE,phase11-v1
EXCL_REVIEW_HIGH,VAYU-RI-EXCL-REVIEW-HIGH,ROUND::2026-09-05T20:15,2026-09-05 20:15,2,False,BLR-DEL,2,0.111103,OBSERVED,15,14,True,CONTRIBUTED_TO_INDEX,0.111103000000,0.111103,,15,FULL_BASKET_COVERAGE,phase11-v1
EXCL_REVIEW_HIGH,VAYU-RI-EXCL-REVIEW-HIGH,ROUND::2026-09-05T20:15,2026-09-05 20:15,2,False,BLR-BOM,3,0.097658,OBSERVED,14,11,True,CONTRIBUTED_TO_INDEX,0.097658000000,0.097658,,15,FULL_BASKET_COVERAGE,phase11-v1
EXCL_REVIEW_HIGH,VAYU-RI-EXCL-REVIEW-HIGH,ROUND::2026-09-05T20:15,2026-09-05 20:15,2,False,DEL-HYD,4,0.078228,OBSERVED,13,9,True,CONTRIBUTED_TO_INDEX,0.078228000000,0.078228,,15,FULL_BASKET_COVERAGE,phase11-v1
EXCL_REVIEW_HIGH,VAYU-RI-EXCL-REVIEW-HIGH,ROUND::2026-09-05T20:15,2026-09-05 20:15,2,False,DEL-PNQ,5,0.069402,OBSERVED,15,13,True,CONTRIBUTED_TO_INDEX,0.069402000000,0.069402,,15,FULL_BASKET_COVERAGE,phase11-v1
EXCL_REVIEW_HIGH,VAYU-RI-EXCL-REVIEW-HIGH,ROUND::2026-09-05T20:15,2026-09-05 20:15,2,False,CCU-DEL,6,0.065754,OBSERVED,13,9,True,CONTRIBUTED_TO_INDEX,0.065754000000,0.065754,,15,FULL_BASKET_COVERAGE,phase11-v1
EXCL_REVIEW_HIGH,VAYU-RI-EXCL-REVIEW-HIGH,ROUND::2026-09-05T20:15,2026-09-05 20:15,2,False,AMD-DEL,7,0.060216,OBSERVED,15,13,True,CONTRIBUTED_TO_INDEX,0.060216000000,0.060216,,15,FULL_BASKET_COVERAGE,phase11-v1
EXCL_REVIEW_HIGH,VAYU-RI-EXCL-REVIEW-HIGH,ROUND::2026-09-05T20:15,2026-09-05 20:15,2,False,DEL-MAA,8,0.058216,OBSERVED,13,11,True,CONTRIBUTED_TO_INDEX,0.058216000000,0.058216,,15,FULL_BASKET_COVERAGE,phase11-v1
EXCL_REVIEW_HIGH,VAYU-RI-EXCL-REVIEW-HIGH,ROUND::2026-09-05T20:15,2026-09-05 20:15,2,False,BOM-HYD,9,0.055855,OBSERVED,12,9,True,CONTRIBUTED_TO_INDEX,0.055855000000,0.055855,,15,FULL_BASKET_COVERAGE,phase11-v1
EXCL_REVIEW_HIGH,VAYU-RI-EXCL-REVIEW-HIGH,ROUND::2026-09-05T20:15,2026-09-05 20:15,2,False,BLR-CCU,10,0.05523,OBSERVED,11,10,True,CONTRIBUTED_TO_INDEX,0.055230000000,0.05523,,15,FULL_BASKET_COVERAGE,phase11-v1
EXCL_REVIEW_HIGH,VAYU-RI-EXCL-REVIEW-HIGH,ROUND::2026-09-05T20:15,2026-09-05 20:15,2,False,DEL-SXR,11,0.054956,OBSERVED,14,12,True,CONTRIBUTED_TO_INDEX,0.054956000000,0.054956,,15,FULL_BASKET_COVERAGE,phase11-v1
EXCL_REVIEW_HIGH,VAYU-RI-EXCL-REVIEW-HIGH,ROUND::2026-09-05T20:15,2026-09-05 20:15,2,False,DEL-GOI,12,0.03707,OBSERVED,12,11,True,CONTRIBUTED_TO_INDEX,0.037070000000,0.03707,,15,FULL_BASKET_COVERAGE,phase11-v1
EXCL_REVIEW_HIGH,VAYU-RI-EXCL-REVIEW-HIGH,ROUND::2026-09-05T20:15,2026-09-05 20:15,2,False,DEL-GAU,13,0.036519,OBSERVED,13,12,True,CONTRIBUTED_TO_INDEX,0.036519000000,0.036519,,15,FULL_BASKET_COVERAGE,phase11-v1
EXCL_REVIEW_HIGH,VAYU-RI-EXCL-REVIEW-HIGH,ROUND::2026-09-05T20:15,2026-09-05 20:15,2,False,BLR-COK,14,0.03525,OBSERVED,13,12,True,CONTRIBUTED_TO_INDEX,0.035250000000,0.03525,,15,FULL_BASKET_COVERAGE,phase11-v1
EXCL_REVIEW_HIGH,VAYU-RI-EXCL-REVIEW-HIGH,ROUND::2026-09-05T20:15,2026-09-05 20:15,2,False,DEL-IDR,15,0.02194,OBSERVED,13,11,True,CONTRIBUTED_TO_INDEX,0.021940000000,0.02194,,15,FULL_BASKET_COVERAGE,phase11-v1
EXCL_REVIEW_HIGH,VAYU-RI-EXCL-REVIEW-HIGH,ROUND::2026-09-06T09:00,2026-09-06 09:00,3,False,BOM-DEL,1,0.162603,OBSERVED,13,11,True,CONTRIBUTED_TO_INDEX,0.162603000000,0.162603,,15,FULL_BASKET_COVERAGE,phase11-v1
EXCL_REVIEW_HIGH,VAYU-RI-EXCL-REVIEW-HIGH,ROUND::2026-09-06T09:00,2026-09-06 09:00,3,False,BLR-DEL,2,0.111103,OBSERVED,13,13,True,CONTRIBUTED_TO_INDEX,0.111103000000,0.111103,,15,FULL_BASKET_COVERAGE,phase11-v1
EXCL_REVIEW_HIGH,VAYU-RI-EXCL-REVIEW-HIGH,ROUND::2026-09-06T09:00,2026-09-06 09:00,3,False,BLR-BOM,3,0.097658,OBSERVED,14,13,True,CONTRIBUTED_TO_INDEX,0.097658000000,0.097658,,15,FULL_BASKET_COVERAGE,phase11-v1
EXCL_REVIEW_HIGH,VAYU-RI-EXCL-REVIEW-HIGH,ROUND::2026-09-06T09:00,2026-09-06 09:00,3,False,DEL-HYD,4,0.078228,OBSERVED,15,13,True,CONTRIBUTED_TO_INDEX,0.078228000000,0.078228,,15,FULL_BASKET_COVERAGE,phase11-v1
EXCL_REVIEW_HIGH,VAYU-RI-EXCL-REVIEW-HIGH,ROUND::2026-09-06T09:00,2026-09-06 09:00,3,False,DEL-PNQ,5,0.069402,OBSERVED,12,12,True,CONTRIBUTED_TO_INDEX,0.069402000000,0.069402,,15,FULL_BASKET_COVERAGE,phase11-v1
EXCL_REVIEW_HIGH,VAYU-RI-EXCL-REVIEW-HIGH,ROUND::2026-09-06T09:00,2026-09-06 09:00,3,False,CCU-DEL,6,0.065754,OBSERVED,13,12,True,CONTRIBUTED_TO_INDEX,0.065754000000,0.065754,,15,FULL_BASKET_COVERAGE,phase11-v1
EXCL_REVIEW_HIGH,VAYU-RI-EXCL-REVIEW-HIGH,ROUND::2026-09-06T09:00,2026-09-06 09:00,3,False,AMD-DEL,7,0.060216,OBSERVED,13,13,True,CONTRIBUTED_TO_INDEX,0.060216000000,0.060216,,15,FULL_BASKET_COVERAGE,phase11-v1
EXCL_REVIEW_HIGH,VAYU-RI-EXCL-REVIEW-HIGH,ROUND::2026-09-06T09:00,2026-09-06 09:00,3,False,DEL-MAA,8,0.058216,OBSERVED,13,11,True,CONTRIBUTED_TO_INDEX,0.058216000000,0.058216,,15,FULL_BASKET_COVERAGE,phase11-v1
EXCL_REVIEW_HIGH,VAYU-RI-EXCL-REVIEW-HIGH,ROUND::2026-09-06T09:00,2026-09-06 09:00,3,False,BOM-HYD,9,0.055855,OBSERVED,14,11,True,CONTRIBUTED_TO_INDEX,0.055855000000,0.055855,,15,FULL_BASKET_COVERAGE,phase11-v1
EXCL_REVIEW_HIGH,VAYU-RI-EXCL-REVIEW-HIGH,ROUND::2026-09-06T09:00,2026-09-06 09:00,3,False,BLR-CCU,10,0.05523,OBSERVED,14,11,True,CONTRIBUTED_TO_INDEX,0.055230000000,0.05523,,15,FULL_BASKET_COVERAGE,phase11-v1
EXCL_REVIEW_HIGH,VAYU-RI-EXCL-REVIEW-HIGH,ROUND::2026-09-06T09:00,2026-09-06 09:00,3,False,DEL-SXR,11,0.054956,OBSERVED,14,14,True,CONTRIBUTED_TO_INDEX,0.054956000000,0.054956,,15,FULL_BASKET_COVERAGE,phase11-v1
EXCL_REVIEW_HIGH,VAYU-RI-EXCL-REVIEW-HIGH,ROUND::2026-09-06T09:00,2026-09-06 09:00,3,False,DEL-GOI,12,0.03707,OBSERVED,15,12,True,CONTRIBUTED_TO_INDEX,0.037070000000,0.03707,,15,FULL_BASKET_COVERAGE,phase11-v1
EXCL_REVIEW_HIGH,VAYU-RI-EXCL-REVIEW-HIGH,ROUND::2026-09-06T09:00,2026-09-06 09:00,3,False,DEL-GAU,13,0.036519,OBSERVED,10,8,True,CONTRIBUTED_TO_INDEX,0.036519000000,0.036519,,15,FULL_BASKET_COVERAGE,phase11-v1
EXCL_REVIEW_HIGH,VAYU-RI-EXCL-REVIEW-HIGH,ROUND::2026-09-06T09:00,2026-09-06 09:00,3,False,BLR-COK,14,0.03525,OBSERVED,14,12,True,CONTRIBUTED_TO_INDEX,0.035250000000,0.03525,,15,FULL_BASKET_COVERAGE,phase11-v1
EXCL_REVIEW_HIGH,VAYU-RI-EXCL-REVIEW-HIGH,ROUND::2026-09-06T09:00,2026-09-06 09:00,3,False,DEL-IDR,15,0.02194,OBSERVED,9,8,True,CONTRIBUTED_TO_INDEX,0.021940000000,0.02194,,15,FULL_BASKET_COVERAGE,phase11-v1
EXCL_REVIEW_HIGH,VAYU-RI-EXCL-REVIEW-HIGH,ROUND::2026-09-06T14:30,2026-09-06 14:30,4,False,BOM-DEL,1,0.162603,OBSERVED,12,11,True,CONTRIBUTED_TO_INDEX,0.162603000000,0.162603,,15,FULL_BASKET_COVERAGE,phase11-v1
EXCL_REVIEW_HIGH,VAYU-RI-EXCL-REVIEW-HIGH,ROUND::2026-09-06T14:30,2026-09-06 14:30,4,False,BLR-DEL,2,0.111103,OBSERVED,14,12,True,CONTRIBUTED_TO_INDEX,0.111103000000,0.111103,,15,FULL_BASKET_COVERAGE,phase11-v1
EXCL_REVIEW_HIGH,VAYU-RI-EXCL-REVIEW-HIGH,ROUND::2026-09-06T14:30,2026-09-06 14:30,4,False,BLR-BOM,3,0.097658,OBSERVED,14,13,True,CONTRIBUTED_TO_INDEX,0.097658000000,0.097658,,15,FULL_BASKET_COVERAGE,phase11-v1
EXCL_REVIEW_HIGH,VAYU-RI-EXCL-REVIEW-HIGH,ROUND::2026-09-06T14:30,2026-09-06 14:30,4,False,DEL-HYD,4,0.078228,OBSERVED,15,15,True,CONTRIBUTED_TO_INDEX,0.078228000000,0.078228,,15,FULL_BASKET_COVERAGE,phase11-v1
EXCL_REVIEW_HIGH,VAYU-RI-EXCL-REVIEW-HIGH,ROUND::2026-09-06T14:30,2026-09-06 14:30,4,False,DEL-PNQ,5,0.069402,OBSERVED,13,11,True,CONTRIBUTED_TO_INDEX,0.069402000000,0.069402,,15,FULL_BASKET_COVERAGE,phase11-v1
EXCL_REVIEW_HIGH,VAYU-RI-EXCL-REVIEW-HIGH,ROUND::2026-09-06T14:30,2026-09-06 14:30,4,False,CCU-DEL,6,0.065754,OBSERVED,15,13,True,CONTRIBUTED_TO_INDEX,0.065754000000,0.065754,,15,FULL_BASKET_COVERAGE,phase11-v1
EXCL_REVIEW_HIGH,VAYU-RI-EXCL-REVIEW-HIGH,ROUND::2026-09-06T14:30,2026-09-06 14:30,4,False,AMD-DEL,7,0.060216,OBSERVED,14,12,True,CONTRIBUTED_TO_INDEX,0.060216000000,0.060216,,15,FULL_BASKET_COVERAGE,phase11-v1
EXCL_REVIEW_HIGH,VAYU-RI-EXCL-REVIEW-HIGH,ROUND::2026-09-06T14:30,2026-09-06 14:30,4,False,DEL-MAA,8,0.058216,OBSERVED,13,11,True,CONTRIBUTED_TO_INDEX,0.058216000000,0.058216,,15,FULL_BASKET_COVERAGE,phase11-v1
EXCL_REVIEW_HIGH,VAYU-RI-EXCL-REVIEW-HIGH,ROUND::2026-09-06T14:30,2026-09-06 14:30,4,False,BOM-HYD,9,0.055855,OBSERVED,13,12,True,CONTRIBUTED_TO_INDEX,0.055855000000,0.055855,,15,FULL_BASKET_COVERAGE,phase11-v1
EXCL_REVIEW_HIGH,VAYU-RI-EXCL-REVIEW-HIGH,ROUND::2026-09-06T14:30,2026-09-06 14:30,4,False,BLR-CCU,10,0.05523,OBSERVED,14,13,True,CONTRIBUTED_TO_INDEX,0.055230000000,0.05523,,15,FULL_BASKET_COVERAGE,phase11-v1
EXCL_REVIEW_HIGH,VAYU-RI-EXCL-REVIEW-HIGH,ROUND::2026-09-06T14:30,2026-09-06 14:30,4,False,DEL-SXR,11,0.054956,OBSERVED,12,11,True,CONTRIBUTED_TO_INDEX,0.054956000000,0.054956,,15,FULL_BASKET_COVERAGE,phase11-v1
EXCL_REVIEW_HIGH,VAYU-RI-EXCL-REVIEW-HIGH,ROUND::2026-09-06T14:30,2026-09-06 14:30,4,False,DEL-GOI,12,0.03707,OBSERVED,13,13,True,CONTRIBUTED_TO_INDEX,0.037070000000,0.03707,,15,FULL_BASKET_COVERAGE,phase11-v1
EXCL_REVIEW_HIGH,VAYU-RI-EXCL-REVIEW-HIGH,ROUND::2026-09-06T14:30,2026-09-06 14:30,4,False,DEL-GAU,13,0.036519,OBSERVED,13,8,True,CONTRIBUTED_TO_INDEX,0.036519000000,0.036519,,15,FULL_BASKET_COVERAGE,phase11-v1
EXCL_REVIEW_HIGH,VAYU-RI-EXCL-REVIEW-HIGH,ROUND::2026-09-06T14:30,2026-09-06 14:30,4,False,BLR-COK,14,0.03525,OBSERVED,13,12,True,CONTRIBUTED_TO_INDEX,0.035250000000,0.03525,,15,FULL_BASKET_COVERAGE,phase11-v1
EXCL_REVIEW_HIGH,VAYU-RI-EXCL-REVIEW-HIGH,ROUND::2026-09-06T14:30,2026-09-06 14:30,4,False,DEL-IDR,15,0.02194,OBSERVED,12,6,True,CONTRIBUTED_TO_INDEX,0.021940000000,0.02194,,15,FULL_BASKET_COVERAGE,phase11-v1
EXCL_REVIEW_HIGH,VAYU-RI-EXCL-REVIEW-HIGH,ROUND::2026-09-06T20:15,2026-09-06 20:15,5,False,BOM-DEL,1,0.162603,OBSERVED,13,10,True,CONTRIBUTED_TO_INDEX,0.172466350590,0.162603,,15,PARTIAL_COVERAGE_PROTOTYPE,phase11-v1
EXCL_REVIEW_HIGH,VAYU-RI-EXCL-REVIEW-HIGH,ROUND::2026-09-06T20:15,2026-09-06 20:15,5,False,BLR-DEL,2,0.111103,OBSERVED,12,12,True,CONTRIBUTED_TO_INDEX,0.117842407272,0.111103,,15,PARTIAL_COVERAGE_PROTOTYPE,phase11-v1
EXCL_REVIEW_HIGH,VAYU-RI-EXCL-REVIEW-HIGH,ROUND::2026-09-06T20:15,2026-09-06 20:15,5,False,BLR-BOM,3,0.097658,OBSERVED,14,14,True,CONTRIBUTED_TO_INDEX,0.103581845759,0.097658,,15,PARTIAL_COVERAGE_PROTOTYPE,phase11-v1
EXCL_REVIEW_HIGH,VAYU-RI-EXCL-REVIEW-HIGH,ROUND::2026-09-06T20:15,2026-09-06 20:15,5,False,DEL-HYD,4,0.078228,OBSERVED,13,13,True,CONTRIBUTED_TO_INDEX,0.082973239571,0.078228,,15,PARTIAL_COVERAGE_PROTOTYPE,phase11-v1
EXCL_REVIEW_HIGH,VAYU-RI-EXCL-REVIEW-HIGH,ROUND::2026-09-06T20:15,2026-09-06 20:15,5,False,DEL-PNQ,5,0.069402,OBSERVED,14,13,True,CONTRIBUTED_TO_INDEX,0.073611862411,0.069402,,15,PARTIAL_COVERAGE_PROTOTYPE,phase11-v1
EXCL_REVIEW_HIGH,VAYU-RI-EXCL-REVIEW-HIGH,ROUND::2026-09-06T20:15,2026-09-06 20:15,5,False,CCU-DEL,6,0.065754,OBSERVED,14,14,True,CONTRIBUTED_TO_INDEX,0.069742578038,0.065754,,15,PARTIAL_COVERAGE_PROTOTYPE,phase11-v1
EXCL_REVIEW_HIGH,VAYU-RI-EXCL-REVIEW-HIGH,ROUND::2026-09-06T20:15,2026-09-06 20:15,5,False,AMD-DEL,7,0.060216,OBSERVED,14,13,True,CONTRIBUTED_TO_INDEX,0.063868647978,0.060216,,15,PARTIAL_COVERAGE_PROTOTYPE,phase11-v1
EXCL_REVIEW_HIGH,VAYU-RI-EXCL-REVIEW-HIGH,ROUND::2026-09-06T20:15,2026-09-06 20:15,5,False,DEL-MAA,8,0.058216,OBSERVED,12,11,True,CONTRIBUTED_TO_INDEX,0.061747329791,0.058216,,15,PARTIAL_COVERAGE_PROTOTYPE,phase11-v1
EXCL_REVIEW_HIGH,VAYU-RI-EXCL-REVIEW-HIGH,ROUND::2026-09-06T20:15,2026-09-06 20:15,5,False,BOM-HYD,9,0.055855,OBSERVED,14,12,True,CONTRIBUTED_TO_INDEX,0.059243113671,0.055855,,15,PARTIAL_COVERAGE_PROTOTYPE,phase11-v1
EXCL_REVIEW_HIGH,VAYU-RI-EXCL-REVIEW-HIGH,ROUND::2026-09-06T20:15,2026-09-06 20:15,5,False,BLR-CCU,10,0.05523,OBSERVED,15,14,True,CONTRIBUTED_TO_INDEX,0.058580201737,0.05523,,15,PARTIAL_COVERAGE_PROTOTYPE,phase11-v1
EXCL_REVIEW_HIGH,VAYU-RI-EXCL-REVIEW-HIGH,ROUND::2026-09-06T20:15,2026-09-06 20:15,5,False,DEL-SXR,11,0.054956,OBSERVED,13,11,True,CONTRIBUTED_TO_INDEX,0.058289581146,0.054956,,15,PARTIAL_COVERAGE_PROTOTYPE,phase11-v1
EXCL_REVIEW_HIGH,VAYU-RI-EXCL-REVIEW-HIGH,ROUND::2026-09-06T20:15,2026-09-06 20:15,5,False,DEL-GOI,12,0.03707,OBSERVED,12,10,True,CONTRIBUTED_TO_INDEX,0.039318632598,0.03707,,15,PARTIAL_COVERAGE_PROTOTYPE,phase11-v1
EXCL_REVIEW_HIGH,VAYU-RI-EXCL-REVIEW-HIGH,ROUND::2026-09-06T20:15,2026-09-06 20:15,5,False,DEL-GAU,13,0.036519,OBSERVED,10,8,True,CONTRIBUTED_TO_INDEX,0.038734209438,0.036519,,15,PARTIAL_COVERAGE_PROTOTYPE,phase11-v1
EXCL_REVIEW_HIGH,VAYU-RI-EXCL-REVIEW-HIGH,ROUND::2026-09-06T20:15,2026-09-06 20:15,5,False,BLR-COK,14,0.03525,OBSERVED,0,0,False,OBSERVED_BUT_NO_MATCHED_PAIR,,,0.03525,15,PARTIAL_COVERAGE_PROTOTYPE,phase11-v1
EXCL_REVIEW_HIGH,VAYU-RI-EXCL-REVIEW-HIGH,ROUND::2026-09-06T20:15,2026-09-06 20:15,5,False,DEL-IDR,15,0.02194,OBSERVED,0,0,False,OBSERVED_BUT_NO_MATCHED_PAIR,,,0.02194,15,PARTIAL_COVERAGE_PROTOTYPE,phase11-v1
EXCL_REVIEW_HIGH,VAYU-RI-EXCL-REVIEW-HIGH,ROUND::2026-09-07T09:00,2026-09-07 09:00,6,False,BOM-DEL,1,0.162603,OBSERVED,0,0,False,OBSERVED_BUT_NO_MATCHED_PAIR,,,0.162603,15,PARTIAL_COVERAGE_PROTOTYPE,phase11-v1
EXCL_REVIEW_HIGH,VAYU-RI-EXCL-REVIEW-HIGH,ROUND::2026-09-07T09:00,2026-09-07 09:00,6,False,BLR-DEL,2,0.111103,OBSERVED,0,0,False,OBSERVED_BUT_NO_MATCHED_PAIR,,,0.111103,15,PARTIAL_COVERAGE_PROTOTYPE,phase11-v1
EXCL_REVIEW_HIGH,VAYU-RI-EXCL-REVIEW-HIGH,ROUND::2026-09-07T09:00,2026-09-07 09:00,6,False,BLR-BOM,3,0.097658,OBSERVED,0,0,False,OBSERVED_BUT_NO_MATCHED_PAIR,,,0.097658,15,PARTIAL_COVERAGE_PROTOTYPE,phase11-v1
EXCL_REVIEW_HIGH,VAYU-RI-EXCL-REVIEW-HIGH,ROUND::2026-09-07T09:00,2026-09-07 09:00,6,False,DEL-HYD,4,0.078228,OBSERVED,1,1,True,CONTRIBUTED_TO_INDEX,0.678485316311,0.078228,,15,PARTIAL_COVERAGE_PROTOTYPE,phase11-v1
EXCL_REVIEW_HIGH,VAYU-RI-EXCL-REVIEW-HIGH,ROUND::2026-09-07T09:00,2026-09-07 09:00,6,False,DEL-PNQ,5,0.069402,OBSERVED,0,0,False,OBSERVED_BUT_NO_MATCHED_PAIR,,,0.069402,15,PARTIAL_COVERAGE_PROTOTYPE,phase11-v1
EXCL_REVIEW_HIGH,VAYU-RI-EXCL-REVIEW-HIGH,ROUND::2026-09-07T09:00,2026-09-07 09:00,6,False,CCU-DEL,6,0.065754,OBSERVED,0,0,False,OBSERVED_BUT_NO_MATCHED_PAIR,,,0.065754,15,PARTIAL_COVERAGE_PROTOTYPE,phase11-v1
EXCL_REVIEW_HIGH,VAYU-RI-EXCL-REVIEW-HIGH,ROUND::2026-09-07T09:00,2026-09-07 09:00,6,False,AMD-DEL,7,0.060216,OBSERVED,0,0,False,OBSERVED_BUT_NO_MATCHED_PAIR,,,0.060216,15,PARTIAL_COVERAGE_PROTOTYPE,phase11-v1
EXCL_REVIEW_HIGH,VAYU-RI-EXCL-REVIEW-HIGH,ROUND::2026-09-07T09:00,2026-09-07 09:00,6,False,DEL-MAA,8,0.058216,OBSERVED,0,0,False,OBSERVED_BUT_NO_MATCHED_PAIR,,,0.058216,15,PARTIAL_COVERAGE_PROTOTYPE,phase11-v1
EXCL_REVIEW_HIGH,VAYU-RI-EXCL-REVIEW-HIGH,ROUND::2026-09-07T09:00,2026-09-07 09:00,6,False,BOM-HYD,9,0.055855,OBSERVED,0,0,False,OBSERVED_BUT_NO_MATCHED_PAIR,,,0.055855,15,PARTIAL_COVERAGE_PROTOTYPE,phase11-v1
EXCL_REVIEW_HIGH,VAYU-RI-EXCL-REVIEW-HIGH,ROUND::2026-09-07T09:00,2026-09-07 09:00,6,False,BLR-CCU,10,0.05523,OBSERVED,0,0,False,OBSERVED_BUT_NO_MATCHED_PAIR,,,0.05523,15,PARTIAL_COVERAGE_PROTOTYPE,phase11-v1
EXCL_REVIEW_HIGH,VAYU-RI-EXCL-REVIEW-HIGH,ROUND::2026-09-07T09:00,2026-09-07 09:00,6,False,DEL-SXR,11,0.054956,OBSERVED,0,0,False,OBSERVED_BUT_NO_MATCHED_PAIR,,,0.054956,15,PARTIAL_COVERAGE_PROTOTYPE,phase11-v1
EXCL_REVIEW_HIGH,VAYU-RI-EXCL-REVIEW-HIGH,ROUND::2026-09-07T09:00,2026-09-07 09:00,6,False,DEL-GOI,12,0.03707,OBSERVED,1,1,True,CONTRIBUTED_TO_INDEX,0.321514683689,0.03707,,15,PARTIAL_COVERAGE_PROTOTYPE,phase11-v1
EXCL_REVIEW_HIGH,VAYU-RI-EXCL-REVIEW-HIGH,ROUND::2026-09-07T09:00,2026-09-07 09:00,6,False,DEL-GAU,13,0.036519,OBSERVED,0,0,False,OBSERVED_BUT_NO_MATCHED_PAIR,,,0.036519,15,PARTIAL_COVERAGE_PROTOTYPE,phase11-v1
EXCL_REVIEW_HIGH,VAYU-RI-EXCL-REVIEW-HIGH,ROUND::2026-09-07T09:00,2026-09-07 09:00,6,False,BLR-COK,14,0.03525,OBSERVED,0,0,False,OBSERVED_BUT_NO_MATCHED_PAIR,,,0.03525,15,PARTIAL_COVERAGE_PROTOTYPE,phase11-v1
EXCL_REVIEW_HIGH,VAYU-RI-EXCL-REVIEW-HIGH,ROUND::2026-09-07T09:00,2026-09-07 09:00,6,False,DEL-IDR,15,0.02194,OBSERVED,0,0,False,OBSERVED_BUT_NO_MATCHED_PAIR,,,0.02194,15,PARTIAL_COVERAGE_PROTOTYPE,phase11-v1
EXCL_REVIEW_HIGH,VAYU-RI-EXCL-REVIEW-HIGH,ROUND::2026-09-07T14:30,2026-09-07 14:30,7,False,BOM-DEL,1,0.162603,OBSERVED,0,0,False,OBSERVED_BUT_NO_MATCHED_PAIR,,,0.162603,15,NO_BASKET_COVERAGE,phase11-v1
EXCL_REVIEW_HIGH,VAYU-RI-EXCL-REVIEW-HIGH,ROUND::2026-09-07T14:30,2026-09-07 14:30,7,False,BLR-DEL,2,0.111103,OBSERVED,0,0,False,OBSERVED_BUT_NO_MATCHED_PAIR,,,0.111103,15,NO_BASKET_COVERAGE,phase11-v1
EXCL_REVIEW_HIGH,VAYU-RI-EXCL-REVIEW-HIGH,ROUND::2026-09-07T14:30,2026-09-07 14:30,7,False,BLR-BOM,3,0.097658,OBSERVED,0,0,False,OBSERVED_BUT_NO_MATCHED_PAIR,,,0.097658,15,NO_BASKET_COVERAGE,phase11-v1
EXCL_REVIEW_HIGH,VAYU-RI-EXCL-REVIEW-HIGH,ROUND::2026-09-07T14:30,2026-09-07 14:30,7,False,DEL-HYD,4,0.078228,OBSERVED,0,0,False,OBSERVED_BUT_NO_MATCHED_PAIR,,,0.078228,15,NO_BASKET_COVERAGE,phase11-v1
EXCL_REVIEW_HIGH,VAYU-RI-EXCL-REVIEW-HIGH,ROUND::2026-09-07T14:30,2026-09-07 14:30,7,False,DEL-PNQ,5,0.069402,OBSERVED,1,0,False,OBSERVED_BUT_NO_MATCHED_PAIR,,,0.069402,15,NO_BASKET_COVERAGE,phase11-v1
EXCL_REVIEW_HIGH,VAYU-RI-EXCL-REVIEW-HIGH,ROUND::2026-09-07T14:30,2026-09-07 14:30,7,False,CCU-DEL,6,0.065754,OBSERVED,0,0,False,OBSERVED_BUT_NO_MATCHED_PAIR,,,0.065754,15,NO_BASKET_COVERAGE,phase11-v1
EXCL_REVIEW_HIGH,VAYU-RI-EXCL-REVIEW-HIGH,ROUND::2026-09-07T14:30,2026-09-07 14:30,7,False,AMD-DEL,7,0.060216,OBSERVED,0,0,False,OBSERVED_BUT_NO_MATCHED_PAIR,,,0.060216,15,NO_BASKET_COVERAGE,phase11-v1
EXCL_REVIEW_HIGH,VAYU-RI-EXCL-REVIEW-HIGH,ROUND::2026-09-07T14:30,2026-09-07 14:30,7,False,DEL-MAA,8,0.058216,OBSERVED,1,0,False,OBSERVED_BUT_NO_MATCHED_PAIR,,,0.058216,15,NO_BASKET_COVERAGE,phase11-v1
EXCL_REVIEW_HIGH,VAYU-RI-EXCL-REVIEW-HIGH,ROUND::2026-09-07T14:30,2026-09-07 14:30,7,False,BOM-HYD,9,0.055855,OBSERVED,0,0,False,OBSERVED_BUT_NO_MATCHED_PAIR,,,0.055855,15,NO_BASKET_COVERAGE,phase11-v1
EXCL_REVIEW_HIGH,VAYU-RI-EXCL-REVIEW-HIGH,ROUND::2026-09-07T14:30,2026-09-07 14:30,7,False,BLR-CCU,10,0.05523,OBSERVED,0,0,False,OBSERVED_BUT_NO_MATCHED_PAIR,,,0.05523,15,NO_BASKET_COVERAGE,phase11-v1
EXCL_REVIEW_HIGH,VAYU-RI-EXCL-REVIEW-HIGH,ROUND::2026-09-07T14:30,2026-09-07 14:30,7,False,DEL-SXR,11,0.054956,OBSERVED,0,0,False,OBSERVED_BUT_NO_MATCHED_PAIR,,,0.054956,15,NO_BASKET_COVERAGE,phase11-v1
EXCL_REVIEW_HIGH,VAYU-RI-EXCL-REVIEW-HIGH,ROUND::2026-09-07T14:30,2026-09-07 14:30,7,False,DEL-GOI,12,0.03707,OBSERVED,0,0,False,OBSERVED_BUT_NO_MATCHED_PAIR,,,0.03707,15,NO_BASKET_COVERAGE,phase11-v1
EXCL_REVIEW_HIGH,VAYU-RI-EXCL-REVIEW-HIGH,ROUND::2026-09-07T14:30,2026-09-07 14:30,7,False,DEL-GAU,13,0.036519,OBSERVED,0,0,False,OBSERVED_BUT_NO_MATCHED_PAIR,,,0.036519,15,NO_BASKET_COVERAGE,phase11-v1
EXCL_REVIEW_HIGH,VAYU-RI-EXCL-REVIEW-HIGH,ROUND::2026-09-07T14:30,2026-09-07 14:30,7,False,BLR-COK,14,0.03525,OBSERVED,1,0,False,OBSERVED_BUT_NO_MATCHED_PAIR,,,0.03525,15,NO_BASKET_COVERAGE,phase11-v1
EXCL_REVIEW_HIGH,VAYU-RI-EXCL-REVIEW-HIGH,ROUND::2026-09-07T14:30,2026-09-07 14:30,7,False,DEL-IDR,15,0.02194,OBSERVED,1,0,False,OBSERVED_BUT_NO_MATCHED_PAIR,,,0.02194,15,NO_BASKET_COVERAGE,phase11-v1
EXCL_REVIEW_HIGH,VAYU-RI-EXCL-REVIEW-HIGH,ROUND::2026-09-07T20:15,2026-09-07 20:15,8,False,BOM-DEL,1,0.162603,OBSERVED,0,0,False,OBSERVED_BUT_NO_MATCHED_PAIR,,,0.162603,15,NO_BASKET_COVERAGE,phase11-v1
EXCL_REVIEW_HIGH,VAYU-RI-EXCL-REVIEW-HIGH,ROUND::2026-09-07T20:15,2026-09-07 20:15,8,False,BLR-DEL,2,0.111103,OBSERVED,0,0,False,OBSERVED_BUT_NO_MATCHED_PAIR,,,0.111103,15,NO_BASKET_COVERAGE,phase11-v1
EXCL_REVIEW_HIGH,VAYU-RI-EXCL-REVIEW-HIGH,ROUND::2026-09-07T20:15,2026-09-07 20:15,8,False,BLR-BOM,3,0.097658,OBSERVED,0,0,False,OBSERVED_BUT_NO_MATCHED_PAIR,,,0.097658,15,NO_BASKET_COVERAGE,phase11-v1
EXCL_REVIEW_HIGH,VAYU-RI-EXCL-REVIEW-HIGH,ROUND::2026-09-07T20:15,2026-09-07 20:15,8,False,DEL-HYD,4,0.078228,OBSERVED,0,0,False,OBSERVED_BUT_NO_MATCHED_PAIR,,,0.078228,15,NO_BASKET_COVERAGE,phase11-v1
EXCL_REVIEW_HIGH,VAYU-RI-EXCL-REVIEW-HIGH,ROUND::2026-09-07T20:15,2026-09-07 20:15,8,False,DEL-PNQ,5,0.069402,OBSERVED,1,0,False,OBSERVED_BUT_NO_MATCHED_PAIR,,,0.069402,15,NO_BASKET_COVERAGE,phase11-v1
EXCL_REVIEW_HIGH,VAYU-RI-EXCL-REVIEW-HIGH,ROUND::2026-09-07T20:15,2026-09-07 20:15,8,False,CCU-DEL,6,0.065754,OBSERVED,0,0,False,OBSERVED_BUT_NO_MATCHED_PAIR,,,0.065754,15,NO_BASKET_COVERAGE,phase11-v1
EXCL_REVIEW_HIGH,VAYU-RI-EXCL-REVIEW-HIGH,ROUND::2026-09-07T20:15,2026-09-07 20:15,8,False,AMD-DEL,7,0.060216,OBSERVED,0,0,False,OBSERVED_BUT_NO_MATCHED_PAIR,,,0.060216,15,NO_BASKET_COVERAGE,phase11-v1
EXCL_REVIEW_HIGH,VAYU-RI-EXCL-REVIEW-HIGH,ROUND::2026-09-07T20:15,2026-09-07 20:15,8,False,DEL-MAA,8,0.058216,OBSERVED,0,0,False,OBSERVED_BUT_NO_MATCHED_PAIR,,,0.058216,15,NO_BASKET_COVERAGE,phase11-v1
EXCL_REVIEW_HIGH,VAYU-RI-EXCL-REVIEW-HIGH,ROUND::2026-09-07T20:15,2026-09-07 20:15,8,False,BOM-HYD,9,0.055855,OBSERVED,0,0,False,OBSERVED_BUT_NO_MATCHED_PAIR,,,0.055855,15,NO_BASKET_COVERAGE,phase11-v1
EXCL_REVIEW_HIGH,VAYU-RI-EXCL-REVIEW-HIGH,ROUND::2026-09-07T20:15,2026-09-07 20:15,8,False,BLR-CCU,10,0.05523,OBSERVED,0,0,False,OBSERVED_BUT_NO_MATCHED_PAIR,,,0.05523,15,NO_BASKET_COVERAGE,phase11-v1
EXCL_REVIEW_HIGH,VAYU-RI-EXCL-REVIEW-HIGH,ROUND::2026-09-07T20:15,2026-09-07 20:15,8,False,DEL-SXR,11,0.054956,OBSERVED,0,0,False,OBSERVED_BUT_NO_MATCHED_PAIR,,,0.054956,15,NO_BASKET_COVERAGE,phase11-v1
EXCL_REVIEW_HIGH,VAYU-RI-EXCL-REVIEW-HIGH,ROUND::2026-09-07T20:15,2026-09-07 20:15,8,False,DEL-GOI,12,0.03707,OBSERVED,0,0,False,OBSERVED_BUT_NO_MATCHED_PAIR,,,0.03707,15,NO_BASKET_COVERAGE,phase11-v1
EXCL_REVIEW_HIGH,VAYU-RI-EXCL-REVIEW-HIGH,ROUND::2026-09-07T20:15,2026-09-07 20:15,8,False,DEL-GAU,13,0.036519,OBSERVED,0,0,False,OBSERVED_BUT_NO_MATCHED_PAIR,,,0.036519,15,NO_BASKET_COVERAGE,phase11-v1
EXCL_REVIEW_HIGH,VAYU-RI-EXCL-REVIEW-HIGH,ROUND::2026-09-07T20:15,2026-09-07 20:15,8,False,BLR-COK,14,0.03525,OBSERVED,0,0,False,OBSERVED_BUT_NO_MATCHED_PAIR,,,0.03525,15,NO_BASKET_COVERAGE,phase11-v1
EXCL_REVIEW_HIGH,VAYU-RI-EXCL-REVIEW-HIGH,ROUND::2026-09-07T20:15,2026-09-07 20:15,8,False,DEL-IDR,15,0.02194,OBSERVED,0,0,False,OBSERVED_BUT_NO_MATCHED_PAIR,,,0.02194,15,NO_BASKET_COVERAGE,phase11-v1
EXCL_REVIEW_HIGH,VAYU-RI-EXCL-REVIEW-HIGH,ROUND::2026-09-08T09:00,2026-09-08 09:00,9,False,BOM-DEL,1,0.162603,OBSERVED,1,0,False,OBSERVED_BUT_NO_MATCHED_PAIR,,,0.162603,15,NO_BASKET_COVERAGE,phase11-v1
EXCL_REVIEW_HIGH,VAYU-RI-EXCL-REVIEW-HIGH,ROUND::2026-09-08T09:00,2026-09-08 09:00,9,False,BLR-DEL,2,0.111103,OBSERVED,0,0,False,OBSERVED_BUT_NO_MATCHED_PAIR,,,0.111103,15,NO_BASKET_COVERAGE,phase11-v1
EXCL_REVIEW_HIGH,VAYU-RI-EXCL-REVIEW-HIGH,ROUND::2026-09-08T09:00,2026-09-08 09:00,9,False,BLR-BOM,3,0.097658,OBSERVED,0,0,False,OBSERVED_BUT_NO_MATCHED_PAIR,,,0.097658,15,NO_BASKET_COVERAGE,phase11-v1
EXCL_REVIEW_HIGH,VAYU-RI-EXCL-REVIEW-HIGH,ROUND::2026-09-08T09:00,2026-09-08 09:00,9,False,DEL-HYD,4,0.078228,OBSERVED,0,0,False,OBSERVED_BUT_NO_MATCHED_PAIR,,,0.078228,15,NO_BASKET_COVERAGE,phase11-v1
EXCL_REVIEW_HIGH,VAYU-RI-EXCL-REVIEW-HIGH,ROUND::2026-09-08T09:00,2026-09-08 09:00,9,False,DEL-PNQ,5,0.069402,OBSERVED,0,0,False,OBSERVED_BUT_NO_MATCHED_PAIR,,,0.069402,15,NO_BASKET_COVERAGE,phase11-v1
EXCL_REVIEW_HIGH,VAYU-RI-EXCL-REVIEW-HIGH,ROUND::2026-09-08T09:00,2026-09-08 09:00,9,False,CCU-DEL,6,0.065754,OBSERVED,0,0,False,OBSERVED_BUT_NO_MATCHED_PAIR,,,0.065754,15,NO_BASKET_COVERAGE,phase11-v1
EXCL_REVIEW_HIGH,VAYU-RI-EXCL-REVIEW-HIGH,ROUND::2026-09-08T09:00,2026-09-08 09:00,9,False,AMD-DEL,7,0.060216,OBSERVED,0,0,False,OBSERVED_BUT_NO_MATCHED_PAIR,,,0.060216,15,NO_BASKET_COVERAGE,phase11-v1
EXCL_REVIEW_HIGH,VAYU-RI-EXCL-REVIEW-HIGH,ROUND::2026-09-08T09:00,2026-09-08 09:00,9,False,DEL-MAA,8,0.058216,OBSERVED,0,0,False,OBSERVED_BUT_NO_MATCHED_PAIR,,,0.058216,15,NO_BASKET_COVERAGE,phase11-v1
EXCL_REVIEW_HIGH,VAYU-RI-EXCL-REVIEW-HIGH,ROUND::2026-09-08T09:00,2026-09-08 09:00,9,False,BOM-HYD,9,0.055855,OBSERVED,0,0,False,OBSERVED_BUT_NO_MATCHED_PAIR,,,0.055855,15,NO_BASKET_COVERAGE,phase11-v1
EXCL_REVIEW_HIGH,VAYU-RI-EXCL-REVIEW-HIGH,ROUND::2026-09-08T09:00,2026-09-08 09:00,9,False,BLR-CCU,10,0.05523,OBSERVED,0,0,False,OBSERVED_BUT_NO_MATCHED_PAIR,,,0.05523,15,NO_BASKET_COVERAGE,phase11-v1
EXCL_REVIEW_HIGH,VAYU-RI-EXCL-REVIEW-HIGH,ROUND::2026-09-08T09:00,2026-09-08 09:00,9,False,DEL-SXR,11,0.054956,OBSERVED,0,0,False,OBSERVED_BUT_NO_MATCHED_PAIR,,,0.054956,15,NO_BASKET_COVERAGE,phase11-v1
EXCL_REVIEW_HIGH,VAYU-RI-EXCL-REVIEW-HIGH,ROUND::2026-09-08T09:00,2026-09-08 09:00,9,False,DEL-GOI,12,0.03707,OBSERVED,1,0,False,OBSERVED_BUT_NO_MATCHED_PAIR,,,0.03707,15,NO_BASKET_COVERAGE,phase11-v1
EXCL_REVIEW_HIGH,VAYU-RI-EXCL-REVIEW-HIGH,ROUND::2026-09-08T09:00,2026-09-08 09:00,9,False,DEL-GAU,13,0.036519,OBSERVED,0,0,False,OBSERVED_BUT_NO_MATCHED_PAIR,,,0.036519,15,NO_BASKET_COVERAGE,phase11-v1
EXCL_REVIEW_HIGH,VAYU-RI-EXCL-REVIEW-HIGH,ROUND::2026-09-08T09:00,2026-09-08 09:00,9,False,BLR-COK,14,0.03525,OBSERVED,0,0,False,OBSERVED_BUT_NO_MATCHED_PAIR,,,0.03525,15,NO_BASKET_COVERAGE,phase11-v1
EXCL_REVIEW_HIGH,VAYU-RI-EXCL-REVIEW-HIGH,ROUND::2026-09-08T09:00,2026-09-08 09:00,9,False,DEL-IDR,15,0.02194,OBSERVED,0,0,False,OBSERVED_BUT_NO_MATCHED_PAIR,,,0.02194,15,NO_BASKET_COVERAGE,phase11-v1
EXCL_REVIEW_HIGH,VAYU-RI-EXCL-REVIEW-HIGH,ROUND::2026-09-08T20:15,2026-09-08 20:15,10,False,BOM-DEL,1,0.162603,OBSERVED,0,0,False,OBSERVED_BUT_NO_MATCHED_PAIR,,,0.162603,15,NO_BASKET_COVERAGE,phase11-v1
EXCL_REVIEW_HIGH,VAYU-RI-EXCL-REVIEW-HIGH,ROUND::2026-09-08T20:15,2026-09-08 20:15,10,False,BLR-DEL,2,0.111103,OBSERVED,0,0,False,OBSERVED_BUT_NO_MATCHED_PAIR,,,0.111103,15,NO_BASKET_COVERAGE,phase11-v1
EXCL_REVIEW_HIGH,VAYU-RI-EXCL-REVIEW-HIGH,ROUND::2026-09-08T20:15,2026-09-08 20:15,10,False,BLR-BOM,3,0.097658,OBSERVED,0,0,False,OBSERVED_BUT_NO_MATCHED_PAIR,,,0.097658,15,NO_BASKET_COVERAGE,phase11-v1
EXCL_REVIEW_HIGH,VAYU-RI-EXCL-REVIEW-HIGH,ROUND::2026-09-08T20:15,2026-09-08 20:15,10,False,DEL-HYD,4,0.078228,OBSERVED,0,0,False,OBSERVED_BUT_NO_MATCHED_PAIR,,,0.078228,15,NO_BASKET_COVERAGE,phase11-v1
EXCL_REVIEW_HIGH,VAYU-RI-EXCL-REVIEW-HIGH,ROUND::2026-09-08T20:15,2026-09-08 20:15,10,False,DEL-PNQ,5,0.069402,OBSERVED,0,0,False,OBSERVED_BUT_NO_MATCHED_PAIR,,,0.069402,15,NO_BASKET_COVERAGE,phase11-v1
EXCL_REVIEW_HIGH,VAYU-RI-EXCL-REVIEW-HIGH,ROUND::2026-09-08T20:15,2026-09-08 20:15,10,False,CCU-DEL,6,0.065754,OBSERVED,0,0,False,OBSERVED_BUT_NO_MATCHED_PAIR,,,0.065754,15,NO_BASKET_COVERAGE,phase11-v1
EXCL_REVIEW_HIGH,VAYU-RI-EXCL-REVIEW-HIGH,ROUND::2026-09-08T20:15,2026-09-08 20:15,10,False,AMD-DEL,7,0.060216,OBSERVED,0,0,False,OBSERVED_BUT_NO_MATCHED_PAIR,,,0.060216,15,NO_BASKET_COVERAGE,phase11-v1
EXCL_REVIEW_HIGH,VAYU-RI-EXCL-REVIEW-HIGH,ROUND::2026-09-08T20:15,2026-09-08 20:15,10,False,DEL-MAA,8,0.058216,OBSERVED,0,0,False,OBSERVED_BUT_NO_MATCHED_PAIR,,,0.058216,15,NO_BASKET_COVERAGE,phase11-v1
EXCL_REVIEW_HIGH,VAYU-RI-EXCL-REVIEW-HIGH,ROUND::2026-09-08T20:15,2026-09-08 20:15,10,False,BOM-HYD,9,0.055855,OBSERVED,0,0,False,OBSERVED_BUT_NO_MATCHED_PAIR,,,0.055855,15,NO_BASKET_COVERAGE,phase11-v1
EXCL_REVIEW_HIGH,VAYU-RI-EXCL-REVIEW-HIGH,ROUND::2026-09-08T20:15,2026-09-08 20:15,10,False,BLR-CCU,10,0.05523,OBSERVED,0,0,False,OBSERVED_BUT_NO_MATCHED_PAIR,,,0.05523,15,NO_BASKET_COVERAGE,phase11-v1
EXCL_REVIEW_HIGH,VAYU-RI-EXCL-REVIEW-HIGH,ROUND::2026-09-08T20:15,2026-09-08 20:15,10,False,DEL-SXR,11,0.054956,OBSERVED,0,0,False,OBSERVED_BUT_NO_MATCHED_PAIR,,,0.054956,15,NO_BASKET_COVERAGE,phase11-v1
EXCL_REVIEW_HIGH,VAYU-RI-EXCL-REVIEW-HIGH,ROUND::2026-09-08T20:15,2026-09-08 20:15,10,False,DEL-GOI,12,0.03707,OBSERVED,0,0,False,OBSERVED_BUT_NO_MATCHED_PAIR,,,0.03707,15,NO_BASKET_COVERAGE,phase11-v1
EXCL_REVIEW_HIGH,VAYU-RI-EXCL-REVIEW-HIGH,ROUND::2026-09-08T20:15,2026-09-08 20:15,10,False,DEL-GAU,13,0.036519,OBSERVED,1,0,False,OBSERVED_BUT_NO_MATCHED_PAIR,,,0.036519,15,NO_BASKET_COVERAGE,phase11-v1
EXCL_REVIEW_HIGH,VAYU-RI-EXCL-REVIEW-HIGH,ROUND::2026-09-08T20:15,2026-09-08 20:15,10,False,BLR-COK,14,0.03525,OBSERVED,0,0,False,OBSERVED_BUT_NO_MATCHED_PAIR,,,0.03525,15,NO_BASKET_COVERAGE,phase11-v1
EXCL_REVIEW_HIGH,VAYU-RI-EXCL-REVIEW-HIGH,ROUND::2026-09-08T20:15,2026-09-08 20:15,10,False,DEL-IDR,15,0.02194,OBSERVED,0,0,False,OBSERVED_BUT_NO_MATCHED_PAIR,,,0.02194,15,NO_BASKET_COVERAGE,phase11-v1
EXCL_REVIEW_HIGH,VAYU-RI-EXCL-REVIEW-HIGH,ROUND::2026-09-09T09:00,2026-09-09 09:00,11,False,BOM-DEL,1,0.162603,OBSERVED,0,0,False,OBSERVED_BUT_NO_MATCHED_PAIR,,,0.162603,15,NO_BASKET_COVERAGE,phase11-v1
EXCL_REVIEW_HIGH,VAYU-RI-EXCL-REVIEW-HIGH,ROUND::2026-09-09T09:00,2026-09-09 09:00,11,False,BLR-DEL,2,0.111103,OBSERVED,0,0,False,OBSERVED_BUT_NO_MATCHED_PAIR,,,0.111103,15,NO_BASKET_COVERAGE,phase11-v1
EXCL_REVIEW_HIGH,VAYU-RI-EXCL-REVIEW-HIGH,ROUND::2026-09-09T09:00,2026-09-09 09:00,11,False,BLR-BOM,3,0.097658,OBSERVED,0,0,False,OBSERVED_BUT_NO_MATCHED_PAIR,,,0.097658,15,NO_BASKET_COVERAGE,phase11-v1
EXCL_REVIEW_HIGH,VAYU-RI-EXCL-REVIEW-HIGH,ROUND::2026-09-09T09:00,2026-09-09 09:00,11,False,DEL-HYD,4,0.078228,OBSERVED,0,0,False,OBSERVED_BUT_NO_MATCHED_PAIR,,,0.078228,15,NO_BASKET_COVERAGE,phase11-v1
EXCL_REVIEW_HIGH,VAYU-RI-EXCL-REVIEW-HIGH,ROUND::2026-09-09T09:00,2026-09-09 09:00,11,False,DEL-PNQ,5,0.069402,OBSERVED,0,0,False,OBSERVED_BUT_NO_MATCHED_PAIR,,,0.069402,15,NO_BASKET_COVERAGE,phase11-v1
EXCL_REVIEW_HIGH,VAYU-RI-EXCL-REVIEW-HIGH,ROUND::2026-09-09T09:00,2026-09-09 09:00,11,False,CCU-DEL,6,0.065754,OBSERVED,0,0,False,OBSERVED_BUT_NO_MATCHED_PAIR,,,0.065754,15,NO_BASKET_COVERAGE,phase11-v1
EXCL_REVIEW_HIGH,VAYU-RI-EXCL-REVIEW-HIGH,ROUND::2026-09-09T09:00,2026-09-09 09:00,11,False,AMD-DEL,7,0.060216,OBSERVED,0,0,False,OBSERVED_BUT_NO_MATCHED_PAIR,,,0.060216,15,NO_BASKET_COVERAGE,phase11-v1
EXCL_REVIEW_HIGH,VAYU-RI-EXCL-REVIEW-HIGH,ROUND::2026-09-09T09:00,2026-09-09 09:00,11,False,DEL-MAA,8,0.058216,OBSERVED,1,0,False,OBSERVED_BUT_NO_MATCHED_PAIR,,,0.058216,15,NO_BASKET_COVERAGE,phase11-v1
EXCL_REVIEW_HIGH,VAYU-RI-EXCL-REVIEW-HIGH,ROUND::2026-09-09T09:00,2026-09-09 09:00,11,False,BOM-HYD,9,0.055855,OBSERVED,0,0,False,OBSERVED_BUT_NO_MATCHED_PAIR,,,0.055855,15,NO_BASKET_COVERAGE,phase11-v1
EXCL_REVIEW_HIGH,VAYU-RI-EXCL-REVIEW-HIGH,ROUND::2026-09-09T09:00,2026-09-09 09:00,11,False,BLR-CCU,10,0.05523,OBSERVED,0,0,False,OBSERVED_BUT_NO_MATCHED_PAIR,,,0.05523,15,NO_BASKET_COVERAGE,phase11-v1
EXCL_REVIEW_HIGH,VAYU-RI-EXCL-REVIEW-HIGH,ROUND::2026-09-09T09:00,2026-09-09 09:00,11,False,DEL-SXR,11,0.054956,OBSERVED,0,0,False,OBSERVED_BUT_NO_MATCHED_PAIR,,,0.054956,15,NO_BASKET_COVERAGE,phase11-v1
EXCL_REVIEW_HIGH,VAYU-RI-EXCL-REVIEW-HIGH,ROUND::2026-09-09T09:00,2026-09-09 09:00,11,False,DEL-GOI,12,0.03707,OBSERVED,0,0,False,OBSERVED_BUT_NO_MATCHED_PAIR,,,0.03707,15,NO_BASKET_COVERAGE,phase11-v1
EXCL_REVIEW_HIGH,VAYU-RI-EXCL-REVIEW-HIGH,ROUND::2026-09-09T09:00,2026-09-09 09:00,11,False,DEL-GAU,13,0.036519,OBSERVED,0,0,False,OBSERVED_BUT_NO_MATCHED_PAIR,,,0.036519,15,NO_BASKET_COVERAGE,phase11-v1
EXCL_REVIEW_HIGH,VAYU-RI-EXCL-REVIEW-HIGH,ROUND::2026-09-09T09:00,2026-09-09 09:00,11,False,BLR-COK,14,0.03525,OBSERVED,0,0,False,OBSERVED_BUT_NO_MATCHED_PAIR,,,0.03525,15,NO_BASKET_COVERAGE,phase11-v1
EXCL_REVIEW_HIGH,VAYU-RI-EXCL-REVIEW-HIGH,ROUND::2026-09-09T09:00,2026-09-09 09:00,11,False,DEL-IDR,15,0.02194,OBSERVED,0,0,False,OBSERVED_BUT_NO_MATCHED_PAIR,,,0.02194,15,NO_BASKET_COVERAGE,phase11-v1
EXCL_REVIEW_HIGH,VAYU-RI-EXCL-REVIEW-HIGH,ROUND::2026-09-09T14:30,2026-09-09 14:30,12,False,BOM-DEL,1,0.162603,OBSERVED,1,0,False,OBSERVED_BUT_NO_MATCHED_PAIR,,,0.162603,15,NO_BASKET_COVERAGE,phase11-v1
EXCL_REVIEW_HIGH,VAYU-RI-EXCL-REVIEW-HIGH,ROUND::2026-09-09T14:30,2026-09-09 14:30,12,False,BLR-DEL,2,0.111103,OBSERVED,0,0,False,OBSERVED_BUT_NO_MATCHED_PAIR,,,0.111103,15,NO_BASKET_COVERAGE,phase11-v1
EXCL_REVIEW_HIGH,VAYU-RI-EXCL-REVIEW-HIGH,ROUND::2026-09-09T14:30,2026-09-09 14:30,12,False,BLR-BOM,3,0.097658,OBSERVED,0,0,False,OBSERVED_BUT_NO_MATCHED_PAIR,,,0.097658,15,NO_BASKET_COVERAGE,phase11-v1
EXCL_REVIEW_HIGH,VAYU-RI-EXCL-REVIEW-HIGH,ROUND::2026-09-09T14:30,2026-09-09 14:30,12,False,DEL-HYD,4,0.078228,OBSERVED,0,0,False,OBSERVED_BUT_NO_MATCHED_PAIR,,,0.078228,15,NO_BASKET_COVERAGE,phase11-v1
EXCL_REVIEW_HIGH,VAYU-RI-EXCL-REVIEW-HIGH,ROUND::2026-09-09T14:30,2026-09-09 14:30,12,False,DEL-PNQ,5,0.069402,OBSERVED,0,0,False,OBSERVED_BUT_NO_MATCHED_PAIR,,,0.069402,15,NO_BASKET_COVERAGE,phase11-v1
EXCL_REVIEW_HIGH,VAYU-RI-EXCL-REVIEW-HIGH,ROUND::2026-09-09T14:30,2026-09-09 14:30,12,False,CCU-DEL,6,0.065754,OBSERVED,0,0,False,OBSERVED_BUT_NO_MATCHED_PAIR,,,0.065754,15,NO_BASKET_COVERAGE,phase11-v1
EXCL_REVIEW_HIGH,VAYU-RI-EXCL-REVIEW-HIGH,ROUND::2026-09-09T14:30,2026-09-09 14:30,12,False,AMD-DEL,7,0.060216,OBSERVED,0,0,False,OBSERVED_BUT_NO_MATCHED_PAIR,,,0.060216,15,NO_BASKET_COVERAGE,phase11-v1
EXCL_REVIEW_HIGH,VAYU-RI-EXCL-REVIEW-HIGH,ROUND::2026-09-09T14:30,2026-09-09 14:30,12,False,DEL-MAA,8,0.058216,OBSERVED,0,0,False,OBSERVED_BUT_NO_MATCHED_PAIR,,,0.058216,15,NO_BASKET_COVERAGE,phase11-v1
EXCL_REVIEW_HIGH,VAYU-RI-EXCL-REVIEW-HIGH,ROUND::2026-09-09T14:30,2026-09-09 14:30,12,False,BOM-HYD,9,0.055855,OBSERVED,0,0,False,OBSERVED_BUT_NO_MATCHED_PAIR,,,0.055855,15,NO_BASKET_COVERAGE,phase11-v1
EXCL_REVIEW_HIGH,VAYU-RI-EXCL-REVIEW-HIGH,ROUND::2026-09-09T14:30,2026-09-09 14:30,12,False,BLR-CCU,10,0.05523,OBSERVED,0,0,False,OBSERVED_BUT_NO_MATCHED_PAIR,,,0.05523,15,NO_BASKET_COVERAGE,phase11-v1
EXCL_REVIEW_HIGH,VAYU-RI-EXCL-REVIEW-HIGH,ROUND::2026-09-09T14:30,2026-09-09 14:30,12,False,DEL-SXR,11,0.054956,OBSERVED,0,0,False,OBSERVED_BUT_NO_MATCHED_PAIR,,,0.054956,15,NO_BASKET_COVERAGE,phase11-v1
EXCL_REVIEW_HIGH,VAYU-RI-EXCL-REVIEW-HIGH,ROUND::2026-09-09T14:30,2026-09-09 14:30,12,False,DEL-GOI,12,0.03707,OBSERVED,0,0,False,OBSERVED_BUT_NO_MATCHED_PAIR,,,0.03707,15,NO_BASKET_COVERAGE,phase11-v1
EXCL_REVIEW_HIGH,VAYU-RI-EXCL-REVIEW-HIGH,ROUND::2026-09-09T14:30,2026-09-09 14:30,12,False,DEL-GAU,13,0.036519,OBSERVED,0,0,False,OBSERVED_BUT_NO_MATCHED_PAIR,,,0.036519,15,NO_BASKET_COVERAGE,phase11-v1
EXCL_REVIEW_HIGH,VAYU-RI-EXCL-REVIEW-HIGH,ROUND::2026-09-09T14:30,2026-09-09 14:30,12,False,BLR-COK,14,0.03525,OBSERVED,0,0,False,OBSERVED_BUT_NO_MATCHED_PAIR,,,0.03525,15,NO_BASKET_COVERAGE,phase11-v1
EXCL_REVIEW_HIGH,VAYU-RI-EXCL-REVIEW-HIGH,ROUND::2026-09-09T14:30,2026-09-09 14:30,12,False,DEL-IDR,15,0.02194,OBSERVED,0,0,False,OBSERVED_BUT_NO_MATCHED_PAIR,,,0.02194,15,NO_BASKET_COVERAGE,phase11-v1
EXCL_REVIEW_HIGH,VAYU-RI-EXCL-REVIEW-HIGH,ROUND::2026-09-09T20:15,2026-09-09 20:15,13,False,BOM-DEL,1,0.162603,OBSERVED,0,0,False,OBSERVED_BUT_NO_MATCHED_PAIR,,,0.162603,15,NO_BASKET_COVERAGE,phase11-v1
EXCL_REVIEW_HIGH,VAYU-RI-EXCL-REVIEW-HIGH,ROUND::2026-09-09T20:15,2026-09-09 20:15,13,False,BLR-DEL,2,0.111103,OBSERVED,0,0,False,OBSERVED_BUT_NO_MATCHED_PAIR,,,0.111103,15,NO_BASKET_COVERAGE,phase11-v1
EXCL_REVIEW_HIGH,VAYU-RI-EXCL-REVIEW-HIGH,ROUND::2026-09-09T20:15,2026-09-09 20:15,13,False,BLR-BOM,3,0.097658,OBSERVED,0,0,False,OBSERVED_BUT_NO_MATCHED_PAIR,,,0.097658,15,NO_BASKET_COVERAGE,phase11-v1
EXCL_REVIEW_HIGH,VAYU-RI-EXCL-REVIEW-HIGH,ROUND::2026-09-09T20:15,2026-09-09 20:15,13,False,DEL-HYD,4,0.078228,OBSERVED,0,0,False,OBSERVED_BUT_NO_MATCHED_PAIR,,,0.078228,15,NO_BASKET_COVERAGE,phase11-v1
EXCL_REVIEW_HIGH,VAYU-RI-EXCL-REVIEW-HIGH,ROUND::2026-09-09T20:15,2026-09-09 20:15,13,False,DEL-PNQ,5,0.069402,OBSERVED,0,0,False,OBSERVED_BUT_NO_MATCHED_PAIR,,,0.069402,15,NO_BASKET_COVERAGE,phase11-v1
EXCL_REVIEW_HIGH,VAYU-RI-EXCL-REVIEW-HIGH,ROUND::2026-09-09T20:15,2026-09-09 20:15,13,False,CCU-DEL,6,0.065754,OBSERVED,0,0,False,OBSERVED_BUT_NO_MATCHED_PAIR,,,0.065754,15,NO_BASKET_COVERAGE,phase11-v1
EXCL_REVIEW_HIGH,VAYU-RI-EXCL-REVIEW-HIGH,ROUND::2026-09-09T20:15,2026-09-09 20:15,13,False,AMD-DEL,7,0.060216,OBSERVED,0,0,False,OBSERVED_BUT_NO_MATCHED_PAIR,,,0.060216,15,NO_BASKET_COVERAGE,phase11-v1
EXCL_REVIEW_HIGH,VAYU-RI-EXCL-REVIEW-HIGH,ROUND::2026-09-09T20:15,2026-09-09 20:15,13,False,DEL-MAA,8,0.058216,OBSERVED,0,0,False,OBSERVED_BUT_NO_MATCHED_PAIR,,,0.058216,15,NO_BASKET_COVERAGE,phase11-v1
EXCL_REVIEW_HIGH,VAYU-RI-EXCL-REVIEW-HIGH,ROUND::2026-09-09T20:15,2026-09-09 20:15,13,False,BOM-HYD,9,0.055855,OBSERVED,0,0,False,OBSERVED_BUT_NO_MATCHED_PAIR,,,0.055855,15,NO_BASKET_COVERAGE,phase11-v1
EXCL_REVIEW_HIGH,VAYU-RI-EXCL-REVIEW-HIGH,ROUND::2026-09-09T20:15,2026-09-09 20:15,13,False,BLR-CCU,10,0.05523,OBSERVED,0,0,False,OBSERVED_BUT_NO_MATCHED_PAIR,,,0.05523,15,NO_BASKET_COVERAGE,phase11-v1
EXCL_REVIEW_HIGH,VAYU-RI-EXCL-REVIEW-HIGH,ROUND::2026-09-09T20:15,2026-09-09 20:15,13,False,DEL-SXR,11,0.054956,OBSERVED,0,0,False,OBSERVED_BUT_NO_MATCHED_PAIR,,,0.054956,15,NO_BASKET_COVERAGE,phase11-v1
EXCL_REVIEW_HIGH,VAYU-RI-EXCL-REVIEW-HIGH,ROUND::2026-09-09T20:15,2026-09-09 20:15,13,False,DEL-GOI,12,0.03707,OBSERVED,1,0,False,OBSERVED_BUT_NO_MATCHED_PAIR,,,0.03707,15,NO_BASKET_COVERAGE,phase11-v1
EXCL_REVIEW_HIGH,VAYU-RI-EXCL-REVIEW-HIGH,ROUND::2026-09-09T20:15,2026-09-09 20:15,13,False,DEL-GAU,13,0.036519,OBSERVED,0,0,False,OBSERVED_BUT_NO_MATCHED_PAIR,,,0.036519,15,NO_BASKET_COVERAGE,phase11-v1
EXCL_REVIEW_HIGH,VAYU-RI-EXCL-REVIEW-HIGH,ROUND::2026-09-09T20:15,2026-09-09 20:15,13,False,BLR-COK,14,0.03525,OBSERVED,0,0,False,OBSERVED_BUT_NO_MATCHED_PAIR,,,0.03525,15,NO_BASKET_COVERAGE,phase11-v1
EXCL_REVIEW_HIGH,VAYU-RI-EXCL-REVIEW-HIGH,ROUND::2026-09-09T20:15,2026-09-09 20:15,13,False,DEL-IDR,15,0.02194,OBSERVED,0,0,False,OBSERVED_BUT_NO_MATCHED_PAIR,,,0.02194,15,NO_BASKET_COVERAGE,phase11-v1
