observed_directed_pair,observed_origin,observed_destination,route_id,route_direction_relation,canonicalization_source,observed_direction_preserved,basket_membership,basket_scope,basket_rank,traffic_weight,traffic_weight_is_metadata_only,route_coverage_status,observed_cell_count,contributing_observation_count,route_id_ordering,phase10_schema_version
BOM-DEL,BOM,DEL,BOM-DEL,EXACT_KEY_MATCH,scripts/build_vayu_route_basket.py::make_route_id,True,IN_BASKET,BASKET_SCOPED,1,0.162603,True,OBSERVED,77,191,ALPHABETIC_IATA,phase10-v1
BLR-DEL,BLR,DEL,BLR-DEL,EXACT_KEY_MATCH,scripts/build_vayu_route_basket.py::make_route_id,True,IN_BASKET,BASKET_SCOPED,2,0.111103,True,OBSERVED,82,209,ALPHABETIC_IATA,phase10-v1
BLR-BOM,BLR,BOM,BLR-BOM,EXACT_KEY_MATCH,scripts/build_vayu_route_basket.py::make_route_id,True,IN_BASKET,BASKET_SCOPED,3,0.097658,True,OBSERVED,79,193,ALPHABETIC_IATA,phase10-v1
DEL-HYD,DEL,HYD,DEL-HYD,EXACT_KEY_MATCH,scripts/build_vayu_route_basket.py::make_route_id,True,IN_BASKET,BASKET_SCOPED,4,0.078228,True,OBSERVED,80,215,ALPHABETIC_IATA,phase10-v1
DEL-PNQ,DEL,PNQ,DEL-PNQ,EXACT_KEY_MATCH,scripts/build_vayu_route_basket.py::make_route_id,True,IN_BASKET,BASKET_SCOPED,5,0.069402,True,OBSERVED,85,205,ALPHABETIC_IATA,phase10-v1
CCU-DEL,CCU,DEL,CCU-DEL,EXACT_KEY_MATCH,scripts/build_vayu_route_basket.py::make_route_id,True,IN_BASKET,BASKET_SCOPED,6,0.065754,True,OBSERVED,80,208,ALPHABETIC_IATA,phase10-v1
AMD-DEL,AMD,DEL,AMD-DEL,EXACT_KEY_MATCH,scripts/build_vayu_route_basket.py::make_route_id,True,IN_BASKET,BASKET_SCOPED,7,0.060216,True,OBSERVED,84,220,ALPHABETIC_IATA,phase10-v1
DEL-MAA,DEL,MAA,DEL-MAA,EXACT_KEY_MATCH,scripts/build_vayu_route_basket.py::make_route_id,True,IN_BASKET,BASKET_SCOPED,8,0.058216,True,OBSERVED,81,204,ALPHABETIC_IATA,phase10-v1
BOM-HYD,BOM,HYD,BOM-HYD,EXACT_KEY_MATCH,scripts/build_vayu_route_basket.py::make_route_id,True,IN_BASKET,BASKET_SCOPED,9,0.055855,True,OBSERVED,80,205,ALPHABETIC_IATA,phase10-v1
BLR-CCU,BLR,CCU,BLR-CCU,EXACT_KEY_MATCH,scripts/build_vayu_route_basket.py::make_route_id,True,IN_BASKET,BASKET_SCOPED,10,0.05523,True,OBSERVED,82,204,ALPHABETIC_IATA,phase10-v1
DEL-SXR,DEL,SXR,DEL-SXR,EXACT_KEY_MATCH,scripts/build_vayu_route_basket.py::make_route_id,True,IN_BASKET,BASKET_SCOPED,11,0.054956,True,OBSERVED,78,204,ALPHABETIC_IATA,phase10-v1
DEL-GOI,DEL,GOI,DEL-GOI,EXACT_KEY_MATCH,scripts/build_vayu_route_basket.py::make_route_id,True,IN_BASKET,BASKET_SCOPED,12,0.03707,True,OBSERVED,82,210,ALPHABETIC_IATA,phase10-v1
DEL-GAU,DEL,GAU,DEL-GAU,EXACT_KEY_MATCH,scripts/build_vayu_route_basket.py::make_route_id,True,IN_BASKET,BASKET_SCOPED,13,0.036519,True,OBSERVED,73,180,ALPHABETIC_IATA,phase10-v1
BLR-COK,BLR,COK,BLR-COK,EXACT_KEY_MATCH,scripts/build_vayu_route_basket.py::make_route_id,True,IN_BASKET,BASKET_SCOPED,14,0.03525,True,OBSERVED,68,177,ALPHABETIC_IATA,phase10-v1
DEL-IDR,DEL,IDR,DEL-IDR,EXACT_KEY_MATCH,scripts/build_vayu_route_basket.py::make_route_id,True,IN_BASKET,BASKET_SCOPED,15,0.02194,True,OBSERVED,62,173,ALPHABETIC_IATA,phase10-v1
