metric_record_id,backtest_id,metric_id,metric_name,metric_family,input_measure,vayu_series_variant,reference_series_id,comparison_grain,comparison_period_start,comparison_period_end,observations_available,observations_required,distinct_vayu_values,distinct_reference_values,metric_value,metric_unit,metric_status,insufficient_sample_reason,metric_definition,zero_handling_rule,missing_handling_rule,inclusion_rule_id,coverage_rule_id,phase12_schema_version
METRIC::MET-DESC-01,BT12-MOSPI-MONTHLY,MET-DESC-01,DESCRIPTIVE_LEVEL_DIFFERENCE,LEVEL,REBASED_LEVEL,PRIMARY,MOSPI-AIRFARE-CPI-07331201,MONTHLY,,,0,1,0,0,,PERCENTAGE_POINTS,INSUFFICIENT_SAMPLE,NO_OVERLAPPING_COMPLETE_PERIODS,DESCRIPTIVE_LEVEL_DIFFERENCE under locked Phase 12 rule MET-DESC-01,ZERO_DIRECTION_MATCHES_ONLY_ZERO,P12-MISS-01_NO_INTERPOLATION_FILL_OR_NEAREST_MATCH,P12-INCL-01_COMPLETE_MONTH_PERIOD_END_ONLY,SENS-COV-01,phase12-v1
METRIC::MET-MAE-01,BT12-MOSPI-MONTHLY,MET-MAE-01,MEAN_ABSOLUTE_ERROR_MOM_PP,CHANGE,MOM_PERCENT_CHANGE,PRIMARY,MOSPI-AIRFARE-CPI-07331201,MONTHLY,,,0,6,0,0,,PERCENTAGE_POINTS,INSUFFICIENT_SAMPLE,NO_OVERLAPPING_COMPLETE_PERIODS,MEAN_ABSOLUTE_ERROR_MOM_PP under locked Phase 12 rule MET-MAE-01,ZERO_DIRECTION_MATCHES_ONLY_ZERO,P12-MISS-01_NO_INTERPOLATION_FILL_OR_NEAREST_MATCH,P12-INCL-01_COMPLETE_MONTH_PERIOD_END_ONLY,SENS-COV-01,phase12-v1
METRIC::MET-RMSE-01,BT12-MOSPI-MONTHLY,MET-RMSE-01,ROOT_MEAN_SQUARED_ERROR_MOM_PP,CHANGE,MOM_PERCENT_CHANGE,PRIMARY,MOSPI-AIRFARE-CPI-07331201,MONTHLY,,,0,6,0,0,,PERCENTAGE_POINTS,INSUFFICIENT_SAMPLE,NO_OVERLAPPING_COMPLETE_PERIODS,ROOT_MEAN_SQUARED_ERROR_MOM_PP under locked Phase 12 rule MET-RMSE-01,ZERO_DIRECTION_MATCHES_ONLY_ZERO,P12-MISS-01_NO_INTERPOLATION_FILL_OR_NEAREST_MATCH,P12-INCL-01_COMPLETE_MONTH_PERIOD_END_ONLY,SENS-COV-01,phase12-v1
METRIC::MET-BIAS-01,BT12-MOSPI-MONTHLY,MET-BIAS-01,MEAN_SIGNED_ERROR_MOM_PP,CHANGE,MOM_PERCENT_CHANGE,PRIMARY,MOSPI-AIRFARE-CPI-07331201,MONTHLY,,,0,6,0,0,,PERCENTAGE_POINTS,INSUFFICIENT_SAMPLE,NO_OVERLAPPING_COMPLETE_PERIODS,MEAN_SIGNED_ERROR_MOM_PP under locked Phase 12 rule MET-BIAS-01,ZERO_DIRECTION_MATCHES_ONLY_ZERO,P12-MISS-01_NO_INTERPOLATION_FILL_OR_NEAREST_MATCH,P12-INCL-01_COMPLETE_MONTH_PERIOD_END_ONLY,SENS-COV-01,phase12-v1
METRIC::MET-MAPE-01,BT12-MOSPI-MONTHLY,MET-MAPE-01,MAPE_REBASED_POSITIVE_LEVELS,LEVEL,POSITIVE_REBASED_LEVELS,PRIMARY,MOSPI-AIRFARE-CPI-07331201,MONTHLY,,,0,6,0,0,,PERCENT,INSUFFICIENT_SAMPLE,NO_OVERLAPPING_COMPLETE_PERIODS,MAPE_REBASED_POSITIVE_LEVELS under locked Phase 12 rule MET-MAPE-01,ZERO_MATCHES_ONLY_ZERO;MAPE_REQUIRES_POSITIVE_REFERENCE,P12-MISS-01_NO_INTERPOLATION_FILL_OR_NEAREST_MATCH,P12-INCL-01_COMPLETE_MONTH_PERIOD_END_ONLY,SENS-COV-01,phase12-v1
METRIC::MET-DIR-01,BT12-MOSPI-MONTHLY,MET-DIR-01,DIRECTIONAL_AGREEMENT_MOM,CHANGE,MOM_PERCENT_CHANGE,PRIMARY,MOSPI-AIRFARE-CPI-07331201,MONTHLY,,,0,6,0,0,,PERCENT,INSUFFICIENT_SAMPLE,NO_OVERLAPPING_COMPLETE_PERIODS,DIRECTIONAL_AGREEMENT_MOM under locked Phase 12 rule MET-DIR-01,ZERO_DIRECTION_MATCHES_ONLY_ZERO,P12-MISS-01_NO_INTERPOLATION_FILL_OR_NEAREST_MATCH,P12-INCL-01_COMPLETE_MONTH_PERIOD_END_ONLY,SENS-COV-01,phase12-v1
METRIC::MET-PEARSON-01,BT12-MOSPI-MONTHLY,MET-PEARSON-01,PEARSON_CORRELATION_MOM,CHANGE,MOM_PERCENT_CHANGE,PRIMARY,MOSPI-AIRFARE-CPI-07331201,MONTHLY,,,0,12,0,0,,CORRELATION,INSUFFICIENT_SAMPLE,NO_OVERLAPPING_COMPLETE_PERIODS,PEARSON_CORRELATION_MOM under locked Phase 12 rule MET-PEARSON-01,ZERO_DIRECTION_MATCHES_ONLY_ZERO,P12-MISS-01_NO_INTERPOLATION_FILL_OR_NEAREST_MATCH,P12-INCL-01_COMPLETE_MONTH_PERIOD_END_ONLY,SENS-COV-01,phase12-v1
METRIC::MET-SPEARMAN-01,BT12-MOSPI-MONTHLY,MET-SPEARMAN-01,SPEARMAN_CORRELATION_MOM,CHANGE,MOM_PERCENT_CHANGE,PRIMARY,MOSPI-AIRFARE-CPI-07331201,MONTHLY,,,0,12,0,0,,CORRELATION,INSUFFICIENT_SAMPLE,NO_OVERLAPPING_COMPLETE_PERIODS,SPEARMAN_CORRELATION_MOM under locked Phase 12 rule MET-SPEARMAN-01,ZERO_DIRECTION_MATCHES_ONLY_ZERO,P12-MISS-01_NO_INTERPOLATION_FILL_OR_NEAREST_MATCH,P12-INCL-01_COMPLETE_MONTH_PERIOD_END_ONLY,SENS-COV-01,phase12-v1
METRIC::MET-SD-VAYU-01,BT12-MOSPI-MONTHLY,MET-SD-VAYU-01,VAYU_CHANGE_STANDARD_DEVIATION,CHANGE,MOM_PERCENT_CHANGE,PRIMARY,MOSPI-AIRFARE-CPI-07331201,MONTHLY,,,0,12,0,0,,PERCENTAGE_POINTS,INSUFFICIENT_SAMPLE,NO_OVERLAPPING_COMPLETE_PERIODS,VAYU_CHANGE_STANDARD_DEVIATION under locked Phase 12 rule MET-SD-VAYU-01,ZERO_DIRECTION_MATCHES_ONLY_ZERO,P12-MISS-01_NO_INTERPOLATION_FILL_OR_NEAREST_MATCH,P12-INCL-01_COMPLETE_MONTH_PERIOD_END_ONLY,SENS-COV-01,phase12-v1
METRIC::MET-SD-REF-01,BT12-MOSPI-MONTHLY,MET-SD-REF-01,REFERENCE_CHANGE_STANDARD_DEVIATION,CHANGE,MOM_PERCENT_CHANGE,PRIMARY,MOSPI-AIRFARE-CPI-07331201,MONTHLY,,,0,12,0,0,,PERCENTAGE_POINTS,INSUFFICIENT_SAMPLE,NO_OVERLAPPING_COMPLETE_PERIODS,REFERENCE_CHANGE_STANDARD_DEVIATION under locked Phase 12 rule MET-SD-REF-01,ZERO_DIRECTION_MATCHES_ONLY_ZERO,P12-MISS-01_NO_INTERPOLATION_FILL_OR_NEAREST_MATCH,P12-INCL-01_COMPLETE_MONTH_PERIOD_END_ONLY,SENS-COV-01,phase12-v1
METRIC::MET-VOL-01,BT12-MOSPI-MONTHLY,MET-VOL-01,VOLATILITY_RATIO,CHANGE,MOM_PERCENT_CHANGE,PRIMARY,MOSPI-AIRFARE-CPI-07331201,MONTHLY,,,0,12,0,0,,PERCENTAGE_POINTS,INSUFFICIENT_SAMPLE,NO_OVERLAPPING_COMPLETE_PERIODS,VOLATILITY_RATIO under locked Phase 12 rule MET-VOL-01,ZERO_DIRECTION_MATCHES_ONLY_ZERO,P12-MISS-01_NO_INTERPOLATION_FILL_OR_NEAREST_MATCH,P12-INCL-01_COMPLETE_MONTH_PERIOD_END_ONLY,SENS-COV-01,phase12-v1
METRIC::MET-TURN-01,BT12-MOSPI-MONTHLY,MET-TURN-01,TURNING_POINT_AGREEMENT,CHANGE,MOM_PERCENT_CHANGE,PRIMARY,MOSPI-AIRFARE-CPI-07331201,MONTHLY,,,0,12,0,0,,PERCENT,INSUFFICIENT_SAMPLE,NO_OVERLAPPING_COMPLETE_PERIODS,TURNING_POINT_AGREEMENT under locked Phase 12 rule MET-TURN-01,ZERO_DIRECTION_MATCHES_ONLY_ZERO,P12-MISS-01_NO_INTERPOLATION_FILL_OR_NEAREST_MATCH,P12-INCL-01_COMPLETE_MONTH_PERIOD_END_ONLY,SENS-COV-01,phase12-v1
METRIC::MET-PEAK-01,BT12-MOSPI-MONTHLY,MET-PEAK-01,PEAK_TROUGH_TIMING_DIFFERENCE,LEVEL,REBASED_LEVEL,PRIMARY,MOSPI-AIRFARE-CPI-07331201,MONTHLY,,,0,12,0,0,,PERCENTAGE_POINTS,INSUFFICIENT_SAMPLE,NO_OVERLAPPING_COMPLETE_PERIODS,PEAK_TROUGH_TIMING_DIFFERENCE under locked Phase 12 rule MET-PEAK-01,ZERO_DIRECTION_MATCHES_ONLY_ZERO,P12-MISS-01_NO_INTERPOLATION_FILL_OR_NEAREST_MATCH,P12-INCL-01_COMPLETE_MONTH_PERIOD_END_ONLY,SENS-COV-01,phase12-v1
METRIC::MET-YOY-01,BT12-MOSPI-MONTHLY,MET-YOY-01,YEAR_OVER_YEAR_CHANGE_COMPARISON,CHANGE,MOM_PERCENT_CHANGE,PRIMARY,MOSPI-AIRFARE-CPI-07331201,MONTHLY,,,0,12,0,0,,PERCENTAGE_POINTS,INSUFFICIENT_SAMPLE,NO_OVERLAPPING_COMPLETE_PERIODS,YEAR_OVER_YEAR_CHANGE_COMPARISON under locked Phase 12 rule MET-YOY-01,ZERO_DIRECTION_MATCHES_ONLY_ZERO,P12-MISS-01_NO_INTERPOLATION_FILL_OR_NEAREST_MATCH,P12-INCL-01_COMPLETE_MONTH_PERIOD_END_ONLY,SENS-COV-01,phase12-v1
METRIC::MET-LAG-M1,BT12-MOSPI-MONTHLY,MET-LAG-M1,LEAD_LAG_MINUS_ONE_MONTH,CHANGE,MOM_PERCENT_CHANGE,PRIMARY,MOSPI-AIRFARE-CPI-07331201,MONTHLY,,,0,18,0,0,,PERCENTAGE_POINTS,INSUFFICIENT_SAMPLE,NOT_APPLICABLE_NO_OVERLAP,LEAD_LAG_MINUS_ONE_MONTH under locked Phase 12 rule MET-LAG-M1,ZERO_DIRECTION_MATCHES_ONLY_ZERO,P12-MISS-01_NO_INTERPOLATION_FILL_OR_NEAREST_MATCH,P12-INCL-01_COMPLETE_MONTH_PERIOD_END_ONLY,SENS-COV-01,phase12-v1
METRIC::MET-LAG-00,BT12-MOSPI-MONTHLY,MET-LAG-00,LEAD_LAG_ZERO_MONTH,CHANGE,MOM_PERCENT_CHANGE,PRIMARY,MOSPI-AIRFARE-CPI-07331201,MONTHLY,,,0,18,0,0,,PERCENTAGE_POINTS,INSUFFICIENT_SAMPLE,NOT_APPLICABLE_NO_OVERLAP,LEAD_LAG_ZERO_MONTH under locked Phase 12 rule MET-LAG-00,ZERO_DIRECTION_MATCHES_ONLY_ZERO,P12-MISS-01_NO_INTERPOLATION_FILL_OR_NEAREST_MATCH,P12-INCL-01_COMPLETE_MONTH_PERIOD_END_ONLY,SENS-COV-01,phase12-v1
METRIC::MET-LAG-P1,BT12-MOSPI-MONTHLY,MET-LAG-P1,LEAD_LAG_PLUS_ONE_MONTH,CHANGE,MOM_PERCENT_CHANGE,PRIMARY,MOSPI-AIRFARE-CPI-07331201,MONTHLY,,,0,18,0,0,,PERCENTAGE_POINTS,INSUFFICIENT_SAMPLE,NOT_APPLICABLE_NO_OVERLAP,LEAD_LAG_PLUS_ONE_MONTH under locked Phase 12 rule MET-LAG-P1,ZERO_DIRECTION_MATCHES_ONLY_ZERO,P12-MISS-01_NO_INTERPOLATION_FILL_OR_NEAREST_MATCH,P12-INCL-01_COMPLETE_MONTH_PERIOD_END_ONLY,SENS-COV-01,phase12-v1
