run_id,route_id,basket_rank,basket_scope,traffic_weight,directed_pairs_planned,sources_planned,apws_planned,rounds_planned,queries_planned,attempts_recorded,successful_attempts,sources_successful,apws_successful,rounds_successful,priced_observations,sold_out_observations,compliance_blocks,route_coverage_pct,phase13_schema_version
RUN13-DRY::b8e72e8368c90633a2ccf4c1f627794e,AMD-DEL,7,IN_BASKET,0.060216,2,11,5,3,330,330,0,0,0,0,0,0,330,0.000000,phase13-v1
RUN13-DRY::b8e72e8368c90633a2ccf4c1f627794e,BLR-BOM,3,IN_BASKET,0.097658,2,11,5,3,330,330,0,0,0,0,0,0,330,0.000000,phase13-v1
RUN13-DRY::b8e72e8368c90633a2ccf4c1f627794e,BLR-CCU,10,IN_BASKET,0.05523,2,11,5,3,330,330,0,0,0,0,0,0,330,0.000000,phase13-v1
RUN13-DRY::b8e72e8368c90633a2ccf4c1f627794e,BLR-COK,14,IN_BASKET,0.03525,2,11,5,3,330,330,0,0,0,0,0,0,330,0.000000,phase13-v1
RUN13-DRY::b8e72e8368c90633a2ccf4c1f627794e,BLR-DEL,2,IN_BASKET,0.111103,2,11,5,3,330,330,0,0,0,0,0,0,330,0.000000,phase13-v1
RUN13-DRY::b8e72e8368c90633a2ccf4c1f627794e,BOM-DEL,1,IN_BASKET,0.162603,2,11,5,3,330,330,0,0,0,0,0,0,330,0.000000,phase13-v1
RUN13-DRY::b8e72e8368c90633a2ccf4c1f627794e,BOM-HYD,9,IN_BASKET,0.055855,2,11,5,3,330,330,0,0,0,0,0,0,330,0.000000,phase13-v1
RUN13-DRY::b8e72e8368c90633a2ccf4c1f627794e,CCU-DEL,6,IN_BASKET,0.065754,2,11,5,3,330,330,0,0,0,0,0,0,330,0.000000,phase13-v1
RUN13-DRY::b8e72e8368c90633a2ccf4c1f627794e,DEL-GAU,13,IN_BASKET,0.036519,2,11,5,3,330,330,0,0,0,0,0,0,330,0.000000,phase13-v1
RUN13-DRY::b8e72e8368c90633a2ccf4c1f627794e,DEL-GOI,12,IN_BASKET,0.03707,2,11,5,3,330,330,0,0,0,0,0,0,330,0.000000,phase13-v1
RUN13-DRY::b8e72e8368c90633a2ccf4c1f627794e,DEL-HYD,4,IN_BASKET,0.078228,2,11,5,3,330,330,0,0,0,0,0,0,330,0.000000,phase13-v1
RUN13-DRY::b8e72e8368c90633a2ccf4c1f627794e,DEL-IDR,15,IN_BASKET,0.02194,2,11,5,3,330,330,0,0,0,0,0,0,330,0.000000,phase13-v1
RUN13-DRY::b8e72e8368c90633a2ccf4c1f627794e,DEL-MAA,8,IN_BASKET,0.058216,2,11,5,3,330,330,0,0,0,0,0,0,330,0.000000,phase13-v1
RUN13-DRY::b8e72e8368c90633a2ccf4c1f627794e,DEL-PNQ,5,IN_BASKET,0.069402,2,11,5,3,330,330,0,0,0,0,0,0,330,0.000000,phase13-v1
RUN13-DRY::b8e72e8368c90633a2ccf4c1f627794e,DEL-SXR,11,IN_BASKET,0.054956,2,11,5,3,330,330,0,0,0,0,0,0,330,0.000000,phase13-v1
