series_variant,index_series_id,period_grain,period_id,period_start_round_id,period_end_round_id,round_count,expected_round_count,period_is_partial,period_end_index_level,period_average_level,period_primary_measure,period_secondary_measure,period_average_is_chain_consistent,index_change_pct_vs_prev_period,matched_product_count_total,basket_routes_represented_min,basket_routes_represented_max,basket_coverage_pct_min,basket_coverage_pct_max,coverage_status,derivation_rule,phase11_schema_version
PRIMARY,VAYU-RI-PRIMARY,DAILY,2026-09-05,ROUND::2026-09-05T09:00,ROUND::2026-09-05T20:15,3,3,False,100.144095,100.134243,PERIOD_END_CHAIN_LEVEL,PERIOD_AVERAGE_INDEX_LEVEL,False,,337,15,15,100.0000,100.0000,FULL_BASKET_COVERAGE,DERIVED_FROM_ROUND_LEVEL_CHAIN,phase11-v1
PRIMARY,VAYU-RI-PRIMARY,DAILY,2026-09-06,ROUND::2026-09-06T09:00,ROUND::2026-09-06T20:15,3,3,False,101.445379,101.401077,PERIOD_END_CHAIN_LEVEL,PERIOD_AVERAGE_INDEX_LEVEL,False,1.2994,503,13,15,94.2810,100.0000,PARTIAL_COVERAGE_PROTOTYPE,DERIVED_FROM_ROUND_LEVEL_CHAIN,phase11-v1
PRIMARY,VAYU-RI-PRIMARY,DAILY,2026-09-07,ROUND::2026-09-07T09:00,ROUND::2026-09-07T20:15,3,3,False,101.522949,101.522949,PERIOD_END_CHAIN_LEVEL,PERIOD_AVERAGE_INDEX_LEVEL,False,0.0765,2,0,2,0.0000,11.5298,PARTIAL_COVERAGE_PROTOTYPE,DERIVED_FROM_ROUND_LEVEL_CHAIN,phase11-v1
PRIMARY,VAYU-RI-PRIMARY,DAILY,2026-09-08,ROUND::2026-09-08T09:00,ROUND::2026-09-08T20:15,2,3,True,101.522949,101.522949,PERIOD_END_CHAIN_LEVEL,PERIOD_AVERAGE_INDEX_LEVEL,False,0.0000,0,0,0,0.0000,0.0000,NO_BASKET_COVERAGE,DERIVED_FROM_ROUND_LEVEL_CHAIN,phase11-v1
PRIMARY,VAYU-RI-PRIMARY,DAILY,2026-09-09,ROUND::2026-09-09T09:00,ROUND::2026-09-09T20:15,3,3,False,101.522949,101.522949,PERIOD_END_CHAIN_LEVEL,PERIOD_AVERAGE_INDEX_LEVEL,False,0.0000,0,0,0,0.0000,0.0000,NO_BASKET_COVERAGE,DERIVED_FROM_ROUND_LEVEL_CHAIN,phase11-v1
PRIMARY,VAYU-RI-PRIMARY,WEEKLY,2026-W36,ROUND::2026-09-05T09:00,ROUND::2026-09-06T20:15,6,21,True,101.445379,100.767660,PERIOD_END_CHAIN_LEVEL,PERIOD_AVERAGE_INDEX_LEVEL,False,,840,13,15,94.2810,100.0000,PARTIAL_COVERAGE_PROTOTYPE,DERIVED_FROM_ROUND_LEVEL_CHAIN,phase11-v1
PRIMARY,VAYU-RI-PRIMARY,WEEKLY,2026-W37,ROUND::2026-09-07T09:00,ROUND::2026-09-09T20:15,8,21,True,101.522949,101.522949,PERIOD_END_CHAIN_LEVEL,PERIOD_AVERAGE_INDEX_LEVEL,False,0.0765,2,0,2,0.0000,11.5298,PARTIAL_COVERAGE_PROTOTYPE,DERIVED_FROM_ROUND_LEVEL_CHAIN,phase11-v1
PRIMARY,VAYU-RI-PRIMARY,MONTHLY,2026-09,ROUND::2026-09-05T09:00,ROUND::2026-09-09T20:15,14,90,True,101.522949,101.199254,PERIOD_END_CHAIN_LEVEL,PERIOD_AVERAGE_INDEX_LEVEL,False,,842,0,15,0.0000,100.0000,PARTIAL_COVERAGE_PROTOTYPE,DERIVED_FROM_ROUND_LEVEL_CHAIN,phase11-v1
EXCL_REVIEW_HIGH,VAYU-RI-EXCL-REVIEW-HIGH,DAILY,2026-09-05,ROUND::2026-09-05T09:00,ROUND::2026-09-05T20:15,3,3,False,100.222544,100.196598,PERIOD_END_CHAIN_LEVEL,PERIOD_AVERAGE_INDEX_LEVEL,False,,328,15,15,100.0000,100.0000,FULL_BASKET_COVERAGE,DERIVED_FROM_ROUND_LEVEL_CHAIN,phase11-v1
EXCL_REVIEW_HIGH,VAYU-RI-EXCL-REVIEW-HIGH,DAILY,2026-09-06,ROUND::2026-09-06T09:00,ROUND::2026-09-06T20:15,3,3,False,101.512875,101.476520,PERIOD_END_CHAIN_LEVEL,PERIOD_AVERAGE_INDEX_LEVEL,False,1.2875,502,13,15,94.2810,100.0000,PARTIAL_COVERAGE_PROTOTYPE,DERIVED_FROM_ROUND_LEVEL_CHAIN,phase11-v1
EXCL_REVIEW_HIGH,VAYU-RI-EXCL-REVIEW-HIGH,DAILY,2026-09-07,ROUND::2026-09-07T09:00,ROUND::2026-09-07T20:15,3,3,False,101.590498,101.590498,PERIOD_END_CHAIN_LEVEL,PERIOD_AVERAGE_INDEX_LEVEL,False,0.0765,2,0,2,0.0000,11.5298,PARTIAL_COVERAGE_PROTOTYPE,DERIVED_FROM_ROUND_LEVEL_CHAIN,phase11-v1
EXCL_REVIEW_HIGH,VAYU-RI-EXCL-REVIEW-HIGH,DAILY,2026-09-08,ROUND::2026-09-08T09:00,ROUND::2026-09-08T20:15,2,3,True,101.590498,101.590498,PERIOD_END_CHAIN_LEVEL,PERIOD_AVERAGE_INDEX_LEVEL,False,0.0000,0,0,0,0.0000,0.0000,NO_BASKET_COVERAGE,DERIVED_FROM_ROUND_LEVEL_CHAIN,phase11-v1
EXCL_REVIEW_HIGH,VAYU-RI-EXCL-REVIEW-HIGH,DAILY,2026-09-09,ROUND::2026-09-09T09:00,ROUND::2026-09-09T20:15,3,3,False,101.590498,101.590498,PERIOD_END_CHAIN_LEVEL,PERIOD_AVERAGE_INDEX_LEVEL,False,0.0000,0,0,0,0.0000,0.0000,NO_BASKET_COVERAGE,DERIVED_FROM_ROUND_LEVEL_CHAIN,phase11-v1
EXCL_REVIEW_HIGH,VAYU-RI-EXCL-REVIEW-HIGH,WEEKLY,2026-W36,ROUND::2026-09-05T09:00,ROUND::2026-09-06T20:15,6,21,True,101.512875,100.836559,PERIOD_END_CHAIN_LEVEL,PERIOD_AVERAGE_INDEX_LEVEL,False,,830,13,15,94.2810,100.0000,PARTIAL_COVERAGE_PROTOTYPE,DERIVED_FROM_ROUND_LEVEL_CHAIN,phase11-v1
EXCL_REVIEW_HIGH,VAYU-RI-EXCL-REVIEW-HIGH,WEEKLY,2026-W37,ROUND::2026-09-07T09:00,ROUND::2026-09-09T20:15,8,21,True,101.590498,101.590498,PERIOD_END_CHAIN_LEVEL,PERIOD_AVERAGE_INDEX_LEVEL,False,0.0765,2,0,2,0.0000,11.5298,PARTIAL_COVERAGE_PROTOTYPE,DERIVED_FROM_ROUND_LEVEL_CHAIN,phase11-v1
EXCL_REVIEW_HIGH,VAYU-RI-EXCL-REVIEW-HIGH,MONTHLY,2026-09,ROUND::2026-09-05T09:00,ROUND::2026-09-09T20:15,14,90,True,101.590498,101.267381,PERIOD_END_CHAIN_LEVEL,PERIOD_AVERAGE_INDEX_LEVEL,False,,832,0,15,0.0000,100.0000,PARTIAL_COVERAGE_PROTOTYPE,DERIVED_FROM_ROUND_LEVEL_CHAIN,phase11-v1
