record_id,source_sno,original_city_1,original_city_2,city_1_standardized,city_2_standardized,passengers_city1_to_city2,passengers_city2_to_city1,flag_city1_to_city2,flag_city2_to_city1,total_bidirectional_passengers,needs_review,pdf_parsing_repaired,pdf_parsing_repair_type,financial_year,source_page
1,1,ADAMPUR,HINDON AIRPORT,ADAMPUR,HINDON AIRPORT,18272,17543,,,35815,False,False,,2024-25,1
2,2,AGARTALA,AHMEDABAD,AGARTALA,AHMEDABAD,698,966,,,1664,False,False,,2024-25,1
3,3,AGARTALA,AIZAWL,AGARTALA,AIZAWL,176,,,DGCA_DASH,,True,False,,2024-25,1
4,4,AGARTALA,BENGALURU,AGARTALA,BENGALURU,53252,52441,,,105693,False,False,,2024-25,1
5,5,AGARTALA,CHENNAI,AGARTALA,CHENNAI,8466,4861,,,13327,False,False,,2024-25,1
6,6,AGARTALA,DELHI,AGARTALA,DELHI,58465,62221,,,120686,False,False,,2024-25,1
7,7,AGARTALA,DIBRUGARH,AGARTALA,DIBRUGARH,2661,2315,,,4976,False,False,,2024-25,1
8,8,AGARTALA,GUWAHATI,AGARTALA,GUWAHATI,143812,153384,,,297196,False,False,,2024-25,1
9,9,AGARTALA,HYDERABAD,AGARTALA,HYDERABAD,16673,18229,,,34902,False,False,,2024-25,1
10,10,AGARTALA,IMPHAL,AGARTALA,IMPHAL,18509,22022,,,40531,False,False,,2024-25,1
11,11,AGARTALA,JAIPUR,AGARTALA,JAIPUR,1,,,DGCA_DASH,,True,False,,2024-25,1
12,12,AGARTALA,KOLKATA,AGARTALA,KOLKATA,377454,385386,,,762840,False,False,,2024-25,1
13,13,AGARTALA,RAIPUR,AGARTALA,RAIPUR,,178,DGCA_DASH,,,True,False,,2024-25,1
14,14,AGARTALA,VISAKHAPATNAM,AGARTALA,VISAKHAPATNAM,5,,,DGCA_DASH,,True,False,,2024-25,1
15,15,AGATTI ISLAND,BENGALURU,AGATTI ISLAND,BENGALURU,7540,9937,,,17477,False,False,,2024-25,1
16,16,AGATTI ISLAND,Goa,AGATTI ISLAND,GOA,10143,11478,,,21621,False,False,,2024-25,1
17,17,AGATTI ISLAND,KOCHI,AGATTI ISLAND,KOCHI,27646,36844,,,64490,False,False,,2024-25,1
18,18,AGATTI ISLAND,KOZHIKODE,AGATTI ISLAND,KOZHIKODE,959,2064,,,3023,False,False,,2024-25,1
19,19,AGRA,AHMEDABAD,AGRA,AHMEDABAD,4415,4642,,,9057,False,False,,2024-25,1
20,20,AGRA,BENGALURU,AGRA,BENGALURU,33410,33234,,,66644,False,False,,2024-25,1
21,21,AGRA,DELHI,AGRA,DELHI,0,122,,,122,False,False,,2024-25,1
22,22,AGRA,HYDERABAD,AGRA,HYDERABAD,12462,12226,,,24688,False,False,,2024-25,1
23,23,AGRA,JAIPUR,AGRA,JAIPUR,,9,DGCA_DASH,,,True,False,,2024-25,1
24,24,AGRA,LUCKNOW,AGRA,LUCKNOW,6402,4581,,,10983,False,False,,2024-25,1
25,25,AGRA,MUMBAI,AGRA,MUMBAI,24393,25736,,,50129,False,False,,2024-25,1
26,26,AHMEDABAD,Kishangarh,AHMEDABAD,KISHANGARH,1427,1352,,,2779,False,False,,2024-25,1
27,27,AHMEDABAD,PRAYAGRAJ,AHMEDABAD,PRAYAGRAJ,28934,27997,,,56931,False,False,,2024-25,1
28,28,AHMEDABAD,AMRITSAR,AHMEDABAD,AMRITSAR,44366,42800,,,87166,False,False,,2024-25,1
29,29,AHMEDABAD,AURANGABAD,AHMEDABAD,AURANGABAD,14690,12325,,,27015,False,False,,2024-25,1
30,30,AHMEDABAD,BAGDOGRA,AHMEDABAD,BAGDOGRA,34389,31074,,,65463,False,False,,2024-25,1
31,31,AHMEDABAD,BELGAUM,AHMEDABAD,BELGAUM,6015,6007,,,12022,False,False,,2024-25,1
32,32,AHMEDABAD,BENGALURU,AHMEDABAD,BENGALURU,488403,492250,,,980653,False,False,,2024-25,1
33,33,AHMEDABAD,BHOPAL,AHMEDABAD,BHOPAL,47617,48649,,,96266,False,False,,2024-25,1
34,34,AHMEDABAD,BHUBANESWAR,AHMEDABAD,BHUBANESWAR,47808,46843,,,94651,False,False,,2024-25,1
35,35,AHMEDABAD,BHUJ,AHMEDABAD,BHUJ,15310,14101,,,29411,False,False,,2024-25,1
36,36,AHMEDABAD,CHANDIGARH,AHMEDABAD,CHANDIGARH,112229,106039,,,218268,False,False,,2024-25,1
37,37,AHMEDABAD,CHENNAI,AHMEDABAD,CHENNAI,226907,226372,,,453279,False,False,,2024-25,1
38,38,AHMEDABAD,COIMBATORE,AHMEDABAD,COIMBATORE,11829,10113,,,21942,False,False,,2024-25,1
39,39,AHMEDABAD,DABOLIM,AHMEDABAD,DABOLIM,190365,186305,,,376670,False,False,,2024-25,1
40,40,AHMEDABAD,DehraDun,AHMEDABAD,DEHRADUN,61877,53259,,,115136,False,False,,2024-25,1
41,41,AHMEDABAD,DELHI,AHMEDABAD,DELHI,1262081,1274961,,,2537042,False,False,,2024-25,1
42,42,AHMEDABAD,DIMAPUR,AHMEDABAD,DIMAPUR,701,623,,,1324,False,False,,2024-25,1
43,43,AHMEDABAD,DIU,AHMEDABAD,DIU,20052,18696,,,38748,False,False,,2024-25,1
44,44,AHMEDABAD,DURGAPUR,AHMEDABAD,DURGAPUR,1448,1640,,,3088,False,False,,2024-25,1
45,45,AHMEDABAD,Goa,AHMEDABAD,GOA,147836,142294,,,290130,False,False,,2024-25,1
46,46,AHMEDABAD,GORAKHPUR,AHMEDABAD,GORAKHPUR,95,,,DGCA_DASH,,True,False,,2024-25,1
47,47,AHMEDABAD,GUWAHATI,AHMEDABAD,GUWAHATI,18881,17896,,,36777,False,False,,2024-25,1
48,48,AHMEDABAD,GWALIOR,AHMEDABAD,GWALIOR,3892,3947,,,7839,False,False,,2024-25,1
49,49,AHMEDABAD,HYDERABAD,AHMEDABAD,HYDERABAD,262157,243086,,,505243,False,False,,2024-25,1
50,50,AHMEDABAD,INDORE,AHMEDABAD,INDORE,65266,69075,,,134341,False,False,,2024-25,1
51,51,AHMEDABAD,JABALPUR,AHMEDABAD,JABALPUR,93,118,,,211,False,False,,2024-25,2
52,52,AHMEDABAD,JAIPUR,AHMEDABAD,JAIPUR,115991,113350,,,229341,False,False,,2024-25,2
53,53,AHMEDABAD,JAISALMER,AHMEDABAD,JAISALMER,37,,,DGCA_DASH,,True,False,,2024-25,2
54,54,AHMEDABAD,JALGAON,AHMEDABAD,JALGAON,2298,2352,,,4650,False,False,,2024-25,2
55,55,AHMEDABAD,JAMMU,AHMEDABAD,JAMMU,33991,27229,,,61220,False,False,,2024-25,2
56,56,AHMEDABAD,JODHPUR,AHMEDABAD,JODHPUR,24267,22309,,,46576,False,False,,2024-25,2
57,57,AHMEDABAD,KESHOD,AHMEDABAD,KESHOD,2473,1867,,,4340,False,False,,2024-25,2
58,58,AHMEDABAD,KOCHI,AHMEDABAD,KOCHI,71071,68682,,,139753,False,False,,2024-25,2
59,59,AHMEDABAD,KOLHAPUR,AHMEDABAD,KOLHAPUR,3407,3147,,,6554,False,False,,2024-25,2
60,60,AHMEDABAD,KOLKATA,AHMEDABAD,KOLKATA,216833,208616,,,425449,False,False,,2024-25,2
61,61,AHMEDABAD,LUCKNOW,AHMEDABAD,LUCKNOW,150580,156258,,,306838,False,False,,2024-25,2
62,62,AHMEDABAD,MUMBAI,AHMEDABAD,MUMBAI,1044930,1056513,,,2101443,False,False,,2024-25,2
63,63,AHMEDABAD,NAGPUR,AHMEDABAD,NAGPUR,51311,50940,,,102251,False,False,,2024-25,2
64,64,AHMEDABAD,NANDED,AHMEDABAD,NANDED,10795,11445,,,22240,False,False,,2024-25,2
65,65,AHMEDABAD,NASIK,AHMEDABAD,NASIK,23039,22251,,,45290,False,False,,2024-25,2
66,66,AHMEDABAD,PATNA,AHMEDABAD,PATNA,80296,77193,,,157489,False,False,,2024-25,2
67,67,AHMEDABAD,PUNE,AHMEDABAD,PUNE,317736,326374,,,644110,False,False,,2024-25,2
68,68,AHMEDABAD,RAIPUR,AHMEDABAD,RAIPUR,41669,44058,,,85727,False,False,,2024-25,2
69,69,AHMEDABAD,Rajkot International Airport,AHMEDABAD,RAJKOT INTERNATIONAL AIRPORT,6744,6019,,,12763,False,False,,2024-25,2
70,70,AHMEDABAD,RANCHI,AHMEDABAD,RANCHI,49420,49162,,,98582,False,False,,2024-25,2
71,71,AHMEDABAD,SRINAGAR,AHMEDABAD,SRINAGAR,61967,56801,,,118768,False,False,,2024-25,2
72,72,AHMEDABAD,TRIVANDRUM,AHMEDABAD,TRIVANDRUM,8794,10312,,,19106,False,False,,2024-25,2
73,73,AHMEDABAD,UDAIPUR,AHMEDABAD,UDAIPUR,5409,4710,,,10119,False,False,,2024-25,2
74,74,AHMEDABAD,VADODARA,AHMEDABAD,VADODARA,157,133,,,290,False,False,,2024-25,2
75,75,AHMEDABAD,VARANASI,AHMEDABAD,VARANASI,59551,65602,,,125153,False,False,,2024-25,2
76,76,AHMEDABAD,VISAKHAPATNAM,AHMEDABAD,VISAKHAPATNAM,4615,7945,,,12560,False,False,,2024-25,2
77,77,AHMEDABAD,Ayodhya International Airport,AHMEDABAD,AYODHYA INTERNATIONAL AIRPORT,79888,77418,,,157306,False,True,CITY2_PAX_BOUNDARY_BLEED,2024-25,2
78,78,AIZAWL,BENGALURU,AIZAWL,BENGALURU,1153,1240,,,2393,False,False,,2024-25,2
79,79,AIZAWL,DELHI,AIZAWL,DELHI,53650,56258,,,109908,False,False,,2024-25,2
80,80,AIZAWL,DIMAPUR,AIZAWL,DIMAPUR,,3,DGCA_DASH,,,True,False,,2024-25,2
81,81,AIZAWL,GUWAHATI,AIZAWL,GUWAHATI,80131,82371,,,162502,False,False,,2024-25,2
82,82,AIZAWL,IMPHAL,AIZAWL,IMPHAL,5804,6119,,,11923,False,False,,2024-25,2
83,83,AIZAWL,KOLKATA,AIZAWL,KOLKATA,96826,85414,,,182240,False,False,,2024-25,2
84,84,AIZAWL,MUMBAI,AIZAWL,MUMBAI,97,70,,,167,False,False,,2024-25,2
85,85,AIZAWL,SHILLONG,AIZAWL,SHILLONG,7134,6913,,,14047,False,False,,2024-25,2
86,86,AIZAWL,SILCHAR,AIZAWL,SILCHAR,17,,,DGCA_DASH,,True,False,,2024-25,2
87,87,Kishangarh,LUCKNOW,KISHANGARH,LUCKNOW,7898,8414,,,16312,False,False,,2024-25,2
88,88,Kishangarh,NAGPUR,KISHANGARH,NAGPUR,9932,11238,,,21170,False,False,,2024-25,2
89,89,Kishangarh,PUNE,KISHANGARH,PUNE,14042,16075,,,30117,False,False,,2024-25,2
90,90,Kishangarh,SURAT,KISHANGARH,SURAT,1451,1525,,,2976,False,False,,2024-25,2
91,91,Kishangarh,HINDON AIRPORT,KISHANGARH,HINDON AIRPORT,6046,6510,,,12556,False,False,,2024-25,2
92,92,PRAYAGRAJ,BENGALURU,PRAYAGRAJ,BENGALURU,63734,64861,,,128595,False,False,,2024-25,2
93,93,PRAYAGRAJ,BHOPAL,PRAYAGRAJ,BHOPAL,6556,8973,,,15529,False,False,,2024-25,2
94,94,PRAYAGRAJ,BHUBANESWAR,PRAYAGRAJ,BHUBANESWAR,19313,19905,,,39218,False,False,,2024-25,2
95,95,PRAYAGRAJ,BILASPUR,PRAYAGRAJ,BILASPUR,4476,4952,,,9428,False,False,,2024-25,2
96,96,PRAYAGRAJ,CHANDIGARH,PRAYAGRAJ,CHANDIGARH,1538,1729,,,3267,False,False,,2024-25,2
97,97,PRAYAGRAJ,CHENNAI,PRAYAGRAJ,CHENNAI,2633,3154,,,5787,False,False,,2024-25,2
98,98,PRAYAGRAJ,DehraDun,PRAYAGRAJ,DEHRADUN,6694,5945,,,12639,False,False,,2024-25,2
99,99,PRAYAGRAJ,DELHI,PRAYAGRAJ,DELHI,155786,157005,,,312791,False,False,,2024-25,2
100,100,PRAYAGRAJ,GORAKHPUR,PRAYAGRAJ,GORAKHPUR,69,68,,,137,False,False,,2024-25,2
101,101,PRAYAGRAJ,GUWAHATI,PRAYAGRAJ,GUWAHATI,2756,2481,,,5237,False,False,,2024-25,3
102,102,PRAYAGRAJ,HYDERABAD,PRAYAGRAJ,HYDERABAD,32687,33654,,,66341,False,False,,2024-25,3
103,103,PRAYAGRAJ,INDORE,PRAYAGRAJ,INDORE,1692,1876,,,3568,False,False,,2024-25,3
104,104,PRAYAGRAJ,JAIPUR,PRAYAGRAJ,JAIPUR,6517,7044,,,13561,False,False,,2024-25,3
105,105,PRAYAGRAJ,KOLKATA,PRAYAGRAJ,KOLKATA,18685,18763,,,37448,False,False,,2024-25,3
106,106,PRAYAGRAJ,LUCKNOW,PRAYAGRAJ,LUCKNOW,16854,14214,,,31068,False,False,,2024-25,3
107,107,PRAYAGRAJ,MUMBAI,PRAYAGRAJ,MUMBAI,152679,155014,,,307693,False,False,,2024-25,3
108,108,PRAYAGRAJ,PUNE,PRAYAGRAJ,PUNE,2298,2308,,,4606,False,False,,2024-25,3
109,109,PRAYAGRAJ,RAIPUR,PRAYAGRAJ,RAIPUR,13267,13844,,,27111,False,False,,2024-25,3
110,110,AMRITSAR,BENGALURU,AMRITSAR,BENGALURU,55734,53366,,,109100,False,False,,2024-25,3
111,111,AMRITSAR,CHANDIGARH,AMRITSAR,CHANDIGARH,288,311,,,599,False,False,,2024-25,3
112,112,AMRITSAR,CHENNAI,AMRITSAR,CHENNAI,1324,807,,,2131,False,False,,2024-25,3
113,113,AMRITSAR,DABOLIM,AMRITSAR,DABOLIM,,6,DGCA_DASH,,,True,False,,2024-25,3
114,114,AMRITSAR,DehraDun,AMRITSAR,DEHRADUN,1060,972,,,2032,False,False,,2024-25,3
115,115,AMRITSAR,DELHI,AMRITSAR,DELHI,630326,647314,,,1277640,False,False,,2024-25,3
116,116,AMRITSAR,DHARAMSALA,AMRITSAR,DHARAMSALA,,51,DGCA_DASH,,,True,False,,2024-25,3
117,117,AMRITSAR,GUWAHATI,AMRITSAR,GUWAHATI,1239,1551,,,2790,False,False,,2024-25,3
118,118,AMRITSAR,HYDERABAD,AMRITSAR,HYDERABAD,79940,81797,,,161737,False,False,,2024-25,3
119,119,AMRITSAR,INDORE,AMRITSAR,INDORE,13,56,,,69,False,False,,2024-25,3
120,120,AMRITSAR,JAIPUR,AMRITSAR,JAIPUR,1712,1717,,,3429,False,False,,2024-25,3
121,121,AMRITSAR,JAMMU,AMRITSAR,JAMMU,165,,,DGCA_DASH,,True,False,,2024-25,3
122,122,AMRITSAR,KOCHI,AMRITSAR,KOCHI,,1,DGCA_DASH,,,True,False,,2024-25,3
123,123,AMRITSAR,KOLKATA,AMRITSAR,KOLKATA,25557,23772,,,49329,False,False,,2024-25,3
124,124,AMRITSAR,KULLU,AMRITSAR,KULLU,4700,3339,,,8039,False,False,,2024-25,3
125,125,AMRITSAR,LUCKNOW,AMRITSAR,LUCKNOW,31884,30660,,,62544,False,False,,2024-25,3
126,126,AMRITSAR,MUMBAI,AMRITSAR,MUMBAI,148034,146645,,,294679,False,False,,2024-25,3
127,127,AMRITSAR,NAGPUR,AMRITSAR,NAGPUR,12,,,DGCA_DASH,,True,False,,2024-25,3
128,128,AMRITSAR,PUNE,AMRITSAR,PUNE,56113,55653,,,111766,False,False,,2024-25,3
129,129,AMRITSAR,SIMLA,AMRITSAR,SIMLA,2496,1592,,,4088,False,False,,2024-25,3
130,130,AMRITSAR,SRINAGAR,AMRITSAR,SRINAGAR,84909,81172,,,166081,False,False,,2024-25,3
131,131,AMRITSAR,VARANASI,AMRITSAR,VARANASI,,48,DGCA_DASH,,,True,False,,2024-25,3
132,132,AURANGABAD,BENGALURU,AURANGABAD,BENGALURU,27756,27679,,,55435,False,False,,2024-25,3
133,133,AURANGABAD,DABOLIM,AURANGABAD,DABOLIM,3166,2963,,,6129,False,False,,2024-25,3
134,134,AURANGABAD,DELHI,AURANGABAD,DELHI,134418,139877,,,274295,False,False,,2024-25,3
135,135,AURANGABAD,Goa,AURANGABAD,GOA,1966,1908,,,3874,False,False,,2024-25,3
136,136,AURANGABAD,HYDERABAD,AURANGABAD,HYDERABAD,50395,43889,,,94284,False,False,,2024-25,3
137,137,AURANGABAD,JAIPUR,AURANGABAD,JAIPUR,337,212,,,549,False,False,,2024-25,3
138,138,AURANGABAD,LUCKNOW,AURANGABAD,LUCKNOW,1057,779,,,1836,False,False,,2024-25,3
139,139,AURANGABAD,MUMBAI,AURANGABAD,MUMBAI,109196,110339,,,219535,False,False,,2024-25,3
140,140,AURANGABAD,NAGPUR,AURANGABAD,NAGPUR,3360,3280,,,6640,False,False,,2024-25,3
141,141,BAGDOGRA,BENGALURU,BAGDOGRA,BENGALURU,324613,301072,,,625685,False,False,,2024-25,3
142,142,BAGDOGRA,BHUBANESWAR,BAGDOGRA,BHUBANESWAR,4138,4533,,,8671,False,False,,2024-25,3
143,143,BAGDOGRA,CHANDIGARH,BAGDOGRA,CHANDIGARH,4,,,DGCA_DASH,,True,False,,2024-25,3
144,144,BAGDOGRA,CHENNAI,BAGDOGRA,CHENNAI,79697,80823,,,160520,False,False,,2024-25,3
145,145,BAGDOGRA,COIMBATORE,BAGDOGRA,COIMBATORE,129,,,DGCA_DASH,,True,False,,2024-25,3
146,146,BAGDOGRA,DELHI,BAGDOGRA,DELHI,498949,516921,,,1015870,False,False,,2024-25,3
147,147,BAGDOGRA,DIBRUGARH,BAGDOGRA,DIBRUGARH,24957,20495,,,45452,False,False,,2024-25,3
148,148,BAGDOGRA,DURGAPUR,BAGDOGRA,DURGAPUR,3311,3373,,,6684,False,False,,2024-25,3
149,149,BAGDOGRA,GUWAHATI,BAGDOGRA,GUWAHATI,16320,40758,,,57078,False,False,,2024-25,3
150,150,BAGDOGRA,HYDERABAD,BAGDOGRA,HYDERABAD,151034,154069,,,305103,False,False,,2024-25,3
151,151,BAGDOGRA,JAIPUR,BAGDOGRA,JAIPUR,156,,,DGCA_DASH,,True,False,,2024-25,4
152,152,BAGDOGRA,KOLKATA,BAGDOGRA,KOLKATA,318782,307118,,,625900,False,False,,2024-25,4
153,153,BAGDOGRA,LUCKNOW,BAGDOGRA,LUCKNOW,1,,,DGCA_DASH,,True,False,,2024-25,4
154,154,BAGDOGRA,MUMBAI,BAGDOGRA,MUMBAI,154753,156765,,,311518,False,False,,2024-25,4
155,155,BAGDOGRA,PATNA,BAGDOGRA,PATNA,37,92,,,129,False,False,,2024-25,4
156,156,BAGDOGRA,SRINAGAR,BAGDOGRA,SRINAGAR,,2,DGCA_DASH,,,True,False,,2024-25,4
157,157,BAGDOGRA,VARANASI,BAGDOGRA,VARANASI,4,,,DGCA_DASH,,True,False,,2024-25,4
158,158,BAREILLY,BENGALURU,BAREILLY,BENGALURU,24617,25060,,,49677,False,False,,2024-25,4
159,159,BAREILLY,DELHI,BAREILLY,DELHI,32,,,DGCA_DASH,,True,False,,2024-25,4
160,160,BAREILLY,LUCKNOW,BAREILLY,LUCKNOW,,159,DGCA_DASH,,,True,False,,2024-25,4
161,161,BAREILLY,MUMBAI,BAREILLY,MUMBAI,33989,34797,,,68786,False,False,,2024-25,4
162,162,Hyderabad,HYDERABAD,HYDERABAD,HYDERABAD,,2,DGCA_DASH,,,True,False,,2024-25,4
163,163,BELGAUM,BENGALURU,BELGAUM,BENGALURU,43939,44872,,,88811,False,False,,2024-25,4
164,164,BELGAUM,DELHI,BELGAUM,DELHI,49828,49775,,,99603,False,False,,2024-25,4
165,165,BELGAUM,HYDERABAD,BELGAUM,HYDERABAD,22604,22348,,,44952,False,False,,2024-25,4
166,166,BELGAUM,JAIPUR,BELGAUM,JAIPUR,6965,6606,,,13571,False,False,,2024-25,4
167,167,BELGAUM,JODHPUR,BELGAUM,JODHPUR,2648,2440,,,5088,False,False,,2024-25,4
168,168,BELGAUM,MUMBAI,BELGAUM,MUMBAI,15143,16190,,,31333,False,False,,2024-25,4
169,169,BELGAUM,NAGPUR,BELGAUM,NAGPUR,6074,5958,,,12032,False,False,,2024-25,4
170,170,BELGAUM,SURAT,BELGAUM,SURAT,1657,1496,,,3153,False,False,,2024-25,4
171,171,BELGAUM,TIRUPATI,BELGAUM,TIRUPATI,4263,4125,,,8388,False,False,,2024-25,4
172,172,BENGALURU,BHOPAL,BENGALURU,BHOPAL,130129,130680,,,260809,False,False,,2024-25,4
173,173,BENGALURU,BHUBANESWAR,BENGALURU,BHUBANESWAR,403565,407206,,,810771,False,False,,2024-25,4
174,174,BENGALURU,CHANDIGARH,BENGALURU,CHANDIGARH,241398,238299,,,479697,False,False,,2024-25,4
175,175,BENGALURU,CHENNAI,BENGALURU,CHENNAI,733012,741936,,,1474948,False,False,,2024-25,4
176,176,BENGALURU,COIMBATORE,BENGALURU,COIMBATORE,184179,186944,,,371123,False,False,,2024-25,4
177,177,BENGALURU,DABOLIM,BENGALURU,DABOLIM,574907,588394,,,1163301,False,False,,2024-25,4
178,178,BENGALURU,DARBHANGA,BENGALURU,DARBHANGA,19194,20189,,,39383,False,False,,2024-25,4
179,179,BENGALURU,DehraDun,BENGALURU,DEHRADUN,107263,104106,,,211369,False,False,,2024-25,4
180,180,BENGALURU,DELHI,BENGALURU,DELHI,2331024,2350018,,,4681042,False,False,,2024-25,4
181,181,BENGALURU,Deoghar,BENGALURU,DEOGHAR,34748,33952,,,68700,False,False,,2024-25,4
182,182,BENGALURU,DIBRUGARH,BENGALURU,DIBRUGARH,2096,2568,,,4664,False,False,,2024-25,4
183,183,BENGALURU,DURGAPUR,BENGALURU,DURGAPUR,56513,56120,,,112633,False,False,,2024-25,4
184,184,BENGALURU,Goa,BENGALURU,GOA,268167,267499,,,535666,False,False,,2024-25,4
185,185,BENGALURU,GORAKHPUR,BENGALURU,GORAKHPUR,68759,71198,,,139957,False,False,,2024-25,4
186,186,BENGALURU,GUWAHATI,BENGALURU,GUWAHATI,403841,368116,,,771957,False,False,,2024-25,4
187,187,BENGALURU,GWALIOR,BENGALURU,GWALIOR,46532,45780,,,92312,False,False,,2024-25,4
188,188,BENGALURU,HUBLI,BENGALURU,HUBLI,46345,46812,,,93157,False,False,,2024-25,4
189,189,BENGALURU,HYDERABAD,BENGALURU,HYDERABAD,1153136,1140466,,,2293602,False,False,,2024-25,4
190,190,BENGALURU,IMPHAL,BENGALURU,IMPHAL,9878,6604,,,16482,False,False,,2024-25,4
191,191,BENGALURU,INDORE,BENGALURU,INDORE,194513,193758,,,388271,False,False,,2024-25,4
192,192,BENGALURU,JABALPUR,BENGALURU,JABALPUR,19894,19801,,,39695,False,False,,2024-25,4
193,193,BENGALURU,JAIPUR,BENGALURU,JAIPUR,373047,361602,,,734649,False,False,,2024-25,4
194,194,BENGALURU,JAMMU,BENGALURU,JAMMU,18785,19429,,,38214,False,False,,2024-25,4
195,195,BENGALURU,JAMNAGAR,BENGALURU,JAMNAGAR,9810,9253,,,19063,False,False,,2024-25,4
196,196,BENGALURU,JHARSUGUDA,BENGALURU,JHARSUGUDA,56295,56021,,,112316,False,False,,2024-25,4
197,197,BENGALURU,JODHPUR,BENGALURU,JODHPUR,64043,61109,,,125152,False,False,,2024-25,4
198,198,BENGALURU,Cuddapah,BENGALURU,CUDDAPAH,3119,3613,,,6732,False,False,,2024-25,4
199,199,BENGALURU,KALABURAGI,BENGALURU,KALABURAGI,13780,13981,,,27761,False,False,,2024-25,4
200,200,BENGALURU,KANNUR,BENGALURU,KANNUR,49222,46996,,,96218,False,False,,2024-25,4
201,201,BENGALURU,KANPUR,BENGALURU,KANPUR,26369,25590,,,51959,False,False,,2024-25,5
202,202,BENGALURU,KOCHI,BENGALURU,KOCHI,735881,749267,,,1485148,False,False,,2024-25,5
203,203,BENGALURU,KOLHAPUR,BENGALURU,KOLHAPUR,27339,26735,,,54074,False,False,,2024-25,5
204,204,BENGALURU,KOLKATA,BENGALURU,KOLKATA,1180899,1146081,,,2326980,False,False,,2024-25,5
205,205,BENGALURU,KOZHIKODE,BENGALURU,KOZHIKODE,111173,113655,,,224828,False,False,,2024-25,5
206,206,BENGALURU,KURNOOL,BENGALURU,KURNOOL,1265,1376,,,2641,False,False,,2024-25,5
207,207,BENGALURU,LUCKNOW,BENGALURU,LUCKNOW,370311,373671,,,743982,False,False,,2024-25,5
208,208,BENGALURU,MADURAI,BENGALURU,MADURAI,104477,100190,,,204667,False,False,,2024-25,5
209,209,BENGALURU,Malvan,BENGALURU,MALVAN,1120,919,,,2039,False,False,,2024-25,5
210,210,BENGALURU,MANGALORE,BENGALURU,MANGALORE,355699,350055,,,705754,False,False,,2024-25,5
211,211,BENGALURU,MUMBAI,BENGALURU,MUMBAI,2030837,2083737,,,4114574,False,False,,2024-25,5
212,212,BENGALURU,NAGPUR,BENGALURU,NAGPUR,197882,196517,,,394399,False,False,,2024-25,5
213,213,BENGALURU,NANDED,BENGALURU,NANDED,16430,16757,,,33187,False,False,,2024-25,5
214,214,BENGALURU,NASIK,BENGALURU,NASIK,33516,34178,,,67694,False,False,,2024-25,5
215,215,BENGALURU,PATNA,BENGALURU,PATNA,287958,275385,,,563343,False,False,,2024-25,5
216,216,BENGALURU,PONDICHERRY,BENGALURU,PONDICHERRY,6858,6906,,,13764,False,False,,2024-25,5
217,217,BENGALURU,PORT BLAIR,BENGALURU,PORT BLAIR,114045,113381,,,227426,False,False,,2024-25,5
218,218,BENGALURU,PUNE,BENGALURU,PUNE,939239,941870,,,1881109,False,False,,2024-25,5
219,219,BENGALURU,RAIPUR,BENGALURU,RAIPUR,125492,125344,,,250836,False,False,,2024-25,5
220,220,BENGALURU,RAJAHMUNDRY,BENGALURU,RAJAHMUNDRY,42176,43537,,,85713,False,False,,2024-25,5
221,221,BENGALURU,Rajkot International Airport,BENGALURU,RAJKOT INTERNATIONAL AIRPORT,56991,55192,,,112183,False,False,,2024-25,5
222,222,BENGALURU,RANCHI,BENGALURU,RANCHI,232731,229814,,,462545,False,False,,2024-25,5
223,223,BENGALURU,SALEM,BENGALURU,SALEM,21832,23475,,,45307,False,False,,2024-25,5
224,224,BENGALURU,SHIRDI,BENGALURU,SHIRDI,78840,78631,,,157471,False,False,,2024-25,5
225,225,BENGALURU,Shivamogga Airport,BENGALURU,SHIVAMOGGA AIRPORT,16727,16945,,,33672,False,False,,2024-25,5
226,226,BENGALURU,SRINAGAR,BENGALURU,SRINAGAR,80398,82897,,,163295,False,False,,2024-25,5
227,227,BENGALURU,SURAT,BENGALURU,SURAT,139238,137612,,,276850,False,False,,2024-25,5
228,228,BENGALURU,TIRUCHIRAPALLY,BENGALURU,TIRUCHIRAPALLY,73525,71099,,,144624,False,False,,2024-25,5
229,229,BENGALURU,TIRUPATI,BENGALURU,TIRUPATI,23679,23375,,,47054,False,False,,2024-25,5
230,230,BENGALURU,TRIVANDRUM,BENGALURU,TRIVANDRUM,407481,414721,,,822202,False,False,,2024-25,5
231,231,BENGALURU,TUTICORIN,BENGALURU,TUTICORIN,25909,23442,,,49351,False,False,,2024-25,5
232,232,BENGALURU,UDAIPUR,BENGALURU,UDAIPUR,106893,105357,,,212250,False,False,,2024-25,5
233,233,BENGALURU,VADODARA,BENGALURU,VADODARA,57962,56611,,,114573,False,False,,2024-25,5
234,234,BENGALURU,VARANASI,BENGALURU,VARANASI,441495,440705,,,882200,False,False,,2024-25,5
235,235,BENGALURU,VIDYANAGAR,BENGALURU,VIDYANAGAR,10852,11396,,,22248,False,False,,2024-25,5
236,236,BENGALURU,VIJAYAWADA,BENGALURU,VIJAYAWADA,149713,150766,,,300479,False,False,,2024-25,5
237,237,BENGALURU,VISAKHAPATNAM,BENGALURU,VISAKHAPATNAM,257444,264501,,,521945,False,False,,2024-25,5
238,238,BENGALURU,Ayodhya International Airport,BENGALURU,AYODHYA INTERNATIONAL AIRPORT,107330,106558,,,213888,False,True,CITY2_PAX_BOUNDARY_BLEED,2024-25,5
239,239,BENGALURU,HINDON AIRPORT,BENGALURU,HINDON AIRPORT,7177,7351,,,14528,False,False,,2024-25,5
240,240,BHATINDA,CHANDIGARH,BHATINDA,CHANDIGARH,34,,,DGCA_DASH,,True,False,,2024-25,5
241,241,BHATINDA,DELHI,BHATINDA,DELHI,14145,14119,,,28264,False,False,,2024-25,5
242,242,BHATINDA,HINDON AIRPORT,BHATINDA,HINDON AIRPORT,995,862,,,1857,False,False,,2024-25,5
243,243,BHAVNAGAR,MUMBAI,BHAVNAGAR,MUMBAI,19256,19491,,,38747,False,False,,2024-25,5
244,244,BHAVNAGAR,PUNE,BHAVNAGAR,PUNE,16621,16383,,,33004,False,False,,2024-25,5
245,245,BHOPAL,DABOLIM,BHOPAL,DABOLIM,16858,16773,,,33631,False,False,,2024-25,5
246,246,BHOPAL,DELHI,BHOPAL,DELHI,305542,309214,,,614756,False,False,,2024-25,5
247,247,BHOPAL,HYDERABAD,BHOPAL,HYDERABAD,30179,30349,,,60528,False,False,,2024-25,5
248,248,BHOPAL,INDORE,BHOPAL,INDORE,104,104,,,208,False,False,,2024-25,5
249,249,BHOPAL,JABALPUR,BHOPAL,JABALPUR,498,811,,,1309,False,False,,2024-25,5
250,250,BHOPAL,JAIPUR,BHOPAL,JAIPUR,13411,13243,,,26654,False,False,,2024-25,5
251,251,BHOPAL,KANNUR,BHOPAL,KANNUR,143,,,DGCA_DASH,,True,False,,2024-25,6
252,252,BHOPAL,KOLKATA,BHOPAL,KOLKATA,,3,DGCA_DASH,,,True,False,,2024-25,6
253,253,BHOPAL,LUCKNOW,BHOPAL,LUCKNOW,14091,14298,,,28389,False,False,,2024-25,6
254,254,BHOPAL,MUMBAI,BHOPAL,MUMBAI,175925,174496,,,350421,False,False,,2024-25,6
255,255,BHOPAL,NAGPUR,BHOPAL,NAGPUR,31,,,DGCA_DASH,,True,False,,2024-25,6
256,256,BHOPAL,PUNE,BHOPAL,PUNE,24594,24565,,,49159,False,False,,2024-25,6
257,257,BHOPAL,RAIPUR,BHOPAL,RAIPUR,23518,24067,,,47585,False,False,,2024-25,6
258,258,BHOPAL,REWA,BHOPAL,REWA,352,417,,,769,False,False,,2024-25,6
259,259,BHOPAL,UDAIPUR,BHOPAL,UDAIPUR,8640,8853,,,17493,False,False,,2024-25,6
260,260,BHUBANESWAR,CHANDIGARH,BHUBANESWAR,CHANDIGARH,8349,6840,,,15189,False,False,,2024-25,6
261,261,BHUBANESWAR,CHENNAI,BHUBANESWAR,CHENNAI,122505,130385,,,252890,False,False,,2024-25,6
262,262,BHUBANESWAR,DehraDun,BHUBANESWAR,DEHRADUN,2411,2611,,,5022,False,False,,2024-25,6
263,263,BHUBANESWAR,DELHI,BHUBANESWAR,DELHI,549982,570082,,,1120064,False,False,,2024-25,6
264,264,BHUBANESWAR,DURGAPUR,BHUBANESWAR,DURGAPUR,5795,5606,,,11401,False,False,,2024-25,6
265,265,BHUBANESWAR,GUWAHATI,BHUBANESWAR,GUWAHATI,52779,49343,,,102122,False,False,,2024-25,6
266,266,BHUBANESWAR,HYDERABAD,BHUBANESWAR,HYDERABAD,232878,242380,,,475258,False,False,,2024-25,6
267,267,BHUBANESWAR,IMPHAL,BHUBANESWAR,IMPHAL,46,,,DGCA_DASH,,True,False,,2024-25,6
268,268,BHUBANESWAR,INDORE,BHUBANESWAR,INDORE,4645,4847,,,9492,False,False,,2024-25,6
269,269,BHUBANESWAR,JAIPUR,BHUBANESWAR,JAIPUR,7324,7346,,,14670,False,False,,2024-25,6
270,270,BHUBANESWAR,JAMMU,BHUBANESWAR,JAMMU,335,263,,,598,False,False,,2024-25,6
271,271,BHUBANESWAR,JAMSHEDPUR,BHUBANESWAR,JAMSHEDPUR,1986,2271,,,4257,False,False,,2024-25,6
272,272,BHUBANESWAR,JEYPORE,BHUBANESWAR,JEYPORE,4507,4595,,,9102,False,False,,2024-25,6
273,273,BHUBANESWAR,JHARSUGUDA,BHUBANESWAR,JHARSUGUDA,7026,8482,,,15508,False,False,,2024-25,6
274,274,BHUBANESWAR,JODHPUR,BHUBANESWAR,JODHPUR,60,58,,,118,False,False,,2024-25,6
275,275,BHUBANESWAR,KOCHI,BHUBANESWAR,KOCHI,14253,10716,,,24969,False,False,,2024-25,6
276,276,BHUBANESWAR,KOLKATA,BHUBANESWAR,KOLKATA,286814,289264,,,576078,False,False,,2024-25,6
277,277,BHUBANESWAR,LUCKNOW,BHUBANESWAR,LUCKNOW,22446,22905,,,45351,False,False,,2024-25,6
278,278,BHUBANESWAR,MUMBAI,BHUBANESWAR,MUMBAI,289149,294536,,,583685,False,False,,2024-25,6
279,279,BHUBANESWAR,PATNA,BHUBANESWAR,PATNA,54454,52335,,,106789,False,False,,2024-25,6
280,280,BHUBANESWAR,PORT BLAIR,BHUBANESWAR,PORT BLAIR,251,317,,,568,False,False,,2024-25,6
281,281,BHUBANESWAR,PUNE,BHUBANESWAR,PUNE,59158,57336,,,116494,False,False,,2024-25,6
282,282,BHUBANESWAR,RAIPUR,BHUBANESWAR,RAIPUR,38142,41247,,,79389,False,False,,2024-25,6
283,283,BHUBANESWAR,RANCHI,BHUBANESWAR,RANCHI,17080,16820,,,33900,False,False,,2024-25,6
284,284,BHUBANESWAR,ROURKELA,BHUBANESWAR,ROURKELA,15480,15801,,,31281,False,False,,2024-25,6
285,285,BHUBANESWAR,SRINAGAR,BHUBANESWAR,SRINAGAR,1274,904,,,2178,False,False,,2024-25,6
286,286,BHUBANESWAR,Utkela,BHUBANESWAR,UTKELA,1065,1422,,,2487,False,False,,2024-25,6
287,287,BHUBANESWAR,VARANASI,BHUBANESWAR,VARANASI,18753,19014,,,37767,False,False,,2024-25,6
288,288,BHUBANESWAR,VISAKHAPATNAM,BHUBANESWAR,VISAKHAPATNAM,219,,,DGCA_DASH,,True,False,,2024-25,6
289,289,BHUBANESWAR,HINDON AIRPORT,BHUBANESWAR,HINDON AIRPORT,293,227,,,520,False,False,,2024-25,6
290,290,BHUJ,DELHI,BHUJ,DELHI,9411,9441,,,18852,False,False,,2024-25,6
291,291,BHUJ,MUMBAI,BHUJ,MUMBAI,67303,68733,,,136036,False,False,,2024-25,6
292,292,BIKANER,DELHI,BIKANER,DELHI,4505,4147,,,8652,False,False,,2024-25,6
293,293,BIKANER,JAIPUR,BIKANER,JAIPUR,2178,2451,,,4629,False,False,,2024-25,6
294,294,BILASPUR,DELHI,BILASPUR,DELHI,8128,5762,,,13890,False,False,,2024-25,6
295,295,BILASPUR,HYDERABAD,BILASPUR,HYDERABAD,18,1,,,19,False,False,,2024-25,6
296,296,BILASPUR,INDORE,BILASPUR,INDORE,,18,DGCA_DASH,,,True,False,,2024-25,6
297,297,BILASPUR,JABALPUR,BILASPUR,JABALPUR,4498,3649,,,8147,False,False,,2024-25,6
298,298,BILASPUR,JAGDALPUR,BILASPUR,JAGDALPUR,1733,2508,,,4241,False,False,,2024-25,6
299,299,BILASPUR,KOLKATA,BILASPUR,KOLKATA,2873,2563,,,5436,False,False,,2024-25,6
300,300,BILASPUR,Ambikapur Airport,BILASPUR,AMBIKAPUR AIRPORT,89,113,,,202,False,False,,2024-25,6
301,301,CHANDIGARH,CHENNAI,CHANDIGARH,CHENNAI,61302,62989,,,124291,False,False,,2024-25,7
302,302,CHANDIGARH,DABOLIM,CHANDIGARH,DABOLIM,88559,91199,,,179758,False,False,,2024-25,7
303,303,CHANDIGARH,DELHI,CHANDIGARH,DELHI,475829,477469,,,953298,False,False,,2024-25,7
304,304,CHANDIGARH,DHARAMSALA,CHANDIGARH,DHARAMSALA,9653,10700,,,20353,False,False,,2024-25,7
305,305,CHANDIGARH,Goa,CHANDIGARH,GOA,3881,4100,,,7981,False,False,,2024-25,7
306,306,CHANDIGARH,GUWAHATI,CHANDIGARH,GUWAHATI,10651,11629,,,22280,False,False,,2024-25,7
307,307,CHANDIGARH,HYDERABAD,CHANDIGARH,HYDERABAD,126759,131074,,,257833,False,False,,2024-25,7
308,308,CHANDIGARH,INDORE,CHANDIGARH,INDORE,25229,26170,,,51399,False,False,,2024-25,7
309,309,CHANDIGARH,JAIPUR,CHANDIGARH,JAIPUR,65050,66599,,,131649,False,False,,2024-25,7
310,310,CHANDIGARH,JAMMU,CHANDIGARH,JAMMU,19500,14647,,,34147,False,False,,2024-25,7
311,311,CHANDIGARH,KOCHI,CHANDIGARH,KOCHI,4206,5300,,,9506,False,False,,2024-25,7
312,312,CHANDIGARH,KOLKATA,CHANDIGARH,KOLKATA,54703,53704,,,108407,False,False,,2024-25,7
313,313,CHANDIGARH,KULLU,CHANDIGARH,KULLU,117,,,DGCA_DASH,,True,False,,2024-25,7
314,314,CHANDIGARH,LEH,CHANDIGARH,LEH,20798,23831,,,44629,False,False,,2024-25,7
315,315,CHANDIGARH,LUCKNOW,CHANDIGARH,LUCKNOW,45461,50399,,,95860,False,False,,2024-25,7
316,316,CHANDIGARH,MUMBAI,CHANDIGARH,MUMBAI,332845,347247,,,680092,False,False,,2024-25,7
317,317,CHANDIGARH,PATNA,CHANDIGARH,PATNA,55293,52465,,,107758,False,False,,2024-25,7
318,318,CHANDIGARH,PUNE,CHANDIGARH,PUNE,62654,61213,,,123867,False,False,,2024-25,7
319,319,CHANDIGARH,RAIPUR,CHANDIGARH,RAIPUR,,1,DGCA_DASH,,,True,False,,2024-25,7
320,320,CHANDIGARH,SIMLA,CHANDIGARH,SIMLA,45,,,DGCA_DASH,,True,False,,2024-25,7
321,321,CHANDIGARH,SRINAGAR,CHANDIGARH,SRINAGAR,109619,111709,,,221328,False,False,,2024-25,7
322,322,CHANDIGARH,UDAIPUR,CHANDIGARH,UDAIPUR,1347,1028,,,2375,False,False,,2024-25,7
323,323,CHANDIGARH,Ayodhya International Airport,CHANDIGARH,AYODHYA INTERNATIONAL AIRPORT,,8,DGCA_DASH,,,True,True,CITY2_PAX_BOUNDARY_BLEED,2024-25,7
324,324,CHENNAI,COIMBATORE,CHENNAI,COIMBATORE,457180,463517,,,920697,False,False,,2024-25,7
325,325,CHENNAI,DABOLIM,CHENNAI,DABOLIM,105686,110686,,,216372,False,False,,2024-25,7
326,326,CHENNAI,DehraDun,CHENNAI,DEHRADUN,6150,7647,,,13797,False,False,,2024-25,7
327,327,CHENNAI,DELHI,CHENNAI,DELHI,1222119,1230642,,,2452761,False,False,,2024-25,7
328,328,CHENNAI,DIBRUGARH,CHENNAI,DIBRUGARH,792,598,,,1390,False,False,,2024-25,7
329,329,CHENNAI,DURGAPUR,CHENNAI,DURGAPUR,33351,30114,,,63465,False,False,,2024-25,7
330,330,CHENNAI,Goa,CHENNAI,GOA,48284,49188,,,97472,False,False,,2024-25,7
331,331,CHENNAI,GORAKHPUR,CHENNAI,GORAKHPUR,,157,DGCA_DASH,,,True,False,,2024-25,7
332,332,CHENNAI,GUWAHATI,CHENNAI,GUWAHATI,172212,169005,,,341217,False,False,,2024-25,7
333,333,CHENNAI,HUBLI,CHENNAI,HUBLI,4685,4831,,,9516,False,False,,2024-25,7
334,334,CHENNAI,HYDERABAD,CHENNAI,HYDERABAD,796010,777815,,,1573825,False,False,,2024-25,7
335,335,CHENNAI,INDORE,CHENNAI,INDORE,70976,71979,,,142955,False,False,,2024-25,7
336,336,CHENNAI,JAIPUR,CHENNAI,JAIPUR,120901,123765,,,244666,False,False,,2024-25,7
337,337,CHENNAI,JAMMU,CHENNAI,JAMMU,833,609,,,1442,False,False,,2024-25,7
338,338,CHENNAI,JODHPUR,CHENNAI,JODHPUR,,172,DGCA_DASH,,,True,False,,2024-25,7
339,339,CHENNAI,Cuddapah,CHENNAI,CUDDAPAH,5050,7731,,,12781,False,False,,2024-25,7
340,340,CHENNAI,KANNUR,CHENNAI,KANNUR,39384,36198,,,75582,False,False,,2024-25,7
341,341,CHENNAI,KANPUR,CHENNAI,KANPUR,184,190,,,374,False,False,,2024-25,7
342,342,CHENNAI,KOCHI,CHENNAI,KOCHI,333601,340245,,,673846,False,False,,2024-25,7
343,343,CHENNAI,KOLHAPUR,CHENNAI,KOLHAPUR,,12,DGCA_DASH,,,True,False,,2024-25,7
344,344,CHENNAI,KOLKATA,CHENNAI,KOLKATA,535483,513065,,,1048548,False,False,,2024-25,7
345,345,CHENNAI,KOZHIKODE,CHENNAI,KOZHIKODE,47083,44406,,,91489,False,False,,2024-25,7
346,346,CHENNAI,KURNOOL,CHENNAI,KURNOOL,4106,3581,,,7687,False,False,,2024-25,7
347,347,CHENNAI,LUCKNOW,CHENNAI,LUCKNOW,54021,50975,,,104996,False,False,,2024-25,7
348,348,CHENNAI,MADURAI,CHENNAI,MADURAI,215579,208353,,,423932,False,False,,2024-25,7
349,349,CHENNAI,MANGALORE,CHENNAI,MANGALORE,41217,41477,,,82694,False,False,,2024-25,7
350,350,CHENNAI,MUMBAI,CHENNAI,MUMBAI,1046438,1066489,,,2112927,False,False,,2024-25,7
351,351,CHENNAI,MYSORE,CHENNAI,MYSORE,22105,19783,,,41888,False,False,,2024-25,8
352,352,CHENNAI,NAGPUR,CHENNAI,NAGPUR,76,36,,,112,False,False,,2024-25,8
353,353,CHENNAI,PATNA,CHENNAI,PATNA,63334,61214,,,124548,False,False,,2024-25,8
354,354,CHENNAI,PORT BLAIR,CHENNAI,PORT BLAIR,264502,263922,,,528424,False,False,,2024-25,8
355,355,CHENNAI,PUNE,CHENNAI,PUNE,347834,354176,,,702010,False,False,,2024-25,8
356,356,CHENNAI,RAIPUR,CHENNAI,RAIPUR,43005,41966,,,84971,False,False,,2024-25,8
357,357,CHENNAI,RAJAHMUNDRY,CHENNAI,RAJAHMUNDRY,23560,23181,,,46741,False,False,,2024-25,8
358,358,CHENNAI,RANCHI,CHENNAI,RANCHI,61082,59312,,,120394,False,False,,2024-25,8
359,359,CHENNAI,SALEM,CHENNAI,SALEM,20703,23145,,,43848,False,False,,2024-25,8
360,360,CHENNAI,SHIRDI,CHENNAI,SHIRDI,52400,50283,,,102683,False,False,,2024-25,8
361,361,CHENNAI,Shivamogga Airport,CHENNAI,SHIVAMOGGA AIRPORT,3819,4104,,,7923,False,False,,2024-25,8
362,362,CHENNAI,SRINAGAR,CHENNAI,SRINAGAR,308,361,,,669,False,False,,2024-25,8
363,363,CHENNAI,SURAT,CHENNAI,SURAT,32871,33253,,,66124,False,False,,2024-25,8
364,364,CHENNAI,TIRUCHIRAPALLY,CHENNAI,TIRUCHIRAPALLY,137680,130145,,,267825,False,False,,2024-25,8
365,365,CHENNAI,TIRUPATI,CHENNAI,TIRUPATI,68,,,DGCA_DASH,,True,False,,2024-25,8
366,366,CHENNAI,TRIVANDRUM,CHENNAI,TRIVANDRUM,179972,190320,,,370292,False,False,,2024-25,8
367,367,CHENNAI,TUTICORIN,CHENNAI,TUTICORIN,91575,84362,,,175937,False,False,,2024-25,8
368,368,CHENNAI,VADODARA,CHENNAI,VADODARA,3296,3354,,,6650,False,False,,2024-25,8
369,369,CHENNAI,VARANASI,CHENNAI,VARANASI,61929,61375,,,123304,False,False,,2024-25,8
370,370,CHENNAI,VIJAYAWADA,CHENNAI,VIJAYAWADA,47247,46299,,,93546,False,False,,2024-25,8
371,371,CHENNAI,VISAKHAPATNAM,CHENNAI,VISAKHAPATNAM,140323,142329,,,282652,False,False,,2024-25,8
372,372,CHENNAI,Ayodhya International Airport,CHENNAI,AYODHYA INTERNATIONAL AIRPORT,9419,8280,,,17699,False,True,CITY2_PAX_BOUNDARY_BLEED,2024-25,8
373,373,CHENNAI,HINDON AIRPORT,CHENNAI,HINDON AIRPORT,1541,1498,,,3039,False,False,,2024-25,8
374,374,COIMBATORE,DABOLIM,COIMBATORE,DABOLIM,10928,11064,,,21992,False,False,,2024-25,8
375,375,COIMBATORE,DELHI,COIMBATORE,DELHI,212352,212345,,,424697,False,False,,2024-25,8
376,376,COIMBATORE,DURGAPUR,COIMBATORE,DURGAPUR,387,243,,,630,False,False,,2024-25,8
377,377,COIMBATORE,Goa,COIMBATORE,GOA,12749,9798,,,22547,False,False,,2024-25,8
378,378,COIMBATORE,GUWAHATI,COIMBATORE,GUWAHATI,3147,2766,,,5913,False,False,,2024-25,8
379,379,COIMBATORE,HYDERABAD,COIMBATORE,HYDERABAD,196714,194441,,,391155,False,False,,2024-25,8
380,380,COIMBATORE,JAIPUR,COIMBATORE,JAIPUR,5274,4984,,,10258,False,False,,2024-25,8
381,381,COIMBATORE,KOLKATA,COIMBATORE,KOLKATA,2117,2573,,,4690,False,False,,2024-25,8
382,382,COIMBATORE,LUCKNOW,COIMBATORE,LUCKNOW,73,,,DGCA_DASH,,True,False,,2024-25,8
383,383,COIMBATORE,MUMBAI,COIMBATORE,MUMBAI,364412,370265,,,734677,False,False,,2024-25,8
384,384,COIMBATORE,NASIK,COIMBATORE,NASIK,8,1,,,9,False,False,,2024-25,8
385,385,COIMBATORE,PUNE,COIMBATORE,PUNE,59222,57263,,,116485,False,False,,2024-25,8
386,386,COIMBATORE,SHIRDI,COIMBATORE,SHIRDI,592,1286,,,1878,False,False,,2024-25,8
387,387,COIMBATORE,VARANASI,COIMBATORE,VARANASI,251,,,DGCA_DASH,,True,False,,2024-25,8
388,388,COIMBATORE,VISAKHAPATNAM,COIMBATORE,VISAKHAPATNAM,7,3430,,,3437,False,False,,2024-25,8
389,389,COOCH BEHAR,KOLKATA,COOCH BEHAR,KOLKATA,2633,2605,,,5238,False,False,,2024-25,8
390,390,DABOLIM,DELHI,DABOLIM,DELHI,787149,774678,,,1561827,False,False,,2024-25,8
391,391,DABOLIM,HYDERABAD,DABOLIM,HYDERABAD,455735,445581,,,901316,False,False,,2024-25,8
392,392,DABOLIM,INDORE,DABOLIM,INDORE,47775,50310,,,98085,False,False,,2024-25,8
393,393,DABOLIM,JAIPUR,DABOLIM,JAIPUR,20894,20255,,,41149,False,False,,2024-25,8
394,394,DABOLIM,KOCHI,DABOLIM,KOCHI,52737,49089,,,101826,False,False,,2024-25,8
395,395,DABOLIM,KOLKATA,DABOLIM,KOLKATA,59848,58919,,,118767,False,False,,2024-25,8
396,396,DABOLIM,LUCKNOW,DABOLIM,LUCKNOW,58848,52843,,,111691,False,False,,2024-25,8
397,397,DABOLIM,MUMBAI,DABOLIM,MUMBAI,748000,753390,,,1501390,False,False,,2024-25,8
398,398,DABOLIM,NAGPUR,DABOLIM,NAGPUR,24664,24748,,,49412,False,False,,2024-25,8
399,399,DABOLIM,NASIK,DABOLIM,NASIK,4187,4291,,,8478,False,False,,2024-25,8
400,400,DABOLIM,PUNE,DABOLIM,PUNE,61981,61100,,,123081,False,False,,2024-25,8
401,401,DABOLIM,RAIPUR,DABOLIM,RAIPUR,66574,62190,,,128764,False,False,,2024-25,9
402,402,DABOLIM,SURAT,DABOLIM,SURAT,67818,61759,,,129577,False,False,,2024-25,9
403,403,DABOLIM,HINDON AIRPORT,DABOLIM,HINDON AIRPORT,3671,4118,,,7789,False,False,,2024-25,9
404,404,DARBHANGA,DELHI,DARBHANGA,DELHI,100173,106287,,,206460,False,False,,2024-25,9
405,405,DARBHANGA,HYDERABAD,DARBHANGA,HYDERABAD,52215,55160,,,107375,False,False,,2024-25,9
406,406,DARBHANGA,KOLKATA,DARBHANGA,KOLKATA,20006,21744,,,41750,False,False,,2024-25,9
407,407,DARBHANGA,MUMBAI,DARBHANGA,MUMBAI,60386,64468,,,124854,False,False,,2024-25,9
408,408,DARBHANGA,SRINAGAR,DARBHANGA,SRINAGAR,11,2,,,13,False,False,,2024-25,9
409,409,DehraDun,DELHI,DEHRADUN,DELHI,290098,291830,,,581928,False,False,,2024-25,9
410,410,DehraDun,GUWAHATI,DEHRADUN,GUWAHATI,2765,2427,,,5192,False,False,,2024-25,9
411,411,DehraDun,HYDERABAD,DEHRADUN,HYDERABAD,55159,56616,,,111775,False,False,,2024-25,9
412,412,DehraDun,INDORE,DEHRADUN,INDORE,2310,2173,,,4483,False,False,,2024-25,9
413,413,DehraDun,JAIPUR,DEHRADUN,JAIPUR,39235,36761,,,75996,False,False,,2024-25,9
414,414,DehraDun,KOLKATA,DEHRADUN,KOLKATA,33211,31411,,,64622,False,False,,2024-25,9
415,415,DehraDun,KULLU,DEHRADUN,KULLU,1885,1376,,,3261,False,False,,2024-25,9
416,416,DehraDun,LUCKNOW,DEHRADUN,LUCKNOW,47423,50427,,,97850,False,False,,2024-25,9
417,417,DehraDun,MUMBAI,DEHRADUN,MUMBAI,140294,135306,,,275600,False,False,,2024-25,9
418,418,DehraDun,PANTNAGAR,DEHRADUN,PANTNAGAR,98,213,,,311,False,False,,2024-25,9
419,419,DehraDun,PITHORAGARH,DEHRADUN,PITHORAGARH,2410,2406,,,4816,False,False,,2024-25,9
420,420,DehraDun,PUNE,DEHRADUN,PUNE,50474,51233,,,101707,False,False,,2024-25,9
421,421,DehraDun,SRINAGAR,DEHRADUN,SRINAGAR,2437,2079,,,4516,False,False,,2024-25,9
422,422,DehraDun,Ayodhya International Airport,DEHRADUN,AYODHYA INTERNATIONAL AIRPORT,1127,1093,,,2220,False,True,CITY2_PAX_BOUNDARY_BLEED,2024-25,9
423,423,DELHI,Deoghar,DELHI,DEOGHAR,62891,61545,,,124436,False,False,,2024-25,9
424,424,DELHI,DHARAMSALA,DELHI,DHARAMSALA,99126,77496,,,176622,False,False,,2024-25,9
425,425,DELHI,DIBRUGARH,DELHI,DIBRUGARH,121780,116061,,,237841,False,False,,2024-25,9
426,426,DELHI,DIMAPUR,DELHI,DIMAPUR,51753,50228,,,101981,False,False,,2024-25,9
427,427,DELHI,DURGAPUR,DELHI,DURGAPUR,65605,58978,,,124583,False,False,,2024-25,9
428,428,DELHI,GAYA,DELHI,GAYA,59720,57974,,,117694,False,False,,2024-25,9
429,429,DELHI,Goa,DELHI,GOA,500253,505323,,,1005576,False,False,,2024-25,9
430,430,DELHI,GORAKHPUR,DELHI,GORAKHPUR,191272,179728,,,371000,False,False,,2024-25,9
431,431,DELHI,GUWAHATI,DELHI,GUWAHATI,780850,757793,,,1538643,False,False,,2024-25,9
432,432,DELHI,GWALIOR,DELHI,GWALIOR,69608,68235,,,137843,False,False,,2024-25,9
433,433,DELHI,HUBLI,DELHI,HUBLI,53899,52504,,,106403,False,False,,2024-25,9
434,434,DELHI,HYDERABAD,DELHI,HYDERABAD,1638188,1657730,,,3295918,False,False,,2024-25,9
435,435,DELHI,IMPHAL,DELHI,IMPHAL,97017,94370,,,191387,False,False,,2024-25,9
436,436,DELHI,INDORE,DELHI,INDORE,461109,463257,,,924366,False,False,,2024-25,9
437,437,DELHI,Itanagar,DELHI,ITANAGAR,35343,34882,,,70225,False,False,,2024-25,9
438,438,DELHI,JABALPUR,DELHI,JABALPUR,74327,70903,,,145230,False,False,,2024-25,9
439,439,DELHI,JAGDALPUR,DELHI,JAGDALPUR,3613,5544,,,9157,False,False,,2024-25,9
440,440,DELHI,JAIPUR,DELHI,JAIPUR,297901,300436,,,598337,False,False,,2024-25,9
441,441,DELHI,JAISALMER,DELHI,JAISALMER,26855,26594,,,53449,False,False,,2024-25,9
442,442,DELHI,JAMMU,DELHI,JAMMU,344871,335934,,,680805,False,False,,2024-25,9
443,443,DELHI,JHARSUGUDA,DELHI,JHARSUGUDA,54875,53266,,,108141,False,False,,2024-25,9
444,444,DELHI,JODHPUR,DELHI,JODHPUR,141009,139261,,,280270,False,False,,2024-25,9
445,445,DELHI,KANDLA,DELHI,KANDLA,5146,4913,,,10059,False,False,,2024-25,9
446,446,DELHI,KANNUR,DELHI,KANNUR,18765,17525,,,36290,False,False,,2024-25,9
447,447,DELHI,KANPUR,DELHI,KANPUR,56501,56392,,,112893,False,False,,2024-25,9
448,448,DELHI,KHAJURAHO,DELHI,KHAJURAHO,23717,23528,,,47245,False,False,,2024-25,9
449,449,DELHI,KOCHI,DELHI,KOCHI,507324,500243,,,1007567,False,False,,2024-25,9
450,450,DELHI,KOLKATA,DELHI,KOLKATA,1417339,1353047,,,2770386,False,False,,2024-25,9
451,451,DELHI,KOZHIKODE,DELHI,KOZHIKODE,61862,60265,,,122127,False,False,,2024-25,10
452,452,DELHI,KULLU,DELHI,KULLU,9775,4698,,,14473,False,False,,2024-25,10
453,453,DELHI,LEH,DELHI,LEH,439944,436784,,,876728,False,False,,2024-25,10
454,454,DELHI,LUCKNOW,DELHI,LUCKNOW,733425,705648,,,1439073,False,False,,2024-25,10
455,455,DELHI,MADURAI,DELHI,MADURAI,66867,64337,,,131204,False,False,,2024-25,10
456,456,DELHI,MANGALORE,DELHI,MANGALORE,74954,73272,,,148226,False,False,,2024-25,10
457,457,DELHI,MUMBAI,DELHI,MUMBAI,3426228,3424641,,,6850869,False,False,,2024-25,10
458,458,DELHI,NAGPUR,DELHI,NAGPUR,338328,331146,,,669474,False,False,,2024-25,10
459,459,DELHI,NASIK,DELHI,NASIK,52409,53583,,,105992,False,False,,2024-25,10
460,460,DELHI,PAKYONG,DELHI,PAKYONG,2914,2310,,,5224,False,False,,2024-25,10
461,461,DELHI,PANTNAGAR,DELHI,PANTNAGAR,50003,46684,,,96687,False,False,,2024-25,10
462,462,DELHI,PATNA,DELHI,PATNA,696558,655085,,,1351643,False,False,,2024-25,10
463,463,DELHI,PITHORAGARH,DELHI,PITHORAGARH,1401,1144,,,2545,False,False,,2024-25,10
464,464,DELHI,PORT BLAIR,DELHI,PORT BLAIR,46449,43797,,,90246,False,False,,2024-25,10
465,465,DELHI,PUNE,DELHI,PUNE,1469849,1454196,,,2924045,False,False,,2024-25,10
466,466,DELHI,RAIPUR,DELHI,RAIPUR,390050,387977,,,778027,False,False,,2024-25,10
467,467,DELHI,RAJAHMUNDRY,DELHI,RAJAHMUNDRY,15410,15288,,,30698,False,False,,2024-25,10
468,468,DELHI,Rajkot International Airport,DELHI,RAJKOT INTERNATIONAL AIRPORT,114445,110622,,,225067,False,False,,2024-25,10
469,469,DELHI,RANCHI,DELHI,RANCHI,482160,461207,,,943367,False,False,,2024-25,10
470,470,DELHI,SHILLONG,DELHI,SHILLONG,7652,6430,,,14082,False,False,,2024-25,10
471,471,DELHI,SHIRDI,DELHI,SHIRDI,112005,108916,,,220921,False,False,,2024-25,10
472,472,DELHI,SILCHAR,DELHI,SILCHAR,7574,11285,,,18859,False,False,,2024-25,10
473,473,DELHI,SIMLA,DELHI,SIMLA,10572,5990,,,16562,False,False,,2024-25,10
474,474,DELHI,SRINAGAR,DELHI,SRINAGAR,1155836,1159586,,,2315422,False,False,,2024-25,10
475,475,DELHI,SURAT,DELHI,SURAT,318498,306883,,,625381,False,False,,2024-25,10
476,476,DELHI,TIRUPATI,DELHI,TIRUPATI,33385,30205,,,63590,False,False,,2024-25,10
477,477,DELHI,TRIVANDRUM,DELHI,TRIVANDRUM,227052,234433,,,461485,False,False,,2024-25,10
478,478,DELHI,UDAIPUR,DELHI,UDAIPUR,301599,302567,,,604166,False,False,,2024-25,10
479,479,DELHI,VADODARA,DELHI,VADODARA,279624,278574,,,558198,False,False,,2024-25,10
480,480,DELHI,VARANASI,DELHI,VARANASI,427019,428979,,,855998,False,False,,2024-25,10
481,481,DELHI,VIJAYAWADA,DELHI,VIJAYAWADA,130670,135066,,,265736,False,False,,2024-25,10
482,482,DELHI,VISAKHAPATNAM,DELHI,VISAKHAPATNAM,257099,254744,,,511843,False,False,,2024-25,10
483,483,DELHI,Ayodhya International Airport,DELHI,AYODHYA INTERNATIONAL AIRPORT,200653,196731,,,397384,False,True,CITY2_PAX_BOUNDARY_BLEED,2024-25,10
484,484,Deoghar,JAIPUR,DEOGHAR,JAIPUR,8,,,DGCA_DASH,,True,False,,2024-25,10
485,485,Deoghar,KOLKATA,DEOGHAR,KOLKATA,23233,21490,,,44723,False,False,,2024-25,10
486,486,Deoghar,MUMBAI,DEOGHAR,MUMBAI,8551,8678,,,17229,False,False,,2024-25,10
487,487,Deoghar,PATNA,DEOGHAR,PATNA,5927,5249,,,11176,False,False,,2024-25,10
488,488,Deoghar,RANCHI,DEOGHAR,RANCHI,5269,7184,,,12453,False,False,,2024-25,10
489,489,DHARAMSALA,JAIPUR,DHARAMSALA,JAIPUR,717,1207,,,1924,False,False,,2024-25,10
490,490,DHARAMSALA,SIMLA,DHARAMSALA,SIMLA,1986,1934,,,3920,False,False,,2024-25,10
491,491,DHARAMSALA,UDAIPUR,DHARAMSALA,UDAIPUR,2,,,DGCA_DASH,,True,False,,2024-25,10
492,492,DIBRUGARH,GUWAHATI,DIBRUGARH,GUWAHATI,85211,105129,,,190340,False,False,,2024-25,10
493,493,DIBRUGARH,HYDERABAD,DIBRUGARH,HYDERABAD,2801,3226,,,6027,False,False,,2024-25,10
494,494,DIBRUGARH,IMPHAL,DIBRUGARH,IMPHAL,29643,28036,,,57679,False,False,,2024-25,10
495,495,DIBRUGARH,Itanagar,DIBRUGARH,ITANAGAR,163,282,,,445,False,False,,2024-25,10
496,496,DIBRUGARH,KOLKATA,DIBRUGARH,KOLKATA,128676,120252,,,248928,False,False,,2024-25,10
497,497,DIBRUGARH,SHILLONG,DIBRUGARH,SHILLONG,2042,1930,,,3972,False,False,,2024-25,10
498,498,DIBRUGARH,TEZU,DIBRUGARH,TEZU,99,113,,,212,False,False,,2024-25,10
499,499,DIMAPUR,GUWAHATI,DIMAPUR,GUWAHATI,39319,34286,,,73605,False,False,,2024-25,10
500,500,DIMAPUR,IMPHAL,DIMAPUR,IMPHAL,7136,7017,,,14153,False,False,,2024-25,10
501,501,DIMAPUR,JAIPUR,DIMAPUR,JAIPUR,12,,,DGCA_DASH,,True,False,,2024-25,11
502,502,DIMAPUR,KOLKATA,DIMAPUR,KOLKATA,65374,64096,,,129470,False,False,,2024-25,11
503,503,DIMAPUR,SHILLONG,DIMAPUR,SHILLONG,5856,5468,,,11324,False,False,,2024-25,11
504,504,DIU,KESHOD,DIU,KESHOD,39,186,,,225,False,False,,2024-25,11
505,505,DIU,MUMBAI,DIU,MUMBAI,14553,14239,,,28792,False,False,,2024-25,11
506,506,DIU,SURAT,DIU,SURAT,17571,15209,,,32780,False,False,,2024-25,11
507,507,DURGAPUR,GUWAHATI,DURGAPUR,GUWAHATI,4092,3490,,,7582,False,False,,2024-25,11
508,508,DURGAPUR,HYDERABAD,DURGAPUR,HYDERABAD,58253,59346,,,117599,False,False,,2024-25,11
509,509,DURGAPUR,JAIPUR,DURGAPUR,JAIPUR,16,,,DGCA_DASH,,True,False,,2024-25,11
510,510,DURGAPUR,KOLKATA,DURGAPUR,KOLKATA,51,,,DGCA_DASH,,True,False,,2024-25,11
511,511,DURGAPUR,MUMBAI,DURGAPUR,MUMBAI,31113,32416,,,63529,False,False,,2024-25,11
512,512,DURGAPUR,RAIPUR,DURGAPUR,RAIPUR,4,,,DGCA_DASH,,True,False,,2024-25,11
513,513,DURGAPUR,SURAT,DURGAPUR,SURAT,,47,DGCA_DASH,,,True,False,,2024-25,11
514,514,GAYA,KOLKATA,GAYA,KOLKATA,55081,53329,,,108410,False,False,,2024-25,11
515,515,Goa,HYDERABAD,GOA,HYDERABAD,237766,232740,,,470506,False,False,,2024-25,11
516,516,Goa,JAIPUR,GOA,JAIPUR,65014,67125,,,132139,False,False,,2024-25,11
517,517,Goa,JALGAON,GOA,JALGAON,17635,16392,,,34027,False,False,,2024-25,11
518,518,Goa,KOCHI,GOA,KOCHI,,805,DGCA_DASH,,,True,False,,2024-25,11
519,519,Goa,KOLKATA,GOA,KOLKATA,56520,54376,,,110896,False,False,,2024-25,11
520,520,Goa,LUCKNOW,GOA,LUCKNOW,284,3945,,,4229,False,False,,2024-25,11
521,521,Goa,MUMBAI,GOA,MUMBAI,486338,494513,,,980851,False,False,,2024-25,11
522,522,Goa,NAGPUR,GOA,NAGPUR,63695,60265,,,123960,False,False,,2024-25,11
523,523,Goa,NASIK,GOA,NASIK,8499,7952,,,16451,False,False,,2024-25,11
524,524,Goa,PUNE,GOA,PUNE,141923,138164,,,280087,False,False,,2024-25,11
525,525,Goa,RAIPUR,GOA,RAIPUR,1088,,,DGCA_DASH,,True,False,,2024-25,11
526,526,Goa,Rajkot International Airport,GOA,RAJKOT INTERNATIONAL AIRPORT,35675,35198,,,70873,False,False,,2024-25,11
527,527,Goa,Shivamogga Airport,GOA,SHIVAMOGGA AIRPORT,6561,7995,,,14556,False,False,,2024-25,11
528,528,Goa,SURAT,GOA,SURAT,4,,,DGCA_DASH,,True,False,,2024-25,11
529,529,Goa,VADODARA,GOA,VADODARA,33452,26732,,,60184,False,False,,2024-25,11
530,530,Gondia,HYDERABAD,GONDIA,HYDERABAD,16134,14887,,,31021,False,False,,2024-25,11
531,531,GORAKHPUR,HYDERABAD,GORAKHPUR,HYDERABAD,65268,72552,,,137820,False,False,,2024-25,11
532,532,GORAKHPUR,JAIPUR,GORAKHPUR,JAIPUR,6,,,DGCA_DASH,,True,False,,2024-25,11
533,533,GORAKHPUR,KOLKATA,GORAKHPUR,KOLKATA,24479,23826,,,48305,False,False,,2024-25,11
534,534,GORAKHPUR,MUMBAI,GORAKHPUR,MUMBAI,89308,90652,,,179960,False,False,,2024-25,11
535,535,GORAKHPUR,VARANASI,GORAKHPUR,VARANASI,,455,DGCA_DASH,,,True,False,,2024-25,11
536,536,GUWAHATI,HYDERABAD,GUWAHATI,HYDERABAD,134626,134701,,,269327,False,False,,2024-25,11
537,537,GUWAHATI,IMPHAL,GUWAHATI,IMPHAL,258411,260505,,,518916,False,False,,2024-25,11
538,538,GUWAHATI,Itanagar,GUWAHATI,ITANAGAR,822,690,,,1512,False,False,,2024-25,11
539,539,GUWAHATI,JAIPUR,GUWAHATI,JAIPUR,42091,42904,,,84995,False,False,,2024-25,11
540,540,GUWAHATI,JORHAT,GUWAHATI,JORHAT,8,0,,,8,False,False,,2024-25,11
541,541,GUWAHATI,KOCHI,GUWAHATI,KOCHI,1088,1723,,,2811,False,False,,2024-25,11
542,542,GUWAHATI,KOLKATA,GUWAHATI,KOLKATA,552468,552938,,,1105406,False,False,,2024-25,11
543,543,GUWAHATI,LILABARI,GUWAHATI,LILABARI,0,106,,,106,False,False,,2024-25,11
544,544,GUWAHATI,LUCKNOW,GUWAHATI,LUCKNOW,50914,50574,,,101488,False,False,,2024-25,11
545,545,GUWAHATI,MUMBAI,GUWAHATI,MUMBAI,191031,193977,,,385008,False,False,,2024-25,11
546,546,GUWAHATI,PASIGHAT,GUWAHATI,PASIGHAT,3468,4186,,,7654,False,False,,2024-25,11
547,547,GUWAHATI,PATNA,GUWAHATI,PATNA,6041,6055,,,12096,False,False,,2024-25,11
548,548,GUWAHATI,PUNE,GUWAHATI,PUNE,59470,60155,,,119625,False,False,,2024-25,11
549,549,GUWAHATI,RUPSI,GUWAHATI,RUPSI,1008,1071,,,2079,False,False,,2024-25,11
550,550,GUWAHATI,SHILLONG,GUWAHATI,SHILLONG,5605,4483,,,10088,False,False,,2024-25,11
551,551,GUWAHATI,SILCHAR,GUWAHATI,SILCHAR,55431,47942,,,103373,False,False,,2024-25,12
552,552,GUWAHATI,TEZPUR,GUWAHATI,TEZPUR,1763,2546,,,4309,False,False,,2024-25,12
553,553,GUWAHATI,TEZU,GUWAHATI,TEZU,2113,1861,,,3974,False,False,,2024-25,12
554,554,GUWAHATI,Ziro,GUWAHATI,ZIRO,154,157,,,311,False,False,,2024-25,12
555,555,GWALIOR,HYDERABAD,GWALIOR,HYDERABAD,8439,7961,,,16400,False,False,,2024-25,12
556,556,GWALIOR,INDORE,GWALIOR,INDORE,2367,2302,,,4669,False,False,,2024-25,12
557,557,GWALIOR,MUMBAI,GWALIOR,MUMBAI,57807,58853,,,116660,False,False,,2024-25,12
558,558,HUBLI,HYDERABAD,HUBLI,HYDERABAD,22263,22416,,,44679,False,False,,2024-25,12
559,559,HUBLI,MUMBAI,HUBLI,MUMBAI,34952,35300,,,70252,False,False,,2024-25,12
560,560,HUBLI,PUNE,HUBLI,PUNE,10735,11817,,,22552,False,False,,2024-25,12
561,561,HYDERABAD,IMPHAL,HYDERABAD,IMPHAL,258,336,,,594,False,False,,2024-25,12
562,562,HYDERABAD,INDORE,HYDERABAD,INDORE,193228,197411,,,390639,False,False,,2024-25,12
563,563,HYDERABAD,JABALPUR,HYDERABAD,JABALPUR,29348,29031,,,58379,False,False,,2024-25,12
564,564,HYDERABAD,JAGDALPUR,HYDERABAD,JAGDALPUR,21679,20220,,,41899,False,False,,2024-25,12
565,565,HYDERABAD,JAIPUR,HYDERABAD,JAIPUR,290775,275753,,,566528,False,False,,2024-25,12
566,566,HYDERABAD,JALGAON,HYDERABAD,JALGAON,9524,10070,,,19594,False,False,,2024-25,12
567,567,HYDERABAD,JAMMU,HYDERABAD,JAMMU,16731,13800,,,30531,False,False,,2024-25,12
568,568,HYDERABAD,JAMNAGAR,HYDERABAD,JAMNAGAR,8624,8499,,,17123,False,False,,2024-25,12
569,569,HYDERABAD,JHARSUGUDA,HYDERABAD,JHARSUGUDA,6233,6324,,,12557,False,False,,2024-25,12
570,570,HYDERABAD,JODHPUR,HYDERABAD,JODHPUR,55136,51952,,,107088,False,False,,2024-25,12
571,571,HYDERABAD,Cuddapah,HYDERABAD,CUDDAPAH,9034,9481,,,18515,False,False,,2024-25,12
572,572,HYDERABAD,KANNUR,HYDERABAD,KANNUR,21796,21205,,,43001,False,False,,2024-25,12
573,573,HYDERABAD,KANPUR,HYDERABAD,KANPUR,17688,17215,,,34903,False,False,,2024-25,12
574,574,HYDERABAD,KOCHI,HYDERABAD,KOCHI,363008,356740,,,719748,False,False,,2024-25,12
575,575,HYDERABAD,KOLHAPUR,HYDERABAD,KOLHAPUR,21203,22993,,,44196,False,False,,2024-25,12
576,576,HYDERABAD,KOLKATA,HYDERABAD,KOLKATA,604223,571770,,,1175993,False,False,,2024-25,12
577,577,HYDERABAD,KOZHIKODE,HYDERABAD,KOZHIKODE,35389,35778,,,71167,False,False,,2024-25,12
578,578,HYDERABAD,LUCKNOW,HYDERABAD,LUCKNOW,248574,235234,,,483808,False,False,,2024-25,12
579,579,HYDERABAD,MADURAI,HYDERABAD,MADURAI,77142,76201,,,153343,False,False,,2024-25,12
580,580,HYDERABAD,Malvan,HYDERABAD,MALVAN,636,742,,,1378,False,False,,2024-25,12
581,581,HYDERABAD,MANGALORE,HYDERABAD,MANGALORE,51584,52117,,,103701,False,False,,2024-25,12
582,582,HYDERABAD,MUMBAI,HYDERABAD,MUMBAI,1166588,1186691,,,2353279,False,False,,2024-25,12
583,583,HYDERABAD,MYSORE,HYDERABAD,MYSORE,24227,21110,,,45337,False,False,,2024-25,12
584,584,HYDERABAD,NAGPUR,HYDERABAD,NAGPUR,50295,53860,,,104155,False,False,,2024-25,12
585,585,HYDERABAD,NANDED,HYDERABAD,NANDED,10035,11006,,,21041,False,False,,2024-25,12
586,586,HYDERABAD,NASIK,HYDERABAD,NASIK,24429,23296,,,47725,False,False,,2024-25,12
587,587,HYDERABAD,PATNA,HYDERABAD,PATNA,177397,164182,,,341579,False,False,,2024-25,12
588,588,HYDERABAD,PONDICHERRY,HYDERABAD,PONDICHERRY,7089,7101,,,14190,False,False,,2024-25,12
589,589,HYDERABAD,PORT BLAIR,HYDERABAD,PORT BLAIR,63018,68676,,,131694,False,False,,2024-25,12
590,590,HYDERABAD,PUNE,HYDERABAD,PUNE,305945,314658,,,620603,False,False,,2024-25,12
591,591,HYDERABAD,RAIPUR,HYDERABAD,RAIPUR,98802,98266,,,197068,False,False,,2024-25,12
592,592,HYDERABAD,RAJAHMUNDRY,HYDERABAD,RAJAHMUNDRY,144952,141809,,,286761,False,False,,2024-25,12
593,593,HYDERABAD,Rajkot International Airport,HYDERABAD,RAJKOT INTERNATIONAL AIRPORT,24382,25642,,,50024,False,False,,2024-25,12
594,594,HYDERABAD,RANCHI,HYDERABAD,RANCHI,136906,135800,,,272706,False,False,,2024-25,12
595,595,HYDERABAD,SALEM,HYDERABAD,SALEM,9692,9603,,,19295,False,False,,2024-25,12
596,596,HYDERABAD,SHIRDI,HYDERABAD,SHIRDI,81361,83073,,,164434,False,False,,2024-25,12
597,597,HYDERABAD,Shivamogga Airport,HYDERABAD,SHIVAMOGGA AIRPORT,20002,19261,,,39263,False,False,,2024-25,12
598,598,HYDERABAD,SRINAGAR,HYDERABAD,SRINAGAR,73391,74782,,,148173,False,False,,2024-25,12
599,599,HYDERABAD,SURAT,HYDERABAD,SURAT,87156,87077,,,174233,False,False,,2024-25,12
600,600,HYDERABAD,TIRUCHIRAPALLY,HYDERABAD,TIRUCHIRAPALLY,58484,55041,,,113525,False,False,,2024-25,12
601,601,HYDERABAD,TIRUPATI,HYDERABAD,TIRUPATI,366575,357979,,,724554,False,False,,2024-25,13
602,602,HYDERABAD,TRIVANDRUM,HYDERABAD,TRIVANDRUM,174454,183605,,,358059,False,False,,2024-25,13
603,603,HYDERABAD,UDAIPUR,HYDERABAD,UDAIPUR,54691,55929,,,110620,False,False,,2024-25,13
604,604,HYDERABAD,VADODARA,HYDERABAD,VADODARA,58272,58664,,,116936,False,False,,2024-25,13
605,605,HYDERABAD,VARANASI,HYDERABAD,VARANASI,271955,270632,,,542587,False,False,,2024-25,13
606,606,HYDERABAD,VIDYANAGAR,HYDERABAD,VIDYANAGAR,9795,11988,,,21783,False,False,,2024-25,13
607,607,HYDERABAD,VIJAYAWADA,HYDERABAD,VIJAYAWADA,185286,188586,,,373872,False,False,,2024-25,13
608,608,HYDERABAD,VISAKHAPATNAM,HYDERABAD,VISAKHAPATNAM,469336,454417,,,923753,False,False,,2024-25,13
609,609,HYDERABAD,Ayodhya International Airport,HYDERABAD,AYODHYA INTERNATIONAL AIRPORT,20980,20074,,,41054,False,True,CITY2_PAX_BOUNDARY_BLEED,2024-25,13
610,610,IMPHAL,KOLKATA,IMPHAL,KOLKATA,202854,189313,,,392167,False,False,,2024-25,13
611,611,IMPHAL,MUMBAI,IMPHAL,MUMBAI,1633,1364,,,2997,False,False,,2024-25,13
612,612,IMPHAL,SHILLONG,IMPHAL,SHILLONG,8579,7052,,,15631,False,False,,2024-25,13
613,613,IMPHAL,SILCHAR,IMPHAL,SILCHAR,16537,16736,,,33273,False,False,,2024-25,13
614,614,IMPHAL,TEZU,IMPHAL,TEZU,1284,1375,,,2659,False,False,,2024-25,13
615,615,INDORE,JABALPUR,INDORE,JABALPUR,21977,24821,,,46798,False,False,,2024-25,13
616,616,INDORE,JAIPUR,INDORE,JAIPUR,50448,49162,,,99610,False,False,,2024-25,13
617,617,INDORE,JAMMU,INDORE,JAMMU,21020,18184,,,39204,False,False,,2024-25,13
618,618,INDORE,JODHPUR,INDORE,JODHPUR,22615,22578,,,45193,False,False,,2024-25,13
619,619,INDORE,KOLKATA,INDORE,KOLKATA,91569,92912,,,184481,False,False,,2024-25,13
620,620,INDORE,LUCKNOW,INDORE,LUCKNOW,47308,46312,,,93620,False,False,,2024-25,13
621,621,INDORE,MUMBAI,INDORE,MUMBAI,360310,364505,,,724815,False,False,,2024-25,13
622,622,INDORE,NAGPUR,INDORE,NAGPUR,42873,43015,,,85888,False,False,,2024-25,13
623,623,INDORE,NASIK,INDORE,NASIK,7616,7311,,,14927,False,False,,2024-25,13
624,624,INDORE,PUNE,INDORE,PUNE,79847,75648,,,155495,False,False,,2024-25,13
625,625,INDORE,RAIPUR,INDORE,RAIPUR,46580,47126,,,93706,False,False,,2024-25,13
626,626,INDORE,SHIRDI,INDORE,SHIRDI,18282,16405,,,34687,False,False,,2024-25,13
627,627,INDORE,SURAT,INDORE,SURAT,13121,11462,,,24583,False,False,,2024-25,13
628,628,INDORE,TIRUPATI,INDORE,TIRUPATI,19,,,DGCA_DASH,,True,False,,2024-25,13
629,629,INDORE,UDAIPUR,INDORE,UDAIPUR,13205,11228,,,24433,False,False,,2024-25,13
630,630,INDORE,VADODARA,INDORE,VADODARA,150,,,DGCA_DASH,,True,False,,2024-25,13
631,631,INDORE,VARANASI,INDORE,VARANASI,12477,11061,,,23538,False,False,,2024-25,13
632,632,INDORE,VIJAYAWADA,INDORE,VIJAYAWADA,529,705,,,1234,False,False,,2024-25,13
633,633,INDORE,VISAKHAPATNAM,INDORE,VISAKHAPATNAM,1,5,,,6,False,False,,2024-25,13
634,634,Itanagar,JORHAT,ITANAGAR,JORHAT,,8,DGCA_DASH,,,True,False,,2024-25,13
635,635,Itanagar,KOLKATA,ITANAGAR,KOLKATA,46979,49835,,,96814,False,False,,2024-25,13
636,636,Itanagar,PASIGHAT,ITANAGAR,PASIGHAT,82,73,,,155,False,False,,2024-25,13
637,637,Itanagar,TEZU,ITANAGAR,TEZU,50,115,,,165,False,False,,2024-25,13
638,638,Itanagar,Ziro,ITANAGAR,ZIRO,57,55,,,112,False,False,,2024-25,13
639,639,JABALPUR,JAGDALPUR,JABALPUR,JAGDALPUR,3221,2260,,,5481,False,False,,2024-25,13
640,640,JABALPUR,MUMBAI,JABALPUR,MUMBAI,44404,44855,,,89259,False,False,,2024-25,13
641,641,JABALPUR,NAGPUR,JABALPUR,NAGPUR,51,,,DGCA_DASH,,True,False,,2024-25,13
642,642,JAGDALPUR,RAIPUR,JAGDALPUR,RAIPUR,6119,5241,,,11360,False,False,,2024-25,13
643,643,JAIPUR,JAISALMER,JAIPUR,JAISALMER,6992,6489,,,13481,False,False,,2024-25,13
644,644,JAIPUR,JAMMU,JAIPUR,JAMMU,,8,DGCA_DASH,,,True,False,,2024-25,13
645,645,JAIPUR,JODHPUR,JAIPUR,JODHPUR,18713,17681,,,36394,False,False,,2024-25,13
646,646,JAIPUR,KANPUR,JAIPUR,KANPUR,,9,DGCA_DASH,,,True,False,,2024-25,13
647,647,JAIPUR,KHAJURAHO,JAIPUR,KHAJURAHO,25,,,DGCA_DASH,,True,False,,2024-25,13
648,648,JAIPUR,KOCHI,JAIPUR,KOCHI,5665,5607,,,11272,False,False,,2024-25,13
649,649,JAIPUR,KOLKATA,JAIPUR,KOLKATA,263798,252932,,,516730,False,False,,2024-25,13
650,650,JAIPUR,KULLU,JAIPUR,KULLU,2365,1011,,,3376,False,False,,2024-25,13
651,651,JAIPUR,LUCKNOW,JAIPUR,LUCKNOW,43267,40243,,,83510,False,False,,2024-25,14
652,652,JAIPUR,MUMBAI,JAIPUR,MUMBAI,604710,601115,,,1205825,False,False,,2024-25,14
653,653,JAIPUR,NAGPUR,JAIPUR,NAGPUR,4428,4757,,,9185,False,False,,2024-25,14
654,654,JAIPUR,NASIK,JAIPUR,NASIK,779,836,,,1615,False,False,,2024-25,14
655,655,JAIPUR,PATNA,JAIPUR,PATNA,,5,DGCA_DASH,,,True,False,,2024-25,14
656,656,JAIPUR,PUNE,JAIPUR,PUNE,146242,138173,,,284415,False,False,,2024-25,14
657,657,JAIPUR,RAIPUR,JAIPUR,RAIPUR,,76,DGCA_DASH,,,True,False,,2024-25,14
658,658,JAIPUR,SURAT,JAIPUR,SURAT,53679,54792,,,108471,False,False,,2024-25,14
659,659,JAIPUR,UDAIPUR,JAIPUR,UDAIPUR,42774,42875,,,85649,False,False,,2024-25,14
660,660,JAIPUR,VADODARA,JAIPUR,VADODARA,8,,,DGCA_DASH,,True,False,,2024-25,14
661,661,JAIPUR,VARANASI,JAIPUR,VARANASI,6051,6225,,,12276,False,False,,2024-25,14
662,662,JAIPUR,Ayodhya International Airport,JAIPUR,AYODHYA INTERNATIONAL AIRPORT,8959,8213,,,17172,False,True,CITY2_PAX_BOUNDARY_BLEED,2024-25,14
663,663,JAISALMER,MUMBAI,JAISALMER,MUMBAI,24747,24975,,,49722,False,False,,2024-25,14
664,664,JAISALMER,Ayodhya International Airport,JAISALMER,AYODHYA INTERNATIONAL AIRPORT,13,,,DGCA_DASH,,True,True,CITY2_PAX_BOUNDARY_BLEED,2024-25,14
665,665,JALGAON,MUMBAI,JALGAON,MUMBAI,5550,4840,,,10390,False,False,,2024-25,14
666,666,JALGAON,PUNE,JALGAON,PUNE,10639,10123,,,20762,False,False,,2024-25,14
667,667,JAMMU,KOLKATA,JAMMU,KOLKATA,6119,6754,,,12873,False,False,,2024-25,14
668,668,JAMMU,LEH,JAMMU,LEH,28757,33641,,,62398,False,False,,2024-25,14
669,669,JAMMU,MUMBAI,JAMMU,MUMBAI,36204,35950,,,72154,False,False,,2024-25,14
670,670,JAMMU,SRINAGAR,JAMMU,SRINAGAR,266656,249802,,,516458,False,False,,2024-25,14
671,671,JAMMU,HINDON AIRPORT,JAMMU,HINDON AIRPORT,550,975,,,1525,False,False,,2024-25,14
672,672,JAMNAGAR,MUMBAI,JAMNAGAR,MUMBAI,51665,55533,,,107198,False,False,,2024-25,14
673,673,JAMSHEDPUR,KOLKATA,JAMSHEDPUR,KOLKATA,2514,1755,,,4269,False,False,,2024-25,14
674,674,JEYPORE,VISAKHAPATNAM,JEYPORE,VISAKHAPATNAM,1645,1362,,,3007,False,False,,2024-25,14
675,675,JHARSUGUDA,KOLKATA,JHARSUGUDA,KOLKATA,22840,23671,,,46511,False,False,,2024-25,14
676,676,JHARSUGUDA,LUCKNOW,JHARSUGUDA,LUCKNOW,1686,1573,,,3259,False,False,,2024-25,14
677,677,JHARSUGUDA,MUMBAI,JHARSUGUDA,MUMBAI,3306,3479,,,6785,False,False,,2024-25,14
678,678,JHARSUGUDA,RAIPUR,JHARSUGUDA,RAIPUR,812,788,,,1600,False,False,,2024-25,14
679,679,JODHPUR,KOLKATA,JODHPUR,KOLKATA,367,500,,,867,False,False,,2024-25,14
680,680,JODHPUR,MUMBAI,JODHPUR,MUMBAI,142840,148237,,,291077,False,False,,2024-25,14
681,681,JODHPUR,PUNE,JODHPUR,PUNE,46377,49328,,,95705,False,False,,2024-25,14
682,682,JORHAT,KOLKATA,JORHAT,KOLKATA,63405,65381,,,128786,False,False,,2024-25,14
683,683,JORHAT,PASIGHAT,JORHAT,PASIGHAT,18,15,,,33,False,False,,2024-25,14
684,684,JORHAT,TEZU,JORHAT,TEZU,783,518,,,1301,False,False,,2024-25,14
685,685,Cuddapah,VIJAYAWADA,CUDDAPAH,VIJAYAWADA,4955,3212,,,8167,False,False,,2024-25,14
686,686,Cuddapah,VISAKHAPATNAM,CUDDAPAH,VISAKHAPATNAM,2622,2398,,,5020,False,False,,2024-25,14
687,687,KALABURAGI,TIRUPATI,KALABURAGI,TIRUPATI,1334,983,,,2317,False,False,,2024-25,14
688,688,KANDLA,MUMBAI,KANDLA,MUMBAI,18889,21127,,,40016,False,False,,2024-25,14
689,689,KANNUR,KOCHI,KANNUR,KOCHI,14960,17924,,,32884,False,False,,2024-25,14
690,690,KANNUR,MANGALORE,KANNUR,MANGALORE,167,,,DGCA_DASH,,True,False,,2024-25,14
691,691,KANNUR,MUMBAI,KANNUR,MUMBAI,33431,34947,,,68378,False,False,,2024-25,14
692,692,KANNUR,TRIVANDRUM,KANNUR,TRIVANDRUM,12954,12037,,,24991,False,False,,2024-25,14
693,693,KANPUR,MUMBAI,KANPUR,MUMBAI,58251,59346,,,117597,False,False,,2024-25,14
694,694,KESHOD,MUMBAI,KESHOD,MUMBAI,6445,7214,,,13659,False,False,,2024-25,14
695,695,KHAJURAHO,REWA,KHAJURAHO,REWA,56,60,,,116,False,False,,2024-25,14
696,696,KHAJURAHO,VARANASI,KHAJURAHO,VARANASI,11463,7250,,,18713,False,False,,2024-25,14
697,697,KOCHI,KOLKATA,KOCHI,KOLKATA,51233,52715,,,103948,False,False,,2024-25,14
698,698,KOCHI,KOZHIKODE,KOCHI,KOZHIKODE,11791,12171,,,23962,False,False,,2024-25,14
699,699,KOCHI,LUCKNOW,KOCHI,LUCKNOW,3518,2909,,,6427,False,False,,2024-25,14
700,700,KOCHI,MANGALORE,KOCHI,MANGALORE,3,8,,,11,False,False,,2024-25,14
701,701,KOCHI,MUMBAI,KOCHI,MUMBAI,581795,589062,,,1170857,False,False,,2024-25,15
702,702,KOCHI,NAGPUR,KOCHI,NAGPUR,18,23,,,41,False,False,,2024-25,15
703,703,KOCHI,PATNA,KOCHI,PATNA,1514,1287,,,2801,False,False,,2024-25,15
704,704,KOCHI,PUNE,KOCHI,PUNE,78126,79852,,,157978,False,False,,2024-25,15
705,705,KOCHI,RAIPUR,KOCHI,RAIPUR,5205,5334,,,10539,False,False,,2024-25,15
706,706,KOCHI,RANCHI,KOCHI,RANCHI,141,102,,,243,False,False,,2024-25,15
707,707,KOCHI,SALEM,KOCHI,SALEM,9711,8917,,,18628,False,False,,2024-25,15
708,708,KOCHI,Shivamogga Airport,KOCHI,SHIVAMOGGA AIRPORT,61,28,,,89,False,False,,2024-25,15
709,709,KOCHI,TRIVANDRUM,KOCHI,TRIVANDRUM,19314,17584,,,36898,False,False,,2024-25,15
710,710,KOCHI,VARANASI,KOCHI,VARANASI,4130,5937,,,10067,False,False,,2024-25,15
711,711,KOLHAPUR,MUMBAI,KOLHAPUR,MUMBAI,15761,17052,,,32813,False,False,,2024-25,15
712,712,KOLHAPUR,TIRUPATI,KOLHAPUR,TIRUPATI,6886,10532,,,17418,False,False,,2024-25,15
713,713,KOLKATA,LILABARI,KOLKATA,LILABARI,8583,9561,,,18144,False,False,,2024-25,15
714,714,KOLKATA,LUCKNOW,KOLKATA,LUCKNOW,123993,132851,,,256844,False,False,,2024-25,15
715,715,KOLKATA,MUMBAI,KOLKATA,MUMBAI,1071297,1095067,,,2166364,False,False,,2024-25,15
716,716,KOLKATA,NAGPUR,KOLKATA,NAGPUR,60922,62122,,,123044,False,False,,2024-25,15
717,717,KOLKATA,PAKYONG,KOLKATA,PAKYONG,3858,3606,,,7464,False,False,,2024-25,15
718,718,KOLKATA,PATNA,KOLKATA,PATNA,163389,163221,,,326610,False,False,,2024-25,15
719,719,KOLKATA,PORT BLAIR,KOLKATA,PORT BLAIR,274011,271413,,,545424,False,False,,2024-25,15
720,720,KOLKATA,PUNE,KOLKATA,PUNE,222331,236389,,,458720,False,False,,2024-25,15
721,721,KOLKATA,RAIPUR,KOLKATA,RAIPUR,133053,135464,,,268517,False,False,,2024-25,15
722,722,KOLKATA,Rajkot International Airport,KOLKATA,RAJKOT INTERNATIONAL AIRPORT,1364,1344,,,2708,False,False,,2024-25,15
723,723,KOLKATA,RANCHI,KOLKATA,RANCHI,96739,102658,,,199397,False,False,,2024-25,15
724,724,KOLKATA,ROURKELA,KOLKATA,ROURKELA,5388,5880,,,11268,False,False,,2024-25,15
725,725,KOLKATA,RUPSI,KOLKATA,RUPSI,2248,2376,,,4624,False,False,,2024-25,15
726,726,KOLKATA,SHILLONG,KOLKATA,SHILLONG,31003,24129,,,55132,False,False,,2024-25,15
727,727,KOLKATA,SILCHAR,KOLKATA,SILCHAR,159992,155395,,,315387,False,False,,2024-25,15
728,728,KOLKATA,SRINAGAR,KOLKATA,SRINAGAR,60361,52479,,,112840,False,False,,2024-25,15
729,729,KOLKATA,SURAT,KOLKATA,SURAT,61346,62982,,,124328,False,False,,2024-25,15
730,730,KOLKATA,TEZPUR,KOLKATA,TEZPUR,12311,10978,,,23289,False,False,,2024-25,15
731,731,KOLKATA,TIRUPATI,KOLKATA,TIRUPATI,8,9,,,17,False,False,,2024-25,15
732,732,KOLKATA,VADODARA,KOLKATA,VADODARA,1929,2126,,,4055,False,False,,2024-25,15
733,733,KOLKATA,VARANASI,KOLKATA,VARANASI,133810,140266,,,274076,False,False,,2024-25,15
734,734,KOLKATA,VISAKHAPATNAM,KOLKATA,VISAKHAPATNAM,85002,86629,,,171631,False,False,,2024-25,15
735,735,KOLKATA,Ayodhya International Airport,KOLKATA,AYODHYA INTERNATIONAL AIRPORT,5872,5671,,,11543,False,True,CITY2_PAX_BOUNDARY_BLEED,2024-25,15
736,736,KOLKATA,HINDON AIRPORT,KOLKATA,HINDON AIRPORT,5010,4291,,,9301,False,False,,2024-25,15
737,737,KOZHIKODE,MUMBAI,KOZHIKODE,MUMBAI,83098,84338,,,167436,False,False,,2024-25,15
738,738,KOZHIKODE,TIRUCHIRAPALLY,KOZHIKODE,TIRUCHIRAPALLY,,32,DGCA_DASH,,,True,False,,2024-25,15
739,739,KOZHIKODE,TRIVANDRUM,KOZHIKODE,TRIVANDRUM,112,35,,,147,False,False,,2024-25,15
740,740,KURNOOL,VISAKHAPATNAM,KURNOOL,VISAKHAPATNAM,4270,4210,,,8480,False,False,,2024-25,15
741,741,LEH,MUMBAI,LEH,MUMBAI,20344,21094,,,41438,False,False,,2024-25,15
742,742,LEH,SRINAGAR,LEH,SRINAGAR,13189,10651,,,23840,False,False,,2024-25,15
743,743,LILABARI,SHILLONG,LILABARI,SHILLONG,3670,2400,,,6070,False,False,,2024-25,15
744,744,LILABARI,SILCHAR,LILABARI,SILCHAR,,53,DGCA_DASH,,,True,False,,2024-25,15
745,745,LILABARI,TEZPUR,LILABARI,TEZPUR,2004,2523,,,4527,False,False,,2024-25,15
746,746,LUCKNOW,MUMBAI,LUCKNOW,MUMBAI,477162,472109,,,949271,False,False,,2024-25,15
747,747,LUCKNOW,NAGPUR,LUCKNOW,NAGPUR,15801,16533,,,32334,False,False,,2024-25,15
748,748,LUCKNOW,NASIK,LUCKNOW,NASIK,2643,2228,,,4871,False,False,,2024-25,15
749,749,LUCKNOW,PATNA,LUCKNOW,PATNA,47245,49387,,,96632,False,False,,2024-25,15
750,750,LUCKNOW,PUNE,LUCKNOW,PUNE,120798,118497,,,239295,False,False,,2024-25,15
751,751,LUCKNOW,RAIPUR,LUCKNOW,RAIPUR,42789,44710,,,87499,False,False,,2024-25,16
752,752,LUCKNOW,RANCHI,LUCKNOW,RANCHI,14906,13426,,,28332,False,False,,2024-25,16
753,753,LUCKNOW,SHIRDI,LUCKNOW,SHIRDI,2462,3071,,,5533,False,False,,2024-25,16
754,754,LUCKNOW,SILCHAR,LUCKNOW,SILCHAR,3,9,,,12,False,False,,2024-25,16
755,755,LUCKNOW,SRINAGAR,LUCKNOW,SRINAGAR,15982,16790,,,32772,False,False,,2024-25,16
756,756,LUCKNOW,VARANASI,LUCKNOW,VARANASI,17208,17600,,,34808,False,False,,2024-25,16
757,757,LUCKNOW,VIJAYAWADA,LUCKNOW,VIJAYAWADA,8,8,,,16,False,False,,2024-25,16
758,758,LUCKNOW,Ayodhya International Airport,LUCKNOW,AYODHYA INTERNATIONAL AIRPORT,174,33,,,207,False,True,CITY2_PAX_BOUNDARY_BLEED,2024-25,16
759,759,LUCKNOW,Azamgarh Airport,LUCKNOW,AZAMGARH AIRPORT,434,531,,,965,False,False,,2024-25,16
760,760,LUCKNOW,Aligarh Airport,LUCKNOW,ALIGARH AIRPORT,580,742,,,1322,False,False,,2024-25,16
761,761,LUCKNOW,Chitrakoot Airport,LUCKNOW,CHITRAKOOT AIRPORT,546,639,,,1185,False,False,,2024-25,16
762,762,LUCKNOW,Shravasti Airport,LUCKNOW,SHRAVASTI AIRPORT,258,399,,,657,False,False,,2024-25,16
763,763,LUCKNOW,Moradabad Airport,LUCKNOW,MORADABAD AIRPORT,197,317,,,514,False,False,,2024-25,16
764,764,LUDHIANA,HINDON AIRPORT,LUDHIANA,HINDON AIRPORT,887,871,,,1758,False,False,,2024-25,16
765,765,MADURAI,MUMBAI,MADURAI,MUMBAI,82993,90083,,,173076,False,False,,2024-25,16
766,766,MADURAI,TUTICORIN,MADURAI,TUTICORIN,31,,,DGCA_DASH,,True,False,,2024-25,16
767,767,MADURAI,VIJAYAWADA,MADURAI,VIJAYAWADA,6,5,,,11,False,False,,2024-25,16
768,768,Malvan,MUMBAI,MALVAN,MUMBAI,4588,4753,,,9341,False,False,,2024-25,16
769,769,Malvan,PUNE,MALVAN,PUNE,999,1524,,,2523,False,False,,2024-25,16
770,770,MANGALORE,MUMBAI,MANGALORE,MUMBAI,311704,318833,,,630537,False,False,,2024-25,16
771,771,MANGALORE,PUNE,MANGALORE,PUNE,15718,15496,,,31214,False,False,,2024-25,16
772,772,MANGALORE,RAJAHMUNDRY,MANGALORE,RAJAHMUNDRY,,28,DGCA_DASH,,,True,False,,2024-25,16
773,773,MANGALORE,TIRUCHIRAPALLY,MANGALORE,TIRUCHIRAPALLY,112,113,,,225,False,False,,2024-25,16
774,774,MUMBAI,NAGPUR,MUMBAI,NAGPUR,346052,344802,,,690854,False,False,,2024-25,16
775,775,MUMBAI,PATNA,MUMBAI,PATNA,188602,179541,,,368143,False,False,,2024-25,16
776,776,MUMBAI,PORBANDAR,MUMBAI,PORBANDAR,38,17,,,55,False,False,,2024-25,16
777,777,MUMBAI,PORT BLAIR,MUMBAI,PORT BLAIR,39340,39452,,,78792,False,False,,2024-25,16
778,778,MUMBAI,PUNE,MUMBAI,PUNE,4924,5298,,,10222,False,False,,2024-25,16
779,779,MUMBAI,RAIPUR,MUMBAI,RAIPUR,184886,185285,,,370171,False,False,,2024-25,16
780,780,MUMBAI,RAJAHMUNDRY,MUMBAI,RAJAHMUNDRY,14266,13699,,,27965,False,False,,2024-25,16
781,781,MUMBAI,Rajkot International Airport,MUMBAI,RAJKOT INTERNATIONAL AIRPORT,283261,270754,,,554015,False,False,,2024-25,16
782,782,MUMBAI,RANCHI,MUMBAI,RANCHI,121140,118036,,,239176,False,False,,2024-25,16
783,783,MUMBAI,SHIRDI,MUMBAI,SHIRDI,4,1,,,5,False,False,,2024-25,16
784,784,MUMBAI,SRINAGAR,MUMBAI,SRINAGAR,204703,209962,,,414665,False,False,,2024-25,16
785,785,MUMBAI,TIRUCHIRAPALLY,MUMBAI,TIRUCHIRAPALLY,28607,25607,,,54214,False,False,,2024-25,16
786,786,MUMBAI,TIRUPATI,MUMBAI,TIRUPATI,19515,17141,,,36656,False,False,,2024-25,16
787,787,MUMBAI,TRIVANDRUM,MUMBAI,TRIVANDRUM,211167,216156,,,427323,False,False,,2024-25,16
788,788,MUMBAI,UDAIPUR,MUMBAI,UDAIPUR,282453,267781,,,550234,False,False,,2024-25,16
789,789,MUMBAI,VADODARA,MUMBAI,VADODARA,160761,176722,,,337483,False,False,,2024-25,16
790,790,MUMBAI,VARANASI,MUMBAI,VARANASI,414098,406966,,,821064,False,False,,2024-25,16
791,791,MUMBAI,VIJAYAWADA,MUMBAI,VIJAYAWADA,67312,67316,,,134628,False,False,,2024-25,16
792,792,MUMBAI,VISAKHAPATNAM,MUMBAI,VISAKHAPATNAM,116877,115318,,,232195,False,False,,2024-25,16
793,793,MUMBAI,Ayodhya International Airport,MUMBAI,AYODHYA INTERNATIONAL AIRPORT,126388,124771,,,251159,False,True,CITY2_PAX_BOUNDARY_BLEED,2024-25,16
794,794,MUMBAI,HINDON AIRPORT,MUMBAI,HINDON AIRPORT,1278,1288,,,2566,False,False,,2024-25,16
795,795,NAGPUR,NANDED,NAGPUR,NANDED,1303,1518,,,2821,False,False,,2024-25,16
796,796,NAGPUR,NASIK,NAGPUR,NASIK,10075,10302,,,20377,False,False,,2024-25,16
797,797,NAGPUR,PATNA,NAGPUR,PATNA,119,,,DGCA_DASH,,True,False,,2024-25,16
798,798,NAGPUR,PUNE,NAGPUR,PUNE,160408,163494,,,323902,False,False,,2024-25,16
799,799,NAGPUR,RAIPUR,NAGPUR,RAIPUR,430,1,,,431,False,False,,2024-25,16
800,800,NAGPUR,TIRUPATI,NAGPUR,TIRUPATI,681,743,,,1424,False,False,,2024-25,16
801,801,NANDED,PUNE,NANDED,PUNE,10271,10274,,,20545,False,False,,2024-25,17
802,802,NANDED,HINDON AIRPORT,NANDED,HINDON AIRPORT,23042,23851,,,46893,False,False,,2024-25,17
803,803,PANTNAGAR,PITHORAGARH,PANTNAGAR,PITHORAGARH,1218,1193,,,2411,False,False,,2024-25,17
804,804,PANTNAGAR,VARANASI,PANTNAGAR,VARANASI,2090,1955,,,4045,False,False,,2024-25,17
805,805,PASIGHAT,SHILLONG,PASIGHAT,SHILLONG,116,102,,,218,False,False,,2024-25,17
806,806,PATNA,PUNE,PATNA,PUNE,60487,63051,,,123538,False,False,,2024-25,17
807,807,PATNA,RANCHI,PATNA,RANCHI,35859,35557,,,71416,False,False,,2024-25,17
808,808,PATNA,VARANASI,PATNA,VARANASI,,24,DGCA_DASH,,,True,False,,2024-25,17
809,809,PORT BLAIR,RANCHI,PORT BLAIR,RANCHI,2,,,DGCA_DASH,,True,False,,2024-25,17
810,810,PORT BLAIR,VISAKHAPATNAM,PORT BLAIR,VISAKHAPATNAM,17896,17460,,,35356,False,False,,2024-25,17
811,811,PUNE,RAIPUR,PUNE,RAIPUR,40502,40034,,,80536,False,False,,2024-25,17
812,812,PUNE,Rajkot International Airport,PUNE,RAJKOT INTERNATIONAL AIRPORT,23242,22327,,,45569,False,False,,2024-25,17
813,813,PUNE,RANCHI,PUNE,RANCHI,67423,66122,,,133545,False,False,,2024-25,17
814,814,PUNE,SRINAGAR,PUNE,SRINAGAR,1632,138,,,1770,False,False,,2024-25,17
815,815,PUNE,SURAT,PUNE,SURAT,22394,21669,,,44063,False,False,,2024-25,17
816,816,PUNE,TRIVANDRUM,PUNE,TRIVANDRUM,12528,14784,,,27312,False,False,,2024-25,17
817,817,PUNE,VADODARA,PUNE,VADODARA,22897,22896,,,45793,False,False,,2024-25,17
818,818,PUNE,VARANASI,PUNE,VARANASI,50347,48394,,,98741,False,False,,2024-25,17
819,819,PUNE,VISAKHAPATNAM,PUNE,VISAKHAPATNAM,11504,12051,,,23555,False,False,,2024-25,17
820,820,RAIPUR,Utkela,RAIPUR,UTKELA,123,132,,,255,False,False,,2024-25,17
821,821,RAIPUR,VISAKHAPATNAM,RAIPUR,VISAKHAPATNAM,29,56,,,85,False,False,,2024-25,17
822,822,RAIPUR,Ambikapur Airport,RAIPUR,AMBIKAPUR AIRPORT,214,206,,,420,False,False,,2024-25,17
823,823,RAJAHMUNDRY,TIRUCHIRAPALLY,RAJAHMUNDRY,TIRUCHIRAPALLY,8,1,,,9,False,False,,2024-25,17
824,824,RAJAHMUNDRY,VIJAYAWADA,RAJAHMUNDRY,VIJAYAWADA,69,,,DGCA_DASH,,True,False,,2024-25,17
825,825,Rajkot International Airport,UDAIPUR,RAJKOT INTERNATIONAL AIRPORT,UDAIPUR,276,252,,,528,False,True,CITY1_CITY2_BOUNDARY_BLEED,2024-25,17
826,826,RANCHI,VARANASI,RANCHI,VARANASI,26,,,DGCA_DASH,,True,False,,2024-25,17
827,827,SHIRDI,TIRUPATI,SHIRDI,TIRUPATI,6312,5050,,,11362,False,False,,2024-25,17
828,828,SHIRDI,VIJAYAWADA,SHIRDI,VIJAYAWADA,15873,16788,,,32661,False,False,,2024-25,17
829,829,Shivamogga Airport,TIRUPATI,SHIVAMOGGA AIRPORT,TIRUPATI,9914,7833,,,17747,False,False,,2024-25,17
830,830,SURAT,VADODARA,SURAT,VADODARA,143,,,DGCA_DASH,,True,False,,2024-25,17
831,831,TIRUCHIRAPALLY,TRIVANDRUM,TIRUCHIRAPALLY,TRIVANDRUM,1,,,DGCA_DASH,,True,False,,2024-25,17
832,832,TIRUPATI,VIJAYAWADA,TIRUPATI,VIJAYAWADA,8982,13026,,,22008,False,False,,2024-25,17
833,833,TIRUPATI,VISAKHAPATNAM,TIRUPATI,VISAKHAPATNAM,20709,21463,,,42172,False,False,,2024-25,17
834,834,VARANASI,VISAKHAPATNAM,VARANASI,VISAKHAPATNAM,1013,235,,,1248,False,False,,2024-25,17
835,835,VIJAYAWADA,VISAKHAPATNAM,VIJAYAWADA,VISAKHAPATNAM,41274,38384,,,79658,False,False,,2024-25,17
