edge_case_category,observation_id,expected_behavior,actual_validation_status,actual_validation_reason,pass_fail,note
BASELINE,OBS00769,keep,VALID,,PASS,Anchor observation for duplicate/repricing test cluster
DUPLICATE,OBS00770,collapse_into_OBS00769,VALID,,PASS,"Same capture-identity as OBS00769, 1 min apart, identical total_fare -> technical duplicate"
GENUINE_REPRICE,OBS00771,keep_as_new_observation,VALID,,PASS,"Same identity as OBS00769 but price changed (5400->5800) -> real repricing, not a duplicate"
DIFFERENT_SOURCE_SAME_PRODUCT,OBS00772,keep_separate_then_consolidate,VALID,,PASS,"Same product as OBS00769, different source (MMT) -> consolidate via median at aggregation, not a duplicate"
DIFFERENT_SOURCE_SAME_PRODUCT,OBS00773,keep_separate_then_consolidate,VALID,,PASS,"Same product as OBS00769, different source (Goibibo)"
DIFFERENT_PRODUCT,OBS00774,keep_as_separate_series,VALID,,PASS,"Same flight as OBS00769 but Economy Flexi -> different product, never pooled with Saver"
INVALID_NEGATIVE_FARE,OBS00775,exclude_flag_is_valid_false,INVALID,NEGATIVE_BASE_FARE,PASS,"base_fare is negative -> physically impossible, invalid record"
STATISTICAL_OUTLIER,OBS00776,hold_for_review,VALID,,PASS,"~2.5x the price of peer observations for the same product/day with no documented cause -> hold, do not auto-delete or auto-include"
MISSING_SUBFIELDS,OBS00777,keep_use_total_only,VALID_WITH_MISSING_OPTIONAL_FIELDS,OPTIONAL_MISSING_BASE_FARE;OPTIONAL_MISSING_TAXES;OPTIONAL_MISSING_FEES,PASS,"base_fare/taxes/fees undisclosed by source, total_fare present -> keep, use total only"
SOLD_OUT,OBS00778,keep_flag_exclude_price_from_averaging,NON_PRICE_AVAILABILITY,NON_PRICE_AVAILABILITY,PASS,"Flight sold out -> keep row (availability signal), exclude from price averaging"
MISSING_SOURCE,OBS00779,exclude_from_index_retain_row,INVALID,MISSING_SOURCE,PASS,"source field missing -> cannot apply source-consolidation logic, exclude from index but keep raw row"
MISSING_ROUTE,OBS00780,reject_outright,INVALID,MISSING_ROUTE,PASS,"origin/destination missing -> not a usable observation at all, reject"
MISSING_TIMESTAMP,OBS00781,reject_outright,INVALID,MISSING_COLLECTION_TIMESTAMP,PASS,"collection_timestamp missing -> cannot place in time or window, reject"
DIFFERENT_FLIGHT_SAME_ROUTE_CLASS,OBS00782,poolable_level_a,VALID,,PASS,"Different flight (QP-1123) than the 6E-2341 cluster, but same route+class+date+window -> Level A comparable, poolable at route aggregation"
DIFFERENT_SOURCE_SAME_PRODUCT,OBS00783,keep_separate_then_consolidate,VALID,,PASS,"Same product as OBS00782, different source"
FARE_CLASS_AVAILABILITY_GAP,,no_row_expected_do_not_impute,N/A,N/A,NOT_APPLICABLE,"By design, not every fare class is scraped/available every round; verify the pipeline treats any resulting gaps as genuinely missing, never imputed"
