series_variant,index_series_id,link_sequence,link_id,prev_round_id,collection_round_id,round_sort_key,route_id,basket_rank,route_coverage_status,traffic_weight,renormalized_weight,contributed_to_index,matched_product_count,route_elementary_jevons,route_log_relative,weighted_log_contribution,entering_product_count,leaving_product_count,eligible_product_count_prev,eligible_product_count_curr,none_count,info_count,review_count,high_count,fare_class_matched_counts,advance_purchase_window_matched_counts,elementary_aggregation_statistic,within_route_weighting,phase11_schema_version
PRIMARY,VAYU-RI-PRIMARY,1,LINK::ROUND::2026-09-05T09:00->ROUND::2026-09-05T14:30,ROUND::2026-09-05T09:00,ROUND::2026-09-05T14:30,2026-09-05 14:30,BOM-DEL,1,CONTRIBUTED_TO_INDEX,0.162603,0.162603000000,True,9,0.99770240,-0.002300240206,-0.000374025958,2,4,13,11,7,2,0,0,Economy Flexi=4;Economy Saver=3;Economy Standard=2,T1(0-2)=2;T15(12-18)=2;T30(25-35)=2;T45(40-50)=1;T7(5-9)=2,UNWEIGHTED_JEVONS,EQUAL_WEIGHT_PER_MATCHED_ITEM,phase11-v1
PRIMARY,VAYU-RI-PRIMARY,1,LINK::ROUND::2026-09-05T09:00->ROUND::2026-09-05T14:30,ROUND::2026-09-05T09:00,ROUND::2026-09-05T14:30,2026-09-05 14:30,BLR-DEL,2,CONTRIBUTED_TO_INDEX,0.111103,0.111103000000,True,13,1.01936847,0.019183291286,0.002131321212,1,1,14,14,11,2,0,0,Economy Flexi=5;Economy Saver=5;Economy Standard=3,T1(0-2)=3;T15(12-18)=3;T30(25-35)=3;T45(40-50)=2;T7(5-9)=2,UNWEIGHTED_JEVONS,EQUAL_WEIGHT_PER_MATCHED_ITEM,phase11-v1
PRIMARY,VAYU-RI-PRIMARY,1,LINK::ROUND::2026-09-05T09:00->ROUND::2026-09-05T14:30,ROUND::2026-09-05T09:00,ROUND::2026-09-05T14:30,2026-09-05 14:30,BLR-BOM,3,CONTRIBUTED_TO_INDEX,0.097658,0.097658000000,True,8,1.00434368,0.004334276382,0.000423276763,4,3,11,12,6,2,0,0,Economy Flexi=3;Economy Saver=3;Economy Standard=2,T1(0-2)=1;T15(12-18)=1;T30(25-35)=2;T45(40-50)=2;T7(5-9)=2,UNWEIGHTED_JEVONS,EQUAL_WEIGHT_PER_MATCHED_ITEM,phase11-v1
PRIMARY,VAYU-RI-PRIMARY,1,LINK::ROUND::2026-09-05T09:00->ROUND::2026-09-05T14:30,ROUND::2026-09-05T09:00,ROUND::2026-09-05T14:30,2026-09-05 14:30,DEL-HYD,4,CONTRIBUTED_TO_INDEX,0.078228,0.078228000000,True,8,0.99818084,-0.001820817936,-0.000142438945,3,4,12,11,7,1,0,0,Economy Flexi=1;Economy Saver=3;Economy Standard=4,T1(0-2)=2;T15(12-18)=2;T30(25-35)=2;T45(40-50)=1;T7(5-9)=1,UNWEIGHTED_JEVONS,EQUAL_WEIGHT_PER_MATCHED_ITEM,phase11-v1
PRIMARY,VAYU-RI-PRIMARY,1,LINK::ROUND::2026-09-05T09:00->ROUND::2026-09-05T14:30,ROUND::2026-09-05T09:00,ROUND::2026-09-05T14:30,2026-09-05 14:30,DEL-PNQ,5,CONTRIBUTED_TO_INDEX,0.069402,0.069402000000,True,14,0.99630055,-0.003706306912,-0.000257225112,0,1,15,14,10,3,1,0,Economy Flexi=5;Economy Saver=4;Economy Standard=5,T1(0-2)=3;T15(12-18)=3;T30(25-35)=3;T45(40-50)=3;T7(5-9)=2,UNWEIGHTED_JEVONS,EQUAL_WEIGHT_PER_MATCHED_ITEM,phase11-v1
PRIMARY,VAYU-RI-PRIMARY,1,LINK::ROUND::2026-09-05T09:00->ROUND::2026-09-05T14:30,ROUND::2026-09-05T09:00,ROUND::2026-09-05T14:30,2026-09-05 14:30,CCU-DEL,6,CONTRIBUTED_TO_INDEX,0.065754,0.065754000000,True,10,0.99184541,-0.008188022577,-0.000538395237,1,4,14,11,8,2,0,0,Economy Flexi=3;Economy Saver=3;Economy Standard=4,T1(0-2)=2;T15(12-18)=2;T30(25-35)=3;T45(40-50)=1;T7(5-9)=2,UNWEIGHTED_JEVONS,EQUAL_WEIGHT_PER_MATCHED_ITEM,phase11-v1
PRIMARY,VAYU-RI-PRIMARY,1,LINK::ROUND::2026-09-05T09:00->ROUND::2026-09-05T14:30,ROUND::2026-09-05T09:00,ROUND::2026-09-05T14:30,2026-09-05 14:30,AMD-DEL,7,CONTRIBUTED_TO_INDEX,0.060216,0.060216000000,True,13,1.00837391,0.008339045366,0.000502143956,0,2,15,13,9,4,0,0,Economy Flexi=3;Economy Saver=5;Economy Standard=5,T1(0-2)=2;T15(12-18)=2;T30(25-35)=3;T45(40-50)=3;T7(5-9)=3,UNWEIGHTED_JEVONS,EQUAL_WEIGHT_PER_MATCHED_ITEM,phase11-v1
PRIMARY,VAYU-RI-PRIMARY,1,LINK::ROUND::2026-09-05T09:00->ROUND::2026-09-05T14:30,ROUND::2026-09-05T09:00,ROUND::2026-09-05T14:30,2026-09-05 14:30,DEL-MAA,8,CONTRIBUTED_TO_INDEX,0.058216,0.058216000000,True,12,1.00555716,0.005541778480,0.000322620176,1,2,14,13,9,3,0,0,Economy Flexi=4;Economy Saver=5;Economy Standard=3,T1(0-2)=3;T15(12-18)=1;T30(25-35)=3;T45(40-50)=3;T7(5-9)=2,UNWEIGHTED_JEVONS,EQUAL_WEIGHT_PER_MATCHED_ITEM,phase11-v1
PRIMARY,VAYU-RI-PRIMARY,1,LINK::ROUND::2026-09-05T09:00->ROUND::2026-09-05T14:30,ROUND::2026-09-05T09:00,ROUND::2026-09-05T14:30,2026-09-05 14:30,BOM-HYD,9,CONTRIBUTED_TO_INDEX,0.055855,0.055855000000,True,12,0.98916827,-0.010890821978,-0.000608306862,0,3,15,12,10,2,0,0,Economy Flexi=4;Economy Saver=4;Economy Standard=4,T1(0-2)=2;T15(12-18)=3;T30(25-35)=2;T45(40-50)=3;T7(5-9)=2,UNWEIGHTED_JEVONS,EQUAL_WEIGHT_PER_MATCHED_ITEM,phase11-v1
PRIMARY,VAYU-RI-PRIMARY,1,LINK::ROUND::2026-09-05T09:00->ROUND::2026-09-05T14:30,ROUND::2026-09-05T09:00,ROUND::2026-09-05T14:30,2026-09-05 14:30,BLR-CCU,10,CONTRIBUTED_TO_INDEX,0.05523,0.055230000000,True,12,1.00773392,0.007704170023,0.000425501310,2,1,13,14,8,4,0,0,Economy Flexi=4;Economy Saver=4;Economy Standard=4,T1(0-2)=2;T15(12-18)=3;T30(25-35)=1;T45(40-50)=3;T7(5-9)=3,UNWEIGHTED_JEVONS,EQUAL_WEIGHT_PER_MATCHED_ITEM,phase11-v1
PRIMARY,VAYU-RI-PRIMARY,1,LINK::ROUND::2026-09-05T09:00->ROUND::2026-09-05T14:30,ROUND::2026-09-05T09:00,ROUND::2026-09-05T14:30,2026-09-05 14:30,DEL-SXR,11,CONTRIBUTED_TO_INDEX,0.054956,0.054956000000,True,10,0.99914913,-0.000851234116,-0.000046780422,4,0,10,14,5,4,1,0,Economy Flexi=3;Economy Saver=3;Economy Standard=4,T1(0-2)=2;T15(12-18)=2;T30(25-35)=2;T45(40-50)=1;T7(5-9)=3,UNWEIGHTED_JEVONS,EQUAL_WEIGHT_PER_MATCHED_ITEM,phase11-v1
PRIMARY,VAYU-RI-PRIMARY,1,LINK::ROUND::2026-09-05T09:00->ROUND::2026-09-05T14:30,ROUND::2026-09-05T09:00,ROUND::2026-09-05T14:30,2026-09-05 14:30,DEL-GOI,12,CONTRIBUTED_TO_INDEX,0.03707,0.037070000000,True,12,0.99814771,-0.001854010544,-0.000068728171,1,2,14,13,7,5,0,0,Economy Flexi=5;Economy Saver=4;Economy Standard=3,T1(0-2)=2;T15(12-18)=3;T30(25-35)=2;T45(40-50)=2;T7(5-9)=3,UNWEIGHTED_JEVONS,EQUAL_WEIGHT_PER_MATCHED_ITEM,phase11-v1
PRIMARY,VAYU-RI-PRIMARY,1,LINK::ROUND::2026-09-05T09:00->ROUND::2026-09-05T14:30,ROUND::2026-09-05T09:00,ROUND::2026-09-05T14:30,2026-09-05 14:30,DEL-GAU,13,CONTRIBUTED_TO_INDEX,0.036519,0.036519000000,True,11,1.00599430,0.005976404829,0.000218252328,3,1,12,14,9,2,0,0,Economy Flexi=5;Economy Saver=3;Economy Standard=3,T1(0-2)=2;T15(12-18)=3;T30(25-35)=2;T45(40-50)=2;T7(5-9)=2,UNWEIGHTED_JEVONS,EQUAL_WEIGHT_PER_MATCHED_ITEM,phase11-v1
PRIMARY,VAYU-RI-PRIMARY,1,LINK::ROUND::2026-09-05T09:00->ROUND::2026-09-05T14:30,ROUND::2026-09-05T09:00,ROUND::2026-09-05T14:30,2026-09-05 14:30,BLR-COK,14,CONTRIBUTED_TO_INDEX,0.03525,0.035250000000,True,12,1.01121153,0.011149142426,0.000393007271,2,1,13,14,10,2,0,0,Economy Flexi=4;Economy Saver=4;Economy Standard=4,T1(0-2)=3;T15(12-18)=2;T30(25-35)=3;T45(40-50)=2;T7(5-9)=2,UNWEIGHTED_JEVONS,EQUAL_WEIGHT_PER_MATCHED_ITEM,phase11-v1
PRIMARY,VAYU-RI-PRIMARY,1,LINK::ROUND::2026-09-05T09:00->ROUND::2026-09-05T14:30,ROUND::2026-09-05T09:00,ROUND::2026-09-05T14:30,2026-09-05 14:30,DEL-IDR,15,CONTRIBUTED_TO_INDEX,0.02194,0.021940000000,True,11,1.00928566,0.009242808842,0.000202787226,2,2,13,13,8,2,1,0,Economy Flexi=3;Economy Saver=5;Economy Standard=3,T1(0-2)=2;T15(12-18)=2;T30(25-35)=3;T45(40-50)=2;T7(5-9)=2,UNWEIGHTED_JEVONS,EQUAL_WEIGHT_PER_MATCHED_ITEM,phase11-v1
PRIMARY,VAYU-RI-PRIMARY,2,LINK::ROUND::2026-09-05T14:30->ROUND::2026-09-05T20:15,ROUND::2026-09-05T14:30,ROUND::2026-09-05T20:15,2026-09-05 20:15,BOM-DEL,1,CONTRIBUTED_TO_INDEX,0.162603,0.162603000000,True,9,1.00475878,0.004747496704,0.000771957207,4,2,11,13,7,2,0,0,Economy Flexi=4;Economy Saver=3;Economy Standard=2,T1(0-2)=2;T15(12-18)=3;T30(25-35)=2;T45(40-50)=1;T7(5-9)=1,UNWEIGHTED_JEVONS,EQUAL_WEIGHT_PER_MATCHED_ITEM,phase11-v1
PRIMARY,VAYU-RI-PRIMARY,2,LINK::ROUND::2026-09-05T14:30->ROUND::2026-09-05T20:15,ROUND::2026-09-05T14:30,ROUND::2026-09-05T20:15,2026-09-05 20:15,BLR-DEL,2,CONTRIBUTED_TO_INDEX,0.111103,0.111103000000,True,14,0.99150635,-0.008529922926,-0.000947700027,1,0,14,15,11,3,0,0,Economy Flexi=5;Economy Saver=5;Economy Standard=4,T1(0-2)=3;T15(12-18)=3;T30(25-35)=3;T45(40-50)=3;T7(5-9)=2,UNWEIGHTED_JEVONS,EQUAL_WEIGHT_PER_MATCHED_ITEM,phase11-v1
PRIMARY,VAYU-RI-PRIMARY,2,LINK::ROUND::2026-09-05T14:30->ROUND::2026-09-05T20:15,ROUND::2026-09-05T14:30,ROUND::2026-09-05T20:15,2026-09-05 20:15,BLR-BOM,3,CONTRIBUTED_TO_INDEX,0.097658,0.097658000000,True,11,1.00539322,0.005378728229,0.000525275841,3,1,12,14,9,2,0,0,Economy Flexi=4;Economy Saver=4;Economy Standard=3,T1(0-2)=3;T15(12-18)=2;T30(25-35)=2;T45(40-50)=1;T7(5-9)=3,UNWEIGHTED_JEVONS,EQUAL_WEIGHT_PER_MATCHED_ITEM,phase11-v1
PRIMARY,VAYU-RI-PRIMARY,2,LINK::ROUND::2026-09-05T14:30->ROUND::2026-09-05T20:15,ROUND::2026-09-05T14:30,ROUND::2026-09-05T20:15,2026-09-05 20:15,DEL-HYD,4,CONTRIBUTED_TO_INDEX,0.078228,0.078228000000,True,9,0.99435637,-0.005659616728,-0.000442740497,4,2,11,13,7,2,0,0,Economy Flexi=2;Economy Saver=3;Economy Standard=4,T1(0-2)=2;T15(12-18)=2;T30(25-35)=2;T45(40-50)=2;T7(5-9)=1,UNWEIGHTED_JEVONS,EQUAL_WEIGHT_PER_MATCHED_ITEM,phase11-v1
PRIMARY,VAYU-RI-PRIMARY,2,LINK::ROUND::2026-09-05T14:30->ROUND::2026-09-05T20:15,ROUND::2026-09-05T14:30,ROUND::2026-09-05T20:15,2026-09-05 20:15,DEL-PNQ,5,CONTRIBUTED_TO_INDEX,0.069402,0.069402000000,True,14,1.00021003,0.000210012274,0.000014575272,1,0,14,15,10,4,0,0,Economy Flexi=5;Economy Saver=4;Economy Standard=5,T1(0-2)=3;T15(12-18)=3;T30(25-35)=3;T45(40-50)=3;T7(5-9)=2,UNWEIGHTED_JEVONS,EQUAL_WEIGHT_PER_MATCHED_ITEM,phase11-v1
PRIMARY,VAYU-RI-PRIMARY,2,LINK::ROUND::2026-09-05T14:30->ROUND::2026-09-05T20:15,ROUND::2026-09-05T14:30,ROUND::2026-09-05T20:15,2026-09-05 20:15,CCU-DEL,6,CONTRIBUTED_TO_INDEX,0.065754,0.065754000000,True,9,0.99315474,-0.006868798880,-0.000451651002,4,2,11,13,7,2,0,0,Economy Flexi=4;Economy Saver=2;Economy Standard=3,T1(0-2)=2;T15(12-18)=1;T30(25-35)=3;T45(40-50)=2;T7(5-9)=1,UNWEIGHTED_JEVONS,EQUAL_WEIGHT_PER_MATCHED_ITEM,phase11-v1
PRIMARY,VAYU-RI-PRIMARY,2,LINK::ROUND::2026-09-05T14:30->ROUND::2026-09-05T20:15,ROUND::2026-09-05T14:30,ROUND::2026-09-05T20:15,2026-09-05 20:15,AMD-DEL,7,CONTRIBUTED_TO_INDEX,0.060216,0.060216000000,True,13,0.98715196,-0.012931293408,-0.000778670764,2,0,13,15,11,2,0,0,Economy Flexi=3;Economy Saver=5;Economy Standard=5,T1(0-2)=2;T15(12-18)=2;T30(25-35)=3;T45(40-50)=3;T7(5-9)=3,UNWEIGHTED_JEVONS,EQUAL_WEIGHT_PER_MATCHED_ITEM,phase11-v1
PRIMARY,VAYU-RI-PRIMARY,2,LINK::ROUND::2026-09-05T14:30->ROUND::2026-09-05T20:15,ROUND::2026-09-05T14:30,ROUND::2026-09-05T20:15,2026-09-05 20:15,DEL-MAA,8,CONTRIBUTED_TO_INDEX,0.058216,0.058216000000,True,11,0.99138257,-0.008654775329,-0.000503846401,2,2,13,13,9,2,0,0,Economy Flexi=5;Economy Saver=4;Economy Standard=2,T1(0-2)=2;T15(12-18)=2;T30(25-35)=3;T45(40-50)=2;T7(5-9)=2,UNWEIGHTED_JEVONS,EQUAL_WEIGHT_PER_MATCHED_ITEM,phase11-v1
PRIMARY,VAYU-RI-PRIMARY,2,LINK::ROUND::2026-09-05T14:30->ROUND::2026-09-05T20:15,ROUND::2026-09-05T14:30,ROUND::2026-09-05T20:15,2026-09-05 20:15,BOM-HYD,9,CONTRIBUTED_TO_INDEX,0.055855,0.055855000000,True,9,1.01200185,0.011930398322,0.000666372398,3,3,12,12,8,1,0,0,Economy Flexi=3;Economy Saver=3;Economy Standard=3,T1(0-2)=1;T15(12-18)=2;T30(25-35)=2;T45(40-50)=2;T7(5-9)=2,UNWEIGHTED_JEVONS,EQUAL_WEIGHT_PER_MATCHED_ITEM,phase11-v1
PRIMARY,VAYU-RI-PRIMARY,2,LINK::ROUND::2026-09-05T14:30->ROUND::2026-09-05T20:15,ROUND::2026-09-05T14:30,ROUND::2026-09-05T20:15,2026-09-05 20:15,BLR-CCU,10,CONTRIBUTED_TO_INDEX,0.05523,0.055230000000,True,11,1.00226647,0.002263908743,0.000125035680,1,3,14,12,8,2,1,0,Economy Flexi=5;Economy Saver=3;Economy Standard=3,T1(0-2)=3;T15(12-18)=2;T30(25-35)=1;T45(40-50)=3;T7(5-9)=2,UNWEIGHTED_JEVONS,EQUAL_WEIGHT_PER_MATCHED_ITEM,phase11-v1
PRIMARY,VAYU-RI-PRIMARY,2,LINK::ROUND::2026-09-05T14:30->ROUND::2026-09-05T20:15,ROUND::2026-09-05T14:30,ROUND::2026-09-05T20:15,2026-09-05 20:15,DEL-SXR,11,CONTRIBUTED_TO_INDEX,0.054956,0.054956000000,True,13,0.99978932,-0.000210706660,-0.000011579595,1,1,14,14,9,4,0,0,Economy Flexi=4;Economy Saver=5;Economy Standard=4,T1(0-2)=3;T15(12-18)=2;T30(25-35)=3;T45(40-50)=2;T7(5-9)=3,UNWEIGHTED_JEVONS,EQUAL_WEIGHT_PER_MATCHED_ITEM,phase11-v1
PRIMARY,VAYU-RI-PRIMARY,2,LINK::ROUND::2026-09-05T14:30->ROUND::2026-09-05T20:15,ROUND::2026-09-05T14:30,ROUND::2026-09-05T20:15,2026-09-05 20:15,DEL-GOI,12,CONTRIBUTED_TO_INDEX,0.03707,0.037070000000,True,11,1.00616791,0.006148968170,0.000227942250,1,2,13,12,7,4,0,0,Economy Flexi=4;Economy Saver=4;Economy Standard=3,T1(0-2)=2;T15(12-18)=3;T30(25-35)=3;T45(40-50)=1;T7(5-9)=2,UNWEIGHTED_JEVONS,EQUAL_WEIGHT_PER_MATCHED_ITEM,phase11-v1
PRIMARY,VAYU-RI-PRIMARY,2,LINK::ROUND::2026-09-05T14:30->ROUND::2026-09-05T20:15,ROUND::2026-09-05T14:30,ROUND::2026-09-05T20:15,2026-09-05 20:15,DEL-GAU,13,CONTRIBUTED_TO_INDEX,0.036519,0.036519000000,True,12,0.99907292,-0.000927510991,-0.000033871774,1,2,14,13,11,1,0,0,Economy Flexi=5;Economy Saver=3;Economy Standard=4,T1(0-2)=3;T15(12-18)=3;T30(25-35)=2;T45(40-50)=2;T7(5-9)=2,UNWEIGHTED_JEVONS,EQUAL_WEIGHT_PER_MATCHED_ITEM,phase11-v1
PRIMARY,VAYU-RI-PRIMARY,2,LINK::ROUND::2026-09-05T14:30->ROUND::2026-09-05T20:15,ROUND::2026-09-05T14:30,ROUND::2026-09-05T20:15,2026-09-05 20:15,BLR-COK,14,CONTRIBUTED_TO_INDEX,0.03525,0.035250000000,True,12,0.99929740,-0.000702848703,-0.000024775417,1,2,14,13,11,1,0,0,Economy Flexi=4;Economy Saver=3;Economy Standard=5,T1(0-2)=2;T15(12-18)=2;T30(25-35)=3;T45(40-50)=3;T7(5-9)=2,UNWEIGHTED_JEVONS,EQUAL_WEIGHT_PER_MATCHED_ITEM,phase11-v1
PRIMARY,VAYU-RI-PRIMARY,2,LINK::ROUND::2026-09-05T14:30->ROUND::2026-09-05T20:15,ROUND::2026-09-05T14:30,ROUND::2026-09-05T20:15,2026-09-05 20:15,DEL-IDR,15,CONTRIBUTED_TO_INDEX,0.02194,0.021940000000,True,12,0.98734502,-0.012735736603,-0.000279422061,2,1,13,14,7,4,1,0,Economy Flexi=4;Economy Saver=4;Economy Standard=4,T1(0-2)=3;T15(12-18)=2;T30(25-35)=2;T45(40-50)=2;T7(5-9)=3,UNWEIGHTED_JEVONS,EQUAL_WEIGHT_PER_MATCHED_ITEM,phase11-v1
PRIMARY,VAYU-RI-PRIMARY,3,LINK::ROUND::2026-09-05T20:15->ROUND::2026-09-06T09:00,ROUND::2026-09-05T20:15,ROUND::2026-09-06T09:00,2026-09-06 09:00,BOM-DEL,1,CONTRIBUTED_TO_INDEX,0.162603,0.162603000000,True,11,1.02134827,0.021123587457,0.003434758691,2,2,13,13,6,5,0,0,Economy Flexi=5;Economy Saver=3;Economy Standard=3,T1(0-2)=2;T15(12-18)=3;T30(25-35)=3;T45(40-50)=2;T7(5-9)=1,UNWEIGHTED_JEVONS,EQUAL_WEIGHT_PER_MATCHED_ITEM,phase11-v1
PRIMARY,VAYU-RI-PRIMARY,3,LINK::ROUND::2026-09-05T20:15->ROUND::2026-09-06T09:00,ROUND::2026-09-05T20:15,ROUND::2026-09-06T09:00,2026-09-06 09:00,BLR-DEL,2,CONTRIBUTED_TO_INDEX,0.111103,0.111103000000,True,13,1.01198068,0.011909478273,0.001323178765,0,2,15,13,10,3,0,0,Economy Flexi=5;Economy Saver=4;Economy Standard=4,T1(0-2)=1;T15(12-18)=3;T30(25-35)=3;T45(40-50)=3;T7(5-9)=3,UNWEIGHTED_JEVONS,EQUAL_WEIGHT_PER_MATCHED_ITEM,phase11-v1
PRIMARY,VAYU-RI-PRIMARY,3,LINK::ROUND::2026-09-05T20:15->ROUND::2026-09-06T09:00,ROUND::2026-09-05T20:15,ROUND::2026-09-06T09:00,2026-09-06 09:00,BLR-BOM,3,CONTRIBUTED_TO_INDEX,0.097658,0.097658000000,True,13,1.01206615,0.011993938224,0.001171304019,1,1,14,14,8,5,0,0,Economy Flexi=5;Economy Saver=5;Economy Standard=3,T1(0-2)=3;T15(12-18)=3;T30(25-35)=3;T45(40-50)=2;T7(5-9)=2,UNWEIGHTED_JEVONS,EQUAL_WEIGHT_PER_MATCHED_ITEM,phase11-v1
PRIMARY,VAYU-RI-PRIMARY,3,LINK::ROUND::2026-09-05T20:15->ROUND::2026-09-06T09:00,ROUND::2026-09-05T20:15,ROUND::2026-09-06T09:00,2026-09-06 09:00,DEL-HYD,4,CONTRIBUTED_TO_INDEX,0.078228,0.078228000000,True,13,1.03123289,0.030755068266,0.002405907480,2,0,13,15,7,6,0,0,Economy Flexi=5;Economy Saver=3;Economy Standard=5,T1(0-2)=2;T15(12-18)=3;T30(25-35)=3;T45(40-50)=3;T7(5-9)=2,UNWEIGHTED_JEVONS,EQUAL_WEIGHT_PER_MATCHED_ITEM,phase11-v1
PRIMARY,VAYU-RI-PRIMARY,3,LINK::ROUND::2026-09-05T20:15->ROUND::2026-09-06T09:00,ROUND::2026-09-05T20:15,ROUND::2026-09-06T09:00,2026-09-06 09:00,DEL-PNQ,5,CONTRIBUTED_TO_INDEX,0.069402,0.069402000000,True,12,1.00700023,0.006975843354,0.000484137480,0,3,15,12,7,5,0,0,Economy Flexi=3;Economy Saver=4;Economy Standard=5,T1(0-2)=3;T15(12-18)=1;T30(25-35)=3;T45(40-50)=3;T7(5-9)=2,UNWEIGHTED_JEVONS,EQUAL_WEIGHT_PER_MATCHED_ITEM,phase11-v1
PRIMARY,VAYU-RI-PRIMARY,3,LINK::ROUND::2026-09-05T20:15->ROUND::2026-09-06T09:00,ROUND::2026-09-05T20:15,ROUND::2026-09-06T09:00,2026-09-06 09:00,CCU-DEL,6,CONTRIBUTED_TO_INDEX,0.065754,0.065754000000,True,12,1.00394716,0.003939392806,0.000259030835,1,1,13,13,12,0,0,0,Economy Flexi=5;Economy Saver=4;Economy Standard=3,T1(0-2)=3;T15(12-18)=2;T30(25-35)=2;T45(40-50)=3;T7(5-9)=2,UNWEIGHTED_JEVONS,EQUAL_WEIGHT_PER_MATCHED_ITEM,phase11-v1
PRIMARY,VAYU-RI-PRIMARY,3,LINK::ROUND::2026-09-05T20:15->ROUND::2026-09-06T09:00,ROUND::2026-09-05T20:15,ROUND::2026-09-06T09:00,2026-09-06 09:00,AMD-DEL,7,CONTRIBUTED_TO_INDEX,0.060216,0.060216000000,True,13,1.01244223,0.012365461520,0.000744598631,0,2,15,13,12,1,0,0,Economy Flexi=5;Economy Saver=4;Economy Standard=4,T1(0-2)=2;T15(12-18)=3;T30(25-35)=2;T45(40-50)=3;T7(5-9)=3,UNWEIGHTED_JEVONS,EQUAL_WEIGHT_PER_MATCHED_ITEM,phase11-v1
PRIMARY,VAYU-RI-PRIMARY,3,LINK::ROUND::2026-09-05T20:15->ROUND::2026-09-06T09:00,ROUND::2026-09-05T20:15,ROUND::2026-09-06T09:00,2026-09-06 09:00,DEL-MAA,8,CONTRIBUTED_TO_INDEX,0.058216,0.058216000000,True,11,1.01736458,0.017215536671,0.001002219683,2,2,13,13,9,2,0,0,Economy Flexi=4;Economy Saver=4;Economy Standard=3,T1(0-2)=1;T15(12-18)=3;T30(25-35)=3;T45(40-50)=2;T7(5-9)=2,UNWEIGHTED_JEVONS,EQUAL_WEIGHT_PER_MATCHED_ITEM,phase11-v1
PRIMARY,VAYU-RI-PRIMARY,3,LINK::ROUND::2026-09-05T20:15->ROUND::2026-09-06T09:00,ROUND::2026-09-05T20:15,ROUND::2026-09-06T09:00,2026-09-06 09:00,BOM-HYD,9,CONTRIBUTED_TO_INDEX,0.055855,0.055855000000,True,11,0.99908041,-0.000920014920,-0.000051387433,3,1,12,14,10,1,0,0,Economy Flexi=3;Economy Saver=4;Economy Standard=4,T1(0-2)=2;T15(12-18)=2;T30(25-35)=3;T45(40-50)=2;T7(5-9)=2,UNWEIGHTED_JEVONS,EQUAL_WEIGHT_PER_MATCHED_ITEM,phase11-v1
PRIMARY,VAYU-RI-PRIMARY,3,LINK::ROUND::2026-09-05T20:15->ROUND::2026-09-06T09:00,ROUND::2026-09-05T20:15,ROUND::2026-09-06T09:00,2026-09-06 09:00,BLR-CCU,10,CONTRIBUTED_TO_INDEX,0.05523,0.055230000000,True,11,1.01461392,0.014508161960,0.000801285785,3,1,12,14,10,1,0,0,Economy Flexi=5;Economy Saver=4;Economy Standard=2,T1(0-2)=2;T15(12-18)=2;T30(25-35)=2;T45(40-50)=3;T7(5-9)=2,UNWEIGHTED_JEVONS,EQUAL_WEIGHT_PER_MATCHED_ITEM,phase11-v1
PRIMARY,VAYU-RI-PRIMARY,3,LINK::ROUND::2026-09-05T20:15->ROUND::2026-09-06T09:00,ROUND::2026-09-05T20:15,ROUND::2026-09-06T09:00,2026-09-06 09:00,DEL-SXR,11,CONTRIBUTED_TO_INDEX,0.054956,0.054956000000,True,14,1.01481294,0.014704304300,0.000808089747,0,0,14,14,10,4,0,0,Economy Flexi=4;Economy Saver=5;Economy Standard=5,T1(0-2)=3;T15(12-18)=2;T30(25-35)=3;T45(40-50)=3;T7(5-9)=3,UNWEIGHTED_JEVONS,EQUAL_WEIGHT_PER_MATCHED_ITEM,phase11-v1
PRIMARY,VAYU-RI-PRIMARY,3,LINK::ROUND::2026-09-05T20:15->ROUND::2026-09-06T09:00,ROUND::2026-09-05T20:15,ROUND::2026-09-06T09:00,2026-09-06 09:00,DEL-GOI,12,CONTRIBUTED_TO_INDEX,0.03707,0.037070000000,True,12,1.00089808,0.000897680824,0.000033277028,3,0,12,15,10,2,0,0,Economy Flexi=4;Economy Saver=4;Economy Standard=4,T1(0-2)=2;T15(12-18)=3;T30(25-35)=3;T45(40-50)=2;T7(5-9)=2,UNWEIGHTED_JEVONS,EQUAL_WEIGHT_PER_MATCHED_ITEM,phase11-v1
PRIMARY,VAYU-RI-PRIMARY,3,LINK::ROUND::2026-09-05T20:15->ROUND::2026-09-06T09:00,ROUND::2026-09-05T20:15,ROUND::2026-09-06T09:00,2026-09-06 09:00,DEL-GAU,13,CONTRIBUTED_TO_INDEX,0.036519,0.036519000000,True,8,1.00492144,0.004909369081,0.000179285249,2,5,13,10,6,2,0,0,Economy Flexi=2;Economy Saver=3;Economy Standard=3,T1(0-2)=2;T15(12-18)=1;T45(40-50)=3;T7(5-9)=2,UNWEIGHTED_JEVONS,EQUAL_WEIGHT_PER_MATCHED_ITEM,phase11-v1
PRIMARY,VAYU-RI-PRIMARY,3,LINK::ROUND::2026-09-05T20:15->ROUND::2026-09-06T09:00,ROUND::2026-09-05T20:15,ROUND::2026-09-06T09:00,2026-09-06 09:00,BLR-COK,14,CONTRIBUTED_TO_INDEX,0.03525,0.035250000000,True,12,1.00936136,0.009317810352,0.000328452815,2,1,13,14,5,7,0,0,Economy Flexi=3;Economy Saver=4;Economy Standard=5,T1(0-2)=2;T15(12-18)=2;T30(25-35)=2;T45(40-50)=3;T7(5-9)=3,UNWEIGHTED_JEVONS,EQUAL_WEIGHT_PER_MATCHED_ITEM,phase11-v1
PRIMARY,VAYU-RI-PRIMARY,3,LINK::ROUND::2026-09-05T20:15->ROUND::2026-09-06T09:00,ROUND::2026-09-05T20:15,ROUND::2026-09-06T09:00,2026-09-06 09:00,DEL-IDR,15,CONTRIBUTED_TO_INDEX,0.02194,0.021940000000,True,8,1.02226699,0.022022695579,0.000483177941,1,6,14,9,8,0,0,0,Economy Flexi=3;Economy Saver=4;Economy Standard=1,T1(0-2)=2;T15(12-18)=2;T45(40-50)=2;T7(5-9)=2,UNWEIGHTED_JEVONS,EQUAL_WEIGHT_PER_MATCHED_ITEM,phase11-v1
PRIMARY,VAYU-RI-PRIMARY,4,LINK::ROUND::2026-09-06T09:00->ROUND::2026-09-06T14:30,ROUND::2026-09-06T09:00,ROUND::2026-09-06T14:30,2026-09-06 14:30,BOM-DEL,1,CONTRIBUTED_TO_INDEX,0.162603,0.162603000000,True,11,0.99243206,-0.007596723615,-0.001235250050,1,2,13,12,9,2,0,0,Economy Flexi=5;Economy Saver=3;Economy Standard=3,T1(0-2)=3;T15(12-18)=2;T30(25-35)=2;T45(40-50)=2;T7(5-9)=2,UNWEIGHTED_JEVONS,EQUAL_WEIGHT_PER_MATCHED_ITEM,phase11-v1
PRIMARY,VAYU-RI-PRIMARY,4,LINK::ROUND::2026-09-06T09:00->ROUND::2026-09-06T14:30,ROUND::2026-09-06T09:00,ROUND::2026-09-06T14:30,2026-09-06 14:30,BLR-DEL,2,CONTRIBUTED_TO_INDEX,0.111103,0.111103000000,True,12,1.00645616,0.006435407637,0.000714993095,2,1,13,14,8,4,0,0,Economy Flexi=5;Economy Saver=3;Economy Standard=4,T1(0-2)=1;T15(12-18)=3;T30(25-35)=2;T45(40-50)=3;T7(5-9)=3,UNWEIGHTED_JEVONS,EQUAL_WEIGHT_PER_MATCHED_ITEM,phase11-v1
PRIMARY,VAYU-RI-PRIMARY,4,LINK::ROUND::2026-09-06T09:00->ROUND::2026-09-06T14:30,ROUND::2026-09-06T09:00,ROUND::2026-09-06T14:30,2026-09-06 14:30,BLR-BOM,3,CONTRIBUTED_TO_INDEX,0.097658,0.097658000000,True,13,1.00784900,0.007818357509,0.000763525158,1,1,14,14,11,2,0,0,Economy Flexi=5;Economy Saver=5;Economy Standard=3,T1(0-2)=3;T15(12-18)=3;T30(25-35)=3;T45(40-50)=2;T7(5-9)=2,UNWEIGHTED_JEVONS,EQUAL_WEIGHT_PER_MATCHED_ITEM,phase11-v1
PRIMARY,VAYU-RI-PRIMARY,4,LINK::ROUND::2026-09-06T09:00->ROUND::2026-09-06T14:30,ROUND::2026-09-06T09:00,ROUND::2026-09-06T14:30,2026-09-06 14:30,DEL-HYD,4,CONTRIBUTED_TO_INDEX,0.078228,0.078228000000,True,15,0.98252182,-0.017632731223,-0.001379373298,0,0,15,15,11,4,0,0,Economy Flexi=5;Economy Saver=5;Economy Standard=5,T1(0-2)=3;T15(12-18)=3;T30(25-35)=3;T45(40-50)=3;T7(5-9)=3,UNWEIGHTED_JEVONS,EQUAL_WEIGHT_PER_MATCHED_ITEM,phase11-v1
PRIMARY,VAYU-RI-PRIMARY,4,LINK::ROUND::2026-09-06T09:00->ROUND::2026-09-06T14:30,ROUND::2026-09-06T09:00,ROUND::2026-09-06T14:30,2026-09-06 14:30,DEL-PNQ,5,CONTRIBUTED_TO_INDEX,0.069402,0.069402000000,True,11,0.99756812,-0.002434837393,-0.000168982585,2,1,12,13,8,3,0,0,Economy Flexi=2;Economy Saver=4;Economy Standard=5,T1(0-2)=3;T15(12-18)=1;T30(25-35)=2;T45(40-50)=3;T7(5-9)=2,UNWEIGHTED_JEVONS,EQUAL_WEIGHT_PER_MATCHED_ITEM,phase11-v1
PRIMARY,VAYU-RI-PRIMARY,4,LINK::ROUND::2026-09-06T09:00->ROUND::2026-09-06T14:30,ROUND::2026-09-06T09:00,ROUND::2026-09-06T14:30,2026-09-06 14:30,CCU-DEL,6,CONTRIBUTED_TO_INDEX,0.065754,0.065754000000,True,13,0.99474600,-0.005267853046,-0.000346382409,2,0,13,15,9,4,0,0,Economy Flexi=5;Economy Saver=4;Economy Standard=4,T1(0-2)=3;T15(12-18)=2;T30(25-35)=2;T45(40-50)=3;T7(5-9)=3,UNWEIGHTED_JEVONS,EQUAL_WEIGHT_PER_MATCHED_ITEM,phase11-v1
PRIMARY,VAYU-RI-PRIMARY,4,LINK::ROUND::2026-09-06T09:00->ROUND::2026-09-06T14:30,ROUND::2026-09-06T09:00,ROUND::2026-09-06T14:30,2026-09-06 14:30,AMD-DEL,7,CONTRIBUTED_TO_INDEX,0.060216,0.060216000000,True,12,0.99275534,-0.007271027790,-0.000437832209,2,1,13,14,8,4,0,0,Economy Flexi=5;Economy Saver=4;Economy Standard=3,T1(0-2)=2;T15(12-18)=3;T30(25-35)=1;T45(40-50)=3;T7(5-9)=3,UNWEIGHTED_JEVONS,EQUAL_WEIGHT_PER_MATCHED_ITEM,phase11-v1
PRIMARY,VAYU-RI-PRIMARY,4,LINK::ROUND::2026-09-06T09:00->ROUND::2026-09-06T14:30,ROUND::2026-09-06T09:00,ROUND::2026-09-06T14:30,2026-09-06 14:30,DEL-MAA,8,CONTRIBUTED_TO_INDEX,0.058216,0.058216000000,True,11,0.99073391,-0.009309284945,-0.000541949332,2,2,13,13,6,5,0,0,Economy Flexi=4;Economy Saver=5;Economy Standard=2,T1(0-2)=1;T15(12-18)=2;T30(25-35)=3;T45(40-50)=3;T7(5-9)=2,UNWEIGHTED_JEVONS,EQUAL_WEIGHT_PER_MATCHED_ITEM,phase11-v1
PRIMARY,VAYU-RI-PRIMARY,4,LINK::ROUND::2026-09-06T09:00->ROUND::2026-09-06T14:30,ROUND::2026-09-06T09:00,ROUND::2026-09-06T14:30,2026-09-06 14:30,BOM-HYD,9,CONTRIBUTED_TO_INDEX,0.055855,0.055855000000,True,12,1.00916051,0.009118804748,0.000509330839,1,2,14,13,10,2,0,0,Economy Flexi=2;Economy Saver=5;Economy Standard=5,T1(0-2)=2;T15(12-18)=3;T30(25-35)=3;T45(40-50)=2;T7(5-9)=2,UNWEIGHTED_JEVONS,EQUAL_WEIGHT_PER_MATCHED_ITEM,phase11-v1
PRIMARY,VAYU-RI-PRIMARY,4,LINK::ROUND::2026-09-06T09:00->ROUND::2026-09-06T14:30,ROUND::2026-09-06T09:00,ROUND::2026-09-06T14:30,2026-09-06 14:30,BLR-CCU,10,CONTRIBUTED_TO_INDEX,0.05523,0.055230000000,True,13,0.99654286,-0.003463125184,-0.000191268404,1,1,14,14,9,4,0,0,Economy Flexi=5;Economy Saver=4;Economy Standard=4,T1(0-2)=2;T15(12-18)=3;T30(25-35)=3;T45(40-50)=2;T7(5-9)=3,UNWEIGHTED_JEVONS,EQUAL_WEIGHT_PER_MATCHED_ITEM,phase11-v1
PRIMARY,VAYU-RI-PRIMARY,4,LINK::ROUND::2026-09-06T09:00->ROUND::2026-09-06T14:30,ROUND::2026-09-06T09:00,ROUND::2026-09-06T14:30,2026-09-06 14:30,DEL-SXR,11,CONTRIBUTED_TO_INDEX,0.054956,0.054956000000,True,11,0.99508136,-0.004930773243,-0.000270975574,1,3,14,12,9,2,0,0,Economy Flexi=4;Economy Saver=3;Economy Standard=4,T1(0-2)=2;T15(12-18)=2;T30(25-35)=2;T45(40-50)=3;T7(5-9)=2,UNWEIGHTED_JEVONS,EQUAL_WEIGHT_PER_MATCHED_ITEM,phase11-v1
PRIMARY,VAYU-RI-PRIMARY,4,LINK::ROUND::2026-09-06T09:00->ROUND::2026-09-06T14:30,ROUND::2026-09-06T09:00,ROUND::2026-09-06T14:30,2026-09-06 14:30,DEL-GOI,12,CONTRIBUTED_TO_INDEX,0.03707,0.037070000000,True,13,1.00030453,0.000304487404,0.000011287348,0,2,15,13,9,4,0,0,Economy Flexi=5;Economy Saver=3;Economy Standard=5,T1(0-2)=3;T15(12-18)=3;T30(25-35)=2;T45(40-50)=2;T7(5-9)=3,UNWEIGHTED_JEVONS,EQUAL_WEIGHT_PER_MATCHED_ITEM,phase11-v1
PRIMARY,VAYU-RI-PRIMARY,4,LINK::ROUND::2026-09-06T09:00->ROUND::2026-09-06T14:30,ROUND::2026-09-06T09:00,ROUND::2026-09-06T14:30,2026-09-06 14:30,DEL-GAU,13,CONTRIBUTED_TO_INDEX,0.036519,0.036519000000,True,8,1.00820682,0.008173329338,0.000298481814,5,2,10,13,6,2,0,0,Economy Flexi=2;Economy Saver=4;Economy Standard=2,T1(0-2)=1;T15(12-18)=1;T30(25-35)=1;T45(40-50)=2;T7(5-9)=3,UNWEIGHTED_JEVONS,EQUAL_WEIGHT_PER_MATCHED_ITEM,phase11-v1
PRIMARY,VAYU-RI-PRIMARY,4,LINK::ROUND::2026-09-06T09:00->ROUND::2026-09-06T14:30,ROUND::2026-09-06T09:00,ROUND::2026-09-06T14:30,2026-09-06 14:30,BLR-COK,14,CONTRIBUTED_TO_INDEX,0.03525,0.035250000000,True,12,0.99847742,-0.001523743548,-0.000053711960,1,2,14,13,10,2,0,0,Economy Flexi=3;Economy Saver=5;Economy Standard=4,T1(0-2)=2;T15(12-18)=2;T30(25-35)=2;T45(40-50)=3;T7(5-9)=3,UNWEIGHTED_JEVONS,EQUAL_WEIGHT_PER_MATCHED_ITEM,phase11-v1
PRIMARY,VAYU-RI-PRIMARY,4,LINK::ROUND::2026-09-06T09:00->ROUND::2026-09-06T14:30,ROUND::2026-09-06T09:00,ROUND::2026-09-06T14:30,2026-09-06 14:30,DEL-IDR,15,CONTRIBUTED_TO_INDEX,0.02194,0.021940000000,True,6,1.00102320,0.001022678538,0.000022437567,6,3,9,12,5,1,0,0,Economy Flexi=2;Economy Saver=3;Economy Standard=1,T1(0-2)=1;T15(12-18)=2;T30(25-35)=1;T45(40-50)=2,UNWEIGHTED_JEVONS,EQUAL_WEIGHT_PER_MATCHED_ITEM,phase11-v1
PRIMARY,VAYU-RI-PRIMARY,5,LINK::ROUND::2026-09-06T14:30->ROUND::2026-09-06T20:15,ROUND::2026-09-06T14:30,ROUND::2026-09-06T20:15,2026-09-06 20:15,BOM-DEL,1,CONTRIBUTED_TO_INDEX,0.162603,0.172466350590,True,10,0.99410211,-0.005915354582,-0.001020199617,3,2,12,13,9,1,0,0,Economy Flexi=4;Economy Saver=3;Economy Standard=3,T1(0-2)=3;T15(12-18)=2;T30(25-35)=1;T45(40-50)=2;T7(5-9)=2,UNWEIGHTED_JEVONS,EQUAL_WEIGHT_PER_MATCHED_ITEM,phase11-v1
PRIMARY,VAYU-RI-PRIMARY,5,LINK::ROUND::2026-09-06T14:30->ROUND::2026-09-06T20:15,ROUND::2026-09-06T14:30,ROUND::2026-09-06T20:15,2026-09-06 20:15,BLR-DEL,2,CONTRIBUTED_TO_INDEX,0.111103,0.117842407272,True,12,1.00327055,0.003265214977,0.000384780793,0,2,14,12,11,1,0,0,Economy Flexi=4;Economy Saver=4;Economy Standard=4,T1(0-2)=2;T15(12-18)=3;T30(25-35)=2;T45(40-50)=2;T7(5-9)=3,UNWEIGHTED_JEVONS,EQUAL_WEIGHT_PER_MATCHED_ITEM,phase11-v1
PRIMARY,VAYU-RI-PRIMARY,5,LINK::ROUND::2026-09-06T14:30->ROUND::2026-09-06T20:15,ROUND::2026-09-06T14:30,ROUND::2026-09-06T20:15,2026-09-06 20:15,BLR-BOM,3,CONTRIBUTED_TO_INDEX,0.097658,0.103581845759,True,14,0.98668336,-0.013406106385,-0.001388629244,0,0,14,14,8,6,0,0,Economy Flexi=5;Economy Saver=5;Economy Standard=4,T1(0-2)=3;T15(12-18)=3;T30(25-35)=3;T45(40-50)=2;T7(5-9)=3,UNWEIGHTED_JEVONS,EQUAL_WEIGHT_PER_MATCHED_ITEM,phase11-v1
PRIMARY,VAYU-RI-PRIMARY,5,LINK::ROUND::2026-09-06T14:30->ROUND::2026-09-06T20:15,ROUND::2026-09-06T14:30,ROUND::2026-09-06T20:15,2026-09-06 20:15,DEL-HYD,4,CONTRIBUTED_TO_INDEX,0.078228,0.082973239571,True,13,1.00958478,0.009539139604,0.000791493316,0,2,15,13,10,3,0,0,Economy Flexi=5;Economy Saver=4;Economy Standard=4,T1(0-2)=3;T15(12-18)=2;T30(25-35)=3;T45(40-50)=2;T7(5-9)=3,UNWEIGHTED_JEVONS,EQUAL_WEIGHT_PER_MATCHED_ITEM,phase11-v1
PRIMARY,VAYU-RI-PRIMARY,5,LINK::ROUND::2026-09-06T14:30->ROUND::2026-09-06T20:15,ROUND::2026-09-06T14:30,ROUND::2026-09-06T20:15,2026-09-06 20:15,DEL-PNQ,5,CONTRIBUTED_TO_INDEX,0.069402,0.073611862411,True,13,1.01584852,0.015724246975,0.001157491105,1,0,13,14,10,3,0,0,Economy Flexi=4;Economy Saver=4;Economy Standard=5,T1(0-2)=3;T15(12-18)=2;T30(25-35)=2;T45(40-50)=3;T7(5-9)=3,UNWEIGHTED_JEVONS,EQUAL_WEIGHT_PER_MATCHED_ITEM,phase11-v1
PRIMARY,VAYU-RI-PRIMARY,5,LINK::ROUND::2026-09-06T14:30->ROUND::2026-09-06T20:15,ROUND::2026-09-06T14:30,ROUND::2026-09-06T20:15,2026-09-06 20:15,CCU-DEL,6,CONTRIBUTED_TO_INDEX,0.065754,0.069742578038,True,14,1.00967886,0.009632324838,0.000671783167,0,1,15,14,10,4,0,0,Economy Flexi=5;Economy Saver=4;Economy Standard=5,T1(0-2)=3;T15(12-18)=3;T30(25-35)=3;T45(40-50)=2;T7(5-9)=3,UNWEIGHTED_JEVONS,EQUAL_WEIGHT_PER_MATCHED_ITEM,phase11-v1
PRIMARY,VAYU-RI-PRIMARY,5,LINK::ROUND::2026-09-06T14:30->ROUND::2026-09-06T20:15,ROUND::2026-09-06T14:30,ROUND::2026-09-06T20:15,2026-09-06 20:15,AMD-DEL,7,CONTRIBUTED_TO_INDEX,0.060216,0.063868647978,True,13,1.01593254,0.015806945888,0.001009568263,1,1,14,14,11,2,0,0,Economy Flexi=4;Economy Saver=5;Economy Standard=4,T1(0-2)=3;T15(12-18)=3;T30(25-35)=2;T45(40-50)=3;T7(5-9)=2,UNWEIGHTED_JEVONS,EQUAL_WEIGHT_PER_MATCHED_ITEM,phase11-v1
PRIMARY,VAYU-RI-PRIMARY,5,LINK::ROUND::2026-09-06T14:30->ROUND::2026-09-06T20:15,ROUND::2026-09-06T14:30,ROUND::2026-09-06T20:15,2026-09-06 20:15,DEL-MAA,8,CONTRIBUTED_TO_INDEX,0.058216,0.061747329791,True,12,1.00517679,0.005163431653,0.000318828117,1,1,13,13,9,2,1,0,Economy Flexi=4;Economy Saver=5;Economy Standard=3,T1(0-2)=2;T15(12-18)=2;T30(25-35)=2;T45(40-50)=3;T7(5-9)=3,UNWEIGHTED_JEVONS,EQUAL_WEIGHT_PER_MATCHED_ITEM,phase11-v1
PRIMARY,VAYU-RI-PRIMARY,5,LINK::ROUND::2026-09-06T14:30->ROUND::2026-09-06T20:15,ROUND::2026-09-06T14:30,ROUND::2026-09-06T20:15,2026-09-06 20:15,BOM-HYD,9,CONTRIBUTED_TO_INDEX,0.055855,0.059243113671,True,12,0.99185388,-0.008179480578,-0.000484577898,2,1,13,14,8,4,0,0,Economy Flexi=3;Economy Saver=5;Economy Standard=4,T1(0-2)=2;T15(12-18)=3;T30(25-35)=2;T45(40-50)=2;T7(5-9)=3,UNWEIGHTED_JEVONS,EQUAL_WEIGHT_PER_MATCHED_ITEM,phase11-v1
PRIMARY,VAYU-RI-PRIMARY,5,LINK::ROUND::2026-09-06T14:30->ROUND::2026-09-06T20:15,ROUND::2026-09-06T14:30,ROUND::2026-09-06T20:15,2026-09-06 20:15,BLR-CCU,10,CONTRIBUTED_TO_INDEX,0.05523,0.058580201737,True,14,0.99952183,-0.000478282371,-0.000028017878,1,0,14,15,13,1,0,0,Economy Flexi=5;Economy Saver=4;Economy Standard=5,T1(0-2)=3;T15(12-18)=3;T30(25-35)=3;T45(40-50)=2;T7(5-9)=3,UNWEIGHTED_JEVONS,EQUAL_WEIGHT_PER_MATCHED_ITEM,phase11-v1
PRIMARY,VAYU-RI-PRIMARY,5,LINK::ROUND::2026-09-06T14:30->ROUND::2026-09-06T20:15,ROUND::2026-09-06T14:30,ROUND::2026-09-06T20:15,2026-09-06 20:15,DEL-SXR,11,CONTRIBUTED_TO_INDEX,0.054956,0.058289581146,True,11,1.00939753,0.009353647155,0.000545220175,3,1,12,14,9,2,0,0,Economy Flexi=4;Economy Saver=3;Economy Standard=4,T1(0-2)=2;T15(12-18)=3;T30(25-35)=1;T45(40-50)=3;T7(5-9)=2,UNWEIGHTED_JEVONS,EQUAL_WEIGHT_PER_MATCHED_ITEM,phase11-v1
PRIMARY,VAYU-RI-PRIMARY,5,LINK::ROUND::2026-09-06T14:30->ROUND::2026-09-06T20:15,ROUND::2026-09-06T14:30,ROUND::2026-09-06T20:15,2026-09-06 20:15,DEL-GOI,12,CONTRIBUTED_TO_INDEX,0.03707,0.039318632598,True,10,0.99070291,-0.009340578875,-0.000367258789,2,3,13,12,6,4,0,0,Economy Flexi=4;Economy Saver=3;Economy Standard=3,T1(0-2)=3;T15(12-18)=2;T30(25-35)=1;T45(40-50)=1;T7(5-9)=3,UNWEIGHTED_JEVONS,EQUAL_WEIGHT_PER_MATCHED_ITEM,phase11-v1
PRIMARY,VAYU-RI-PRIMARY,5,LINK::ROUND::2026-09-06T14:30->ROUND::2026-09-06T20:15,ROUND::2026-09-06T14:30,ROUND::2026-09-06T20:15,2026-09-06 20:15,DEL-GAU,13,CONTRIBUTED_TO_INDEX,0.036519,0.038734209438,True,8,1.00565141,0.005635505436,0.000218286848,2,5,13,10,5,3,0,0,Economy Flexi=4;Economy Saver=3;Economy Standard=1,T1(0-2)=2;T15(12-18)=2;T30(25-35)=2;T7(5-9)=2,UNWEIGHTED_JEVONS,EQUAL_WEIGHT_PER_MATCHED_ITEM,phase11-v1
PRIMARY,VAYU-RI-PRIMARY,5,LINK::ROUND::2026-09-06T14:30->ROUND::2026-09-06T20:15,ROUND::2026-09-06T14:30,ROUND::2026-09-06T20:15,2026-09-06 20:15,BLR-COK,14,OBSERVED_BUT_NO_MATCHED_PAIR,0.03525,,False,0,,,,0,13,13,0,0,0,0,0,,,UNWEIGHTED_JEVONS,EQUAL_WEIGHT_PER_MATCHED_ITEM,phase11-v1
PRIMARY,VAYU-RI-PRIMARY,5,LINK::ROUND::2026-09-06T14:30->ROUND::2026-09-06T20:15,ROUND::2026-09-06T14:30,ROUND::2026-09-06T20:15,2026-09-06 20:15,DEL-IDR,15,OBSERVED_BUT_NO_MATCHED_PAIR,0.02194,,False,0,,,,0,12,12,0,0,0,0,0,,,UNWEIGHTED_JEVONS,EQUAL_WEIGHT_PER_MATCHED_ITEM,phase11-v1
PRIMARY,VAYU-RI-PRIMARY,6,LINK::ROUND::2026-09-06T20:15->ROUND::2026-09-07T09:00,ROUND::2026-09-06T20:15,ROUND::2026-09-07T09:00,2026-09-07 09:00,BOM-DEL,1,OBSERVED_BUT_NO_MATCHED_PAIR,0.162603,,False,0,,,,0,13,13,0,0,0,0,0,,,UNWEIGHTED_JEVONS,EQUAL_WEIGHT_PER_MATCHED_ITEM,phase11-v1
PRIMARY,VAYU-RI-PRIMARY,6,LINK::ROUND::2026-09-06T20:15->ROUND::2026-09-07T09:00,ROUND::2026-09-06T20:15,ROUND::2026-09-07T09:00,2026-09-07 09:00,BLR-DEL,2,OBSERVED_BUT_NO_MATCHED_PAIR,0.111103,,False,0,,,,0,12,12,0,0,0,0,0,,,UNWEIGHTED_JEVONS,EQUAL_WEIGHT_PER_MATCHED_ITEM,phase11-v1
PRIMARY,VAYU-RI-PRIMARY,6,LINK::ROUND::2026-09-06T20:15->ROUND::2026-09-07T09:00,ROUND::2026-09-06T20:15,ROUND::2026-09-07T09:00,2026-09-07 09:00,BLR-BOM,3,OBSERVED_BUT_NO_MATCHED_PAIR,0.097658,,False,0,,,,0,14,14,0,0,0,0,0,,,UNWEIGHTED_JEVONS,EQUAL_WEIGHT_PER_MATCHED_ITEM,phase11-v1
PRIMARY,VAYU-RI-PRIMARY,6,LINK::ROUND::2026-09-06T20:15->ROUND::2026-09-07T09:00,ROUND::2026-09-06T20:15,ROUND::2026-09-07T09:00,2026-09-07 09:00,DEL-HYD,4,CONTRIBUTED_TO_INDEX,0.078228,0.678485316311,True,1,1.01471439,0.014607180468,0.009910757460,0,12,13,1,0,1,0,0,Economy Saver=1,T1(0-2)=1,UNWEIGHTED_JEVONS,EQUAL_WEIGHT_PER_MATCHED_ITEM,phase11-v1
PRIMARY,VAYU-RI-PRIMARY,6,LINK::ROUND::2026-09-06T20:15->ROUND::2026-09-07T09:00,ROUND::2026-09-06T20:15,ROUND::2026-09-07T09:00,2026-09-07 09:00,DEL-PNQ,5,OBSERVED_BUT_NO_MATCHED_PAIR,0.069402,,False,0,,,,0,14,14,0,0,0,0,0,,,UNWEIGHTED_JEVONS,EQUAL_WEIGHT_PER_MATCHED_ITEM,phase11-v1
PRIMARY,VAYU-RI-PRIMARY,6,LINK::ROUND::2026-09-06T20:15->ROUND::2026-09-07T09:00,ROUND::2026-09-06T20:15,ROUND::2026-09-07T09:00,2026-09-07 09:00,CCU-DEL,6,OBSERVED_BUT_NO_MATCHED_PAIR,0.065754,,False,0,,,,0,14,14,0,0,0,0,0,,,UNWEIGHTED_JEVONS,EQUAL_WEIGHT_PER_MATCHED_ITEM,phase11-v1
PRIMARY,VAYU-RI-PRIMARY,6,LINK::ROUND::2026-09-06T20:15->ROUND::2026-09-07T09:00,ROUND::2026-09-06T20:15,ROUND::2026-09-07T09:00,2026-09-07 09:00,AMD-DEL,7,OBSERVED_BUT_NO_MATCHED_PAIR,0.060216,,False,0,,,,0,14,14,0,0,0,0,0,,,UNWEIGHTED_JEVONS,EQUAL_WEIGHT_PER_MATCHED_ITEM,phase11-v1
PRIMARY,VAYU-RI-PRIMARY,6,LINK::ROUND::2026-09-06T20:15->ROUND::2026-09-07T09:00,ROUND::2026-09-06T20:15,ROUND::2026-09-07T09:00,2026-09-07 09:00,DEL-MAA,8,OBSERVED_BUT_NO_MATCHED_PAIR,0.058216,,False,0,,,,0,13,13,0,0,0,0,0,,,UNWEIGHTED_JEVONS,EQUAL_WEIGHT_PER_MATCHED_ITEM,phase11-v1
PRIMARY,VAYU-RI-PRIMARY,6,LINK::ROUND::2026-09-06T20:15->ROUND::2026-09-07T09:00,ROUND::2026-09-06T20:15,ROUND::2026-09-07T09:00,2026-09-07 09:00,BOM-HYD,9,OBSERVED_BUT_NO_MATCHED_PAIR,0.055855,,False,0,,,,0,14,14,0,0,0,0,0,,,UNWEIGHTED_JEVONS,EQUAL_WEIGHT_PER_MATCHED_ITEM,phase11-v1
PRIMARY,VAYU-RI-PRIMARY,6,LINK::ROUND::2026-09-06T20:15->ROUND::2026-09-07T09:00,ROUND::2026-09-06T20:15,ROUND::2026-09-07T09:00,2026-09-07 09:00,BLR-CCU,10,OBSERVED_BUT_NO_MATCHED_PAIR,0.05523,,False,0,,,,0,15,15,0,0,0,0,0,,,UNWEIGHTED_JEVONS,EQUAL_WEIGHT_PER_MATCHED_ITEM,phase11-v1
PRIMARY,VAYU-RI-PRIMARY,6,LINK::ROUND::2026-09-06T20:15->ROUND::2026-09-07T09:00,ROUND::2026-09-06T20:15,ROUND::2026-09-07T09:00,2026-09-07 09:00,DEL-SXR,11,OBSERVED_BUT_NO_MATCHED_PAIR,0.054956,,False,0,,,,0,14,14,0,0,0,0,0,,,UNWEIGHTED_JEVONS,EQUAL_WEIGHT_PER_MATCHED_ITEM,phase11-v1
PRIMARY,VAYU-RI-PRIMARY,6,LINK::ROUND::2026-09-06T20:15->ROUND::2026-09-07T09:00,ROUND::2026-09-06T20:15,ROUND::2026-09-07T09:00,2026-09-07 09:00,DEL-GOI,12,CONTRIBUTED_TO_INDEX,0.03707,0.321514683689,True,1,0.97195300,-0.028447831983,-0.009146395702,0,11,12,1,0,1,0,0,Economy Saver=1,T15(12-18)=1,UNWEIGHTED_JEVONS,EQUAL_WEIGHT_PER_MATCHED_ITEM,phase11-v1
PRIMARY,VAYU-RI-PRIMARY,6,LINK::ROUND::2026-09-06T20:15->ROUND::2026-09-07T09:00,ROUND::2026-09-06T20:15,ROUND::2026-09-07T09:00,2026-09-07 09:00,DEL-GAU,13,OBSERVED_BUT_NO_MATCHED_PAIR,0.036519,,False,0,,,,0,10,10,0,0,0,0,0,,,UNWEIGHTED_JEVONS,EQUAL_WEIGHT_PER_MATCHED_ITEM,phase11-v1
PRIMARY,VAYU-RI-PRIMARY,7,LINK::ROUND::2026-09-07T09:00->ROUND::2026-09-07T14:30,ROUND::2026-09-07T09:00,ROUND::2026-09-07T14:30,2026-09-07 14:30,DEL-HYD,4,OBSERVED_BUT_NO_MATCHED_PAIR,0.078228,,False,0,,,,0,1,1,0,0,0,0,0,,,UNWEIGHTED_JEVONS,EQUAL_WEIGHT_PER_MATCHED_ITEM,phase11-v1
PRIMARY,VAYU-RI-PRIMARY,7,LINK::ROUND::2026-09-07T09:00->ROUND::2026-09-07T14:30,ROUND::2026-09-07T09:00,ROUND::2026-09-07T14:30,2026-09-07 14:30,DEL-PNQ,5,OBSERVED_BUT_NO_MATCHED_PAIR,0.069402,,False,0,,,,1,0,0,1,0,0,0,0,,,UNWEIGHTED_JEVONS,EQUAL_WEIGHT_PER_MATCHED_ITEM,phase11-v1
PRIMARY,VAYU-RI-PRIMARY,7,LINK::ROUND::2026-09-07T09:00->ROUND::2026-09-07T14:30,ROUND::2026-09-07T09:00,ROUND::2026-09-07T14:30,2026-09-07 14:30,DEL-MAA,8,OBSERVED_BUT_NO_MATCHED_PAIR,0.058216,,False,0,,,,1,0,0,1,0,0,0,0,,,UNWEIGHTED_JEVONS,EQUAL_WEIGHT_PER_MATCHED_ITEM,phase11-v1
PRIMARY,VAYU-RI-PRIMARY,7,LINK::ROUND::2026-09-07T09:00->ROUND::2026-09-07T14:30,ROUND::2026-09-07T09:00,ROUND::2026-09-07T14:30,2026-09-07 14:30,DEL-GOI,12,OBSERVED_BUT_NO_MATCHED_PAIR,0.03707,,False,0,,,,0,1,1,0,0,0,0,0,,,UNWEIGHTED_JEVONS,EQUAL_WEIGHT_PER_MATCHED_ITEM,phase11-v1
PRIMARY,VAYU-RI-PRIMARY,7,LINK::ROUND::2026-09-07T09:00->ROUND::2026-09-07T14:30,ROUND::2026-09-07T09:00,ROUND::2026-09-07T14:30,2026-09-07 14:30,BLR-COK,14,OBSERVED_BUT_NO_MATCHED_PAIR,0.03525,,False,0,,,,1,0,0,1,0,0,0,0,,,UNWEIGHTED_JEVONS,EQUAL_WEIGHT_PER_MATCHED_ITEM,phase11-v1
PRIMARY,VAYU-RI-PRIMARY,7,LINK::ROUND::2026-09-07T09:00->ROUND::2026-09-07T14:30,ROUND::2026-09-07T09:00,ROUND::2026-09-07T14:30,2026-09-07 14:30,DEL-IDR,15,OBSERVED_BUT_NO_MATCHED_PAIR,0.02194,,False,0,,,,1,0,0,1,0,0,0,0,,,UNWEIGHTED_JEVONS,EQUAL_WEIGHT_PER_MATCHED_ITEM,phase11-v1
PRIMARY,VAYU-RI-PRIMARY,8,LINK::ROUND::2026-09-07T14:30->ROUND::2026-09-07T20:15,ROUND::2026-09-07T14:30,ROUND::2026-09-07T20:15,2026-09-07 20:15,DEL-PNQ,5,OBSERVED_BUT_NO_MATCHED_PAIR,0.069402,,False,0,,,,1,1,1,1,0,0,0,0,,,UNWEIGHTED_JEVONS,EQUAL_WEIGHT_PER_MATCHED_ITEM,phase11-v1
PRIMARY,VAYU-RI-PRIMARY,8,LINK::ROUND::2026-09-07T14:30->ROUND::2026-09-07T20:15,ROUND::2026-09-07T14:30,ROUND::2026-09-07T20:15,2026-09-07 20:15,DEL-MAA,8,OBSERVED_BUT_NO_MATCHED_PAIR,0.058216,,False,0,,,,0,1,1,0,0,0,0,0,,,UNWEIGHTED_JEVONS,EQUAL_WEIGHT_PER_MATCHED_ITEM,phase11-v1
PRIMARY,VAYU-RI-PRIMARY,8,LINK::ROUND::2026-09-07T14:30->ROUND::2026-09-07T20:15,ROUND::2026-09-07T14:30,ROUND::2026-09-07T20:15,2026-09-07 20:15,BLR-COK,14,OBSERVED_BUT_NO_MATCHED_PAIR,0.03525,,False,0,,,,0,1,1,0,0,0,0,0,,,UNWEIGHTED_JEVONS,EQUAL_WEIGHT_PER_MATCHED_ITEM,phase11-v1
PRIMARY,VAYU-RI-PRIMARY,8,LINK::ROUND::2026-09-07T14:30->ROUND::2026-09-07T20:15,ROUND::2026-09-07T14:30,ROUND::2026-09-07T20:15,2026-09-07 20:15,DEL-IDR,15,OBSERVED_BUT_NO_MATCHED_PAIR,0.02194,,False,0,,,,0,1,1,0,0,0,0,0,,,UNWEIGHTED_JEVONS,EQUAL_WEIGHT_PER_MATCHED_ITEM,phase11-v1
PRIMARY,VAYU-RI-PRIMARY,9,LINK::ROUND::2026-09-07T20:15->ROUND::2026-09-08T09:00,ROUND::2026-09-07T20:15,ROUND::2026-09-08T09:00,2026-09-08 09:00,BOM-DEL,1,OBSERVED_BUT_NO_MATCHED_PAIR,0.162603,,False,0,,,,1,0,0,1,0,0,0,0,,,UNWEIGHTED_JEVONS,EQUAL_WEIGHT_PER_MATCHED_ITEM,phase11-v1
PRIMARY,VAYU-RI-PRIMARY,9,LINK::ROUND::2026-09-07T20:15->ROUND::2026-09-08T09:00,ROUND::2026-09-07T20:15,ROUND::2026-09-08T09:00,2026-09-08 09:00,DEL-PNQ,5,OBSERVED_BUT_NO_MATCHED_PAIR,0.069402,,False,0,,,,0,1,1,0,0,0,0,0,,,UNWEIGHTED_JEVONS,EQUAL_WEIGHT_PER_MATCHED_ITEM,phase11-v1
PRIMARY,VAYU-RI-PRIMARY,9,LINK::ROUND::2026-09-07T20:15->ROUND::2026-09-08T09:00,ROUND::2026-09-07T20:15,ROUND::2026-09-08T09:00,2026-09-08 09:00,DEL-GOI,12,OBSERVED_BUT_NO_MATCHED_PAIR,0.03707,,False,0,,,,1,0,0,1,0,0,0,0,,,UNWEIGHTED_JEVONS,EQUAL_WEIGHT_PER_MATCHED_ITEM,phase11-v1
PRIMARY,VAYU-RI-PRIMARY,10,LINK::ROUND::2026-09-08T09:00->ROUND::2026-09-08T20:15,ROUND::2026-09-08T09:00,ROUND::2026-09-08T20:15,2026-09-08 20:15,BOM-DEL,1,OBSERVED_BUT_NO_MATCHED_PAIR,0.162603,,False,0,,,,0,1,1,0,0,0,0,0,,,UNWEIGHTED_JEVONS,EQUAL_WEIGHT_PER_MATCHED_ITEM,phase11-v1
PRIMARY,VAYU-RI-PRIMARY,10,LINK::ROUND::2026-09-08T09:00->ROUND::2026-09-08T20:15,ROUND::2026-09-08T09:00,ROUND::2026-09-08T20:15,2026-09-08 20:15,DEL-GOI,12,OBSERVED_BUT_NO_MATCHED_PAIR,0.03707,,False,0,,,,0,1,1,0,0,0,0,0,,,UNWEIGHTED_JEVONS,EQUAL_WEIGHT_PER_MATCHED_ITEM,phase11-v1
PRIMARY,VAYU-RI-PRIMARY,10,LINK::ROUND::2026-09-08T09:00->ROUND::2026-09-08T20:15,ROUND::2026-09-08T09:00,ROUND::2026-09-08T20:15,2026-09-08 20:15,DEL-GAU,13,OBSERVED_BUT_NO_MATCHED_PAIR,0.036519,,False,0,,,,1,0,0,1,0,0,0,0,,,UNWEIGHTED_JEVONS,EQUAL_WEIGHT_PER_MATCHED_ITEM,phase11-v1
PRIMARY,VAYU-RI-PRIMARY,11,LINK::ROUND::2026-09-08T20:15->ROUND::2026-09-09T09:00,ROUND::2026-09-08T20:15,ROUND::2026-09-09T09:00,2026-09-09 09:00,DEL-MAA,8,OBSERVED_BUT_NO_MATCHED_PAIR,0.058216,,False,0,,,,1,0,0,1,0,0,0,0,,,UNWEIGHTED_JEVONS,EQUAL_WEIGHT_PER_MATCHED_ITEM,phase11-v1
PRIMARY,VAYU-RI-PRIMARY,11,LINK::ROUND::2026-09-08T20:15->ROUND::2026-09-09T09:00,ROUND::2026-09-08T20:15,ROUND::2026-09-09T09:00,2026-09-09 09:00,DEL-GAU,13,OBSERVED_BUT_NO_MATCHED_PAIR,0.036519,,False,0,,,,0,1,1,0,0,0,0,0,,,UNWEIGHTED_JEVONS,EQUAL_WEIGHT_PER_MATCHED_ITEM,phase11-v1
PRIMARY,VAYU-RI-PRIMARY,12,LINK::ROUND::2026-09-09T09:00->ROUND::2026-09-09T14:30,ROUND::2026-09-09T09:00,ROUND::2026-09-09T14:30,2026-09-09 14:30,BOM-DEL,1,OBSERVED_BUT_NO_MATCHED_PAIR,0.162603,,False,0,,,,1,0,0,1,0,0,0,0,,,UNWEIGHTED_JEVONS,EQUAL_WEIGHT_PER_MATCHED_ITEM,phase11-v1
PRIMARY,VAYU-RI-PRIMARY,12,LINK::ROUND::2026-09-09T09:00->ROUND::2026-09-09T14:30,ROUND::2026-09-09T09:00,ROUND::2026-09-09T14:30,2026-09-09 14:30,DEL-MAA,8,OBSERVED_BUT_NO_MATCHED_PAIR,0.058216,,False,0,,,,0,1,1,0,0,0,0,0,,,UNWEIGHTED_JEVONS,EQUAL_WEIGHT_PER_MATCHED_ITEM,phase11-v1
PRIMARY,VAYU-RI-PRIMARY,13,LINK::ROUND::2026-09-09T14:30->ROUND::2026-09-09T20:15,ROUND::2026-09-09T14:30,ROUND::2026-09-09T20:15,2026-09-09 20:15,BOM-DEL,1,OBSERVED_BUT_NO_MATCHED_PAIR,0.162603,,False,0,,,,0,1,1,0,0,0,0,0,,,UNWEIGHTED_JEVONS,EQUAL_WEIGHT_PER_MATCHED_ITEM,phase11-v1
PRIMARY,VAYU-RI-PRIMARY,13,LINK::ROUND::2026-09-09T14:30->ROUND::2026-09-09T20:15,ROUND::2026-09-09T14:30,ROUND::2026-09-09T20:15,2026-09-09 20:15,DEL-GOI,12,OBSERVED_BUT_NO_MATCHED_PAIR,0.03707,,False,0,,,,1,0,0,1,0,0,0,0,,,UNWEIGHTED_JEVONS,EQUAL_WEIGHT_PER_MATCHED_ITEM,phase11-v1
EXCL_REVIEW_HIGH,VAYU-RI-EXCL-REVIEW-HIGH,1,LINK::ROUND::2026-09-05T09:00->ROUND::2026-09-05T14:30,ROUND::2026-09-05T09:00,ROUND::2026-09-05T14:30,2026-09-05 14:30,BOM-DEL,1,CONTRIBUTED_TO_INDEX,0.162603,0.162603000000,True,7,1.00357666,0.003570274743,0.000580537384,4,4,11,11,6,1,0,0,Economy Flexi=4;Economy Saver=1;Economy Standard=2,T1(0-2)=1;T15(12-18)=2;T30(25-35)=2;T45(40-50)=1;T7(5-9)=1,UNWEIGHTED_JEVONS,EQUAL_WEIGHT_PER_MATCHED_ITEM,phase11-v1
EXCL_REVIEW_HIGH,VAYU-RI-EXCL-REVIEW-HIGH,1,LINK::ROUND::2026-09-05T09:00->ROUND::2026-09-05T14:30,ROUND::2026-09-05T09:00,ROUND::2026-09-05T14:30,2026-09-05 14:30,BLR-DEL,2,CONTRIBUTED_TO_INDEX,0.111103,0.111103000000,True,13,1.01936847,0.019183291286,0.002131321212,1,1,14,14,11,2,0,0,Economy Flexi=5;Economy Saver=5;Economy Standard=3,T1(0-2)=3;T15(12-18)=3;T30(25-35)=3;T45(40-50)=2;T7(5-9)=2,UNWEIGHTED_JEVONS,EQUAL_WEIGHT_PER_MATCHED_ITEM,phase11-v1
EXCL_REVIEW_HIGH,VAYU-RI-EXCL-REVIEW-HIGH,1,LINK::ROUND::2026-09-05T09:00->ROUND::2026-09-05T14:30,ROUND::2026-09-05T09:00,ROUND::2026-09-05T14:30,2026-09-05 14:30,BLR-BOM,3,CONTRIBUTED_TO_INDEX,0.097658,0.097658000000,True,8,1.00434368,0.004334276382,0.000423276763,4,3,11,12,6,2,0,0,Economy Flexi=3;Economy Saver=3;Economy Standard=2,T1(0-2)=1;T15(12-18)=1;T30(25-35)=2;T45(40-50)=2;T7(5-9)=2,UNWEIGHTED_JEVONS,EQUAL_WEIGHT_PER_MATCHED_ITEM,phase11-v1
EXCL_REVIEW_HIGH,VAYU-RI-EXCL-REVIEW-HIGH,1,LINK::ROUND::2026-09-05T09:00->ROUND::2026-09-05T14:30,ROUND::2026-09-05T09:00,ROUND::2026-09-05T14:30,2026-09-05 14:30,DEL-HYD,4,CONTRIBUTED_TO_INDEX,0.078228,0.078228000000,True,8,0.99818084,-0.001820817936,-0.000142438945,3,4,12,11,7,1,0,0,Economy Flexi=1;Economy Saver=3;Economy Standard=4,T1(0-2)=2;T15(12-18)=2;T30(25-35)=2;T45(40-50)=1;T7(5-9)=1,UNWEIGHTED_JEVONS,EQUAL_WEIGHT_PER_MATCHED_ITEM,phase11-v1
EXCL_REVIEW_HIGH,VAYU-RI-EXCL-REVIEW-HIGH,1,LINK::ROUND::2026-09-05T09:00->ROUND::2026-09-05T14:30,ROUND::2026-09-05T09:00,ROUND::2026-09-05T14:30,2026-09-05 14:30,DEL-PNQ,5,CONTRIBUTED_TO_INDEX,0.069402,0.069402000000,True,13,0.99364815,-0.006372107275,-0.000442236989,0,2,15,13,10,3,0,0,Economy Flexi=4;Economy Saver=4;Economy Standard=5,T1(0-2)=2;T15(12-18)=3;T30(25-35)=3;T45(40-50)=3;T7(5-9)=2,UNWEIGHTED_JEVONS,EQUAL_WEIGHT_PER_MATCHED_ITEM,phase11-v1
EXCL_REVIEW_HIGH,VAYU-RI-EXCL-REVIEW-HIGH,1,LINK::ROUND::2026-09-05T09:00->ROUND::2026-09-05T14:30,ROUND::2026-09-05T09:00,ROUND::2026-09-05T14:30,2026-09-05 14:30,CCU-DEL,6,CONTRIBUTED_TO_INDEX,0.065754,0.065754000000,True,10,0.99184541,-0.008188022577,-0.000538395237,1,4,14,11,8,2,0,0,Economy Flexi=3;Economy Saver=3;Economy Standard=4,T1(0-2)=2;T15(12-18)=2;T30(25-35)=3;T45(40-50)=1;T7(5-9)=2,UNWEIGHTED_JEVONS,EQUAL_WEIGHT_PER_MATCHED_ITEM,phase11-v1
EXCL_REVIEW_HIGH,VAYU-RI-EXCL-REVIEW-HIGH,1,LINK::ROUND::2026-09-05T09:00->ROUND::2026-09-05T14:30,ROUND::2026-09-05T09:00,ROUND::2026-09-05T14:30,2026-09-05 14:30,AMD-DEL,7,CONTRIBUTED_TO_INDEX,0.060216,0.060216000000,True,13,1.00837391,0.008339045366,0.000502143956,0,2,15,13,9,4,0,0,Economy Flexi=3;Economy Saver=5;Economy Standard=5,T1(0-2)=2;T15(12-18)=2;T30(25-35)=3;T45(40-50)=3;T7(5-9)=3,UNWEIGHTED_JEVONS,EQUAL_WEIGHT_PER_MATCHED_ITEM,phase11-v1
EXCL_REVIEW_HIGH,VAYU-RI-EXCL-REVIEW-HIGH,1,LINK::ROUND::2026-09-05T09:00->ROUND::2026-09-05T14:30,ROUND::2026-09-05T09:00,ROUND::2026-09-05T14:30,2026-09-05 14:30,DEL-MAA,8,CONTRIBUTED_TO_INDEX,0.058216,0.058216000000,True,12,1.00555716,0.005541778480,0.000322620176,1,2,14,13,9,3,0,0,Economy Flexi=4;Economy Saver=5;Economy Standard=3,T1(0-2)=3;T15(12-18)=1;T30(25-35)=3;T45(40-50)=3;T7(5-9)=2,UNWEIGHTED_JEVONS,EQUAL_WEIGHT_PER_MATCHED_ITEM,phase11-v1
EXCL_REVIEW_HIGH,VAYU-RI-EXCL-REVIEW-HIGH,1,LINK::ROUND::2026-09-05T09:00->ROUND::2026-09-05T14:30,ROUND::2026-09-05T09:00,ROUND::2026-09-05T14:30,2026-09-05 14:30,BOM-HYD,9,CONTRIBUTED_TO_INDEX,0.055855,0.055855000000,True,12,0.98916827,-0.010890821978,-0.000608306862,0,3,15,12,10,2,0,0,Economy Flexi=4;Economy Saver=4;Economy Standard=4,T1(0-2)=2;T15(12-18)=3;T30(25-35)=2;T45(40-50)=3;T7(5-9)=2,UNWEIGHTED_JEVONS,EQUAL_WEIGHT_PER_MATCHED_ITEM,phase11-v1
EXCL_REVIEW_HIGH,VAYU-RI-EXCL-REVIEW-HIGH,1,LINK::ROUND::2026-09-05T09:00->ROUND::2026-09-05T14:30,ROUND::2026-09-05T09:00,ROUND::2026-09-05T14:30,2026-09-05 14:30,BLR-CCU,10,CONTRIBUTED_TO_INDEX,0.05523,0.055230000000,True,12,1.00773392,0.007704170023,0.000425501310,2,1,13,14,8,4,0,0,Economy Flexi=4;Economy Saver=4;Economy Standard=4,T1(0-2)=2;T15(12-18)=3;T30(25-35)=1;T45(40-50)=3;T7(5-9)=3,UNWEIGHTED_JEVONS,EQUAL_WEIGHT_PER_MATCHED_ITEM,phase11-v1
EXCL_REVIEW_HIGH,VAYU-RI-EXCL-REVIEW-HIGH,1,LINK::ROUND::2026-09-05T09:00->ROUND::2026-09-05T14:30,ROUND::2026-09-05T09:00,ROUND::2026-09-05T14:30,2026-09-05 14:30,DEL-SXR,11,CONTRIBUTED_TO_INDEX,0.054956,0.054956000000,True,9,1.00342118,0.003415342677,0.000187693572,4,1,10,13,5,4,0,0,Economy Flexi=3;Economy Saver=2;Economy Standard=4,T1(0-2)=1;T15(12-18)=2;T30(25-35)=2;T45(40-50)=1;T7(5-9)=3,UNWEIGHTED_JEVONS,EQUAL_WEIGHT_PER_MATCHED_ITEM,phase11-v1
EXCL_REVIEW_HIGH,VAYU-RI-EXCL-REVIEW-HIGH,1,LINK::ROUND::2026-09-05T09:00->ROUND::2026-09-05T14:30,ROUND::2026-09-05T09:00,ROUND::2026-09-05T14:30,2026-09-05 14:30,DEL-GOI,12,CONTRIBUTED_TO_INDEX,0.03707,0.037070000000,True,12,0.99814771,-0.001854010544,-0.000068728171,1,2,14,13,7,5,0,0,Economy Flexi=5;Economy Saver=4;Economy Standard=3,T1(0-2)=2;T15(12-18)=3;T30(25-35)=2;T45(40-50)=2;T7(5-9)=3,UNWEIGHTED_JEVONS,EQUAL_WEIGHT_PER_MATCHED_ITEM,phase11-v1
EXCL_REVIEW_HIGH,VAYU-RI-EXCL-REVIEW-HIGH,1,LINK::ROUND::2026-09-05T09:00->ROUND::2026-09-05T14:30,ROUND::2026-09-05T09:00,ROUND::2026-09-05T14:30,2026-09-05 14:30,DEL-GAU,13,CONTRIBUTED_TO_INDEX,0.036519,0.036519000000,True,11,1.00599430,0.005976404829,0.000218252328,3,1,12,14,9,2,0,0,Economy Flexi=5;Economy Saver=3;Economy Standard=3,T1(0-2)=2;T15(12-18)=3;T30(25-35)=2;T45(40-50)=2;T7(5-9)=2,UNWEIGHTED_JEVONS,EQUAL_WEIGHT_PER_MATCHED_ITEM,phase11-v1
EXCL_REVIEW_HIGH,VAYU-RI-EXCL-REVIEW-HIGH,1,LINK::ROUND::2026-09-05T09:00->ROUND::2026-09-05T14:30,ROUND::2026-09-05T09:00,ROUND::2026-09-05T14:30,2026-09-05 14:30,BLR-COK,14,CONTRIBUTED_TO_INDEX,0.03525,0.035250000000,True,12,1.01121153,0.011149142426,0.000393007271,2,1,13,14,10,2,0,0,Economy Flexi=4;Economy Saver=4;Economy Standard=4,T1(0-2)=3;T15(12-18)=2;T30(25-35)=3;T45(40-50)=2;T7(5-9)=2,UNWEIGHTED_JEVONS,EQUAL_WEIGHT_PER_MATCHED_ITEM,phase11-v1
EXCL_REVIEW_HIGH,VAYU-RI-EXCL-REVIEW-HIGH,1,LINK::ROUND::2026-09-05T09:00->ROUND::2026-09-05T14:30,ROUND::2026-09-05T09:00,ROUND::2026-09-05T14:30,2026-09-05 14:30,DEL-IDR,15,CONTRIBUTED_TO_INDEX,0.02194,0.021940000000,True,10,1.01291494,0.012832248513,0.000281539532,2,2,12,12,8,2,0,0,Economy Flexi=3;Economy Saver=5;Economy Standard=2,T1(0-2)=1;T15(12-18)=2;T30(25-35)=3;T45(40-50)=2;T7(5-9)=2,UNWEIGHTED_JEVONS,EQUAL_WEIGHT_PER_MATCHED_ITEM,phase11-v1
EXCL_REVIEW_HIGH,VAYU-RI-EXCL-REVIEW-HIGH,2,LINK::ROUND::2026-09-05T14:30->ROUND::2026-09-05T20:15,ROUND::2026-09-05T14:30,ROUND::2026-09-05T20:15,2026-09-05 20:15,BOM-DEL,1,CONTRIBUTED_TO_INDEX,0.162603,0.162603000000,True,9,1.00475878,0.004747496704,0.000771957207,4,2,11,13,7,2,0,0,Economy Flexi=4;Economy Saver=3;Economy Standard=2,T1(0-2)=2;T15(12-18)=3;T30(25-35)=2;T45(40-50)=1;T7(5-9)=1,UNWEIGHTED_JEVONS,EQUAL_WEIGHT_PER_MATCHED_ITEM,phase11-v1
EXCL_REVIEW_HIGH,VAYU-RI-EXCL-REVIEW-HIGH,2,LINK::ROUND::2026-09-05T14:30->ROUND::2026-09-05T20:15,ROUND::2026-09-05T14:30,ROUND::2026-09-05T20:15,2026-09-05 20:15,BLR-DEL,2,CONTRIBUTED_TO_INDEX,0.111103,0.111103000000,True,14,0.99150635,-0.008529922926,-0.000947700027,1,0,14,15,11,3,0,0,Economy Flexi=5;Economy Saver=5;Economy Standard=4,T1(0-2)=3;T15(12-18)=3;T30(25-35)=3;T45(40-50)=3;T7(5-9)=2,UNWEIGHTED_JEVONS,EQUAL_WEIGHT_PER_MATCHED_ITEM,phase11-v1
EXCL_REVIEW_HIGH,VAYU-RI-EXCL-REVIEW-HIGH,2,LINK::ROUND::2026-09-05T14:30->ROUND::2026-09-05T20:15,ROUND::2026-09-05T14:30,ROUND::2026-09-05T20:15,2026-09-05 20:15,BLR-BOM,3,CONTRIBUTED_TO_INDEX,0.097658,0.097658000000,True,11,1.00539322,0.005378728229,0.000525275841,3,1,12,14,9,2,0,0,Economy Flexi=4;Economy Saver=4;Economy Standard=3,T1(0-2)=3;T15(12-18)=2;T30(25-35)=2;T45(40-50)=1;T7(5-9)=3,UNWEIGHTED_JEVONS,EQUAL_WEIGHT_PER_MATCHED_ITEM,phase11-v1
EXCL_REVIEW_HIGH,VAYU-RI-EXCL-REVIEW-HIGH,2,LINK::ROUND::2026-09-05T14:30->ROUND::2026-09-05T20:15,ROUND::2026-09-05T14:30,ROUND::2026-09-05T20:15,2026-09-05 20:15,DEL-HYD,4,CONTRIBUTED_TO_INDEX,0.078228,0.078228000000,True,9,0.99435637,-0.005659616728,-0.000442740497,4,2,11,13,7,2,0,0,Economy Flexi=2;Economy Saver=3;Economy Standard=4,T1(0-2)=2;T15(12-18)=2;T30(25-35)=2;T45(40-50)=2;T7(5-9)=1,UNWEIGHTED_JEVONS,EQUAL_WEIGHT_PER_MATCHED_ITEM,phase11-v1
EXCL_REVIEW_HIGH,VAYU-RI-EXCL-REVIEW-HIGH,2,LINK::ROUND::2026-09-05T14:30->ROUND::2026-09-05T20:15,ROUND::2026-09-05T14:30,ROUND::2026-09-05T20:15,2026-09-05 20:15,DEL-PNQ,5,CONTRIBUTED_TO_INDEX,0.069402,0.069402000000,True,13,1.00247424,0.002471185466,0.000171505214,2,0,13,15,9,4,0,0,Economy Flexi=4;Economy Saver=4;Economy Standard=5,T1(0-2)=2;T15(12-18)=3;T30(25-35)=3;T45(40-50)=3;T7(5-9)=2,UNWEIGHTED_JEVONS,EQUAL_WEIGHT_PER_MATCHED_ITEM,phase11-v1
EXCL_REVIEW_HIGH,VAYU-RI-EXCL-REVIEW-HIGH,2,LINK::ROUND::2026-09-05T14:30->ROUND::2026-09-05T20:15,ROUND::2026-09-05T14:30,ROUND::2026-09-05T20:15,2026-09-05 20:15,CCU-DEL,6,CONTRIBUTED_TO_INDEX,0.065754,0.065754000000,True,9,0.99315474,-0.006868798880,-0.000451651002,4,2,11,13,7,2,0,0,Economy Flexi=4;Economy Saver=2;Economy Standard=3,T1(0-2)=2;T15(12-18)=1;T30(25-35)=3;T45(40-50)=2;T7(5-9)=1,UNWEIGHTED_JEVONS,EQUAL_WEIGHT_PER_MATCHED_ITEM,phase11-v1
EXCL_REVIEW_HIGH,VAYU-RI-EXCL-REVIEW-HIGH,2,LINK::ROUND::2026-09-05T14:30->ROUND::2026-09-05T20:15,ROUND::2026-09-05T14:30,ROUND::2026-09-05T20:15,2026-09-05 20:15,AMD-DEL,7,CONTRIBUTED_TO_INDEX,0.060216,0.060216000000,True,13,0.98715196,-0.012931293408,-0.000778670764,2,0,13,15,11,2,0,0,Economy Flexi=3;Economy Saver=5;Economy Standard=5,T1(0-2)=2;T15(12-18)=2;T30(25-35)=3;T45(40-50)=3;T7(5-9)=3,UNWEIGHTED_JEVONS,EQUAL_WEIGHT_PER_MATCHED_ITEM,phase11-v1
EXCL_REVIEW_HIGH,VAYU-RI-EXCL-REVIEW-HIGH,2,LINK::ROUND::2026-09-05T14:30->ROUND::2026-09-05T20:15,ROUND::2026-09-05T14:30,ROUND::2026-09-05T20:15,2026-09-05 20:15,DEL-MAA,8,CONTRIBUTED_TO_INDEX,0.058216,0.058216000000,True,11,0.99138257,-0.008654775329,-0.000503846401,2,2,13,13,9,2,0,0,Economy Flexi=5;Economy Saver=4;Economy Standard=2,T1(0-2)=2;T15(12-18)=2;T30(25-35)=3;T45(40-50)=2;T7(5-9)=2,UNWEIGHTED_JEVONS,EQUAL_WEIGHT_PER_MATCHED_ITEM,phase11-v1
EXCL_REVIEW_HIGH,VAYU-RI-EXCL-REVIEW-HIGH,2,LINK::ROUND::2026-09-05T14:30->ROUND::2026-09-05T20:15,ROUND::2026-09-05T14:30,ROUND::2026-09-05T20:15,2026-09-05 20:15,BOM-HYD,9,CONTRIBUTED_TO_INDEX,0.055855,0.055855000000,True,9,1.01200185,0.011930398322,0.000666372398,3,3,12,12,8,1,0,0,Economy Flexi=3;Economy Saver=3;Economy Standard=3,T1(0-2)=1;T15(12-18)=2;T30(25-35)=2;T45(40-50)=2;T7(5-9)=2,UNWEIGHTED_JEVONS,EQUAL_WEIGHT_PER_MATCHED_ITEM,phase11-v1
EXCL_REVIEW_HIGH,VAYU-RI-EXCL-REVIEW-HIGH,2,LINK::ROUND::2026-09-05T14:30->ROUND::2026-09-05T20:15,ROUND::2026-09-05T14:30,ROUND::2026-09-05T20:15,2026-09-05 20:15,BLR-CCU,10,CONTRIBUTED_TO_INDEX,0.05523,0.055230000000,True,10,0.99687107,-0.003133839614,-0.000173081962,1,4,14,11,8,2,0,0,Economy Flexi=5;Economy Saver=3;Economy Standard=2,T1(0-2)=2;T15(12-18)=2;T30(25-35)=1;T45(40-50)=3;T7(5-9)=2,UNWEIGHTED_JEVONS,EQUAL_WEIGHT_PER_MATCHED_ITEM,phase11-v1
EXCL_REVIEW_HIGH,VAYU-RI-EXCL-REVIEW-HIGH,2,LINK::ROUND::2026-09-05T14:30->ROUND::2026-09-05T20:15,ROUND::2026-09-05T14:30,ROUND::2026-09-05T20:15,2026-09-05 20:15,DEL-SXR,11,CONTRIBUTED_TO_INDEX,0.054956,0.054956000000,True,12,0.99719983,-0.002804097234,-0.000154101968,2,1,13,14,9,3,0,0,Economy Flexi=4;Economy Saver=4;Economy Standard=4,T1(0-2)=2;T15(12-18)=2;T30(25-35)=3;T45(40-50)=2;T7(5-9)=3,UNWEIGHTED_JEVONS,EQUAL_WEIGHT_PER_MATCHED_ITEM,phase11-v1
EXCL_REVIEW_HIGH,VAYU-RI-EXCL-REVIEW-HIGH,2,LINK::ROUND::2026-09-05T14:30->ROUND::2026-09-05T20:15,ROUND::2026-09-05T14:30,ROUND::2026-09-05T20:15,2026-09-05 20:15,DEL-GOI,12,CONTRIBUTED_TO_INDEX,0.03707,0.037070000000,True,11,1.00616791,0.006148968170,0.000227942250,1,2,13,12,7,4,0,0,Economy Flexi=4;Economy Saver=4;Economy Standard=3,T1(0-2)=2;T15(12-18)=3;T30(25-35)=3;T45(40-50)=1;T7(5-9)=2,UNWEIGHTED_JEVONS,EQUAL_WEIGHT_PER_MATCHED_ITEM,phase11-v1
EXCL_REVIEW_HIGH,VAYU-RI-EXCL-REVIEW-HIGH,2,LINK::ROUND::2026-09-05T14:30->ROUND::2026-09-05T20:15,ROUND::2026-09-05T14:30,ROUND::2026-09-05T20:15,2026-09-05 20:15,DEL-GAU,13,CONTRIBUTED_TO_INDEX,0.036519,0.036519000000,True,12,0.99907292,-0.000927510991,-0.000033871774,1,2,14,13,11,1,0,0,Economy Flexi=5;Economy Saver=3;Economy Standard=4,T1(0-2)=3;T15(12-18)=3;T30(25-35)=2;T45(40-50)=2;T7(5-9)=2,UNWEIGHTED_JEVONS,EQUAL_WEIGHT_PER_MATCHED_ITEM,phase11-v1
EXCL_REVIEW_HIGH,VAYU-RI-EXCL-REVIEW-HIGH,2,LINK::ROUND::2026-09-05T14:30->ROUND::2026-09-05T20:15,ROUND::2026-09-05T14:30,ROUND::2026-09-05T20:15,2026-09-05 20:15,BLR-COK,14,CONTRIBUTED_TO_INDEX,0.03525,0.035250000000,True,12,0.99929740,-0.000702848703,-0.000024775417,1,2,14,13,11,1,0,0,Economy Flexi=4;Economy Saver=3;Economy Standard=5,T1(0-2)=2;T15(12-18)=2;T30(25-35)=3;T45(40-50)=3;T7(5-9)=2,UNWEIGHTED_JEVONS,EQUAL_WEIGHT_PER_MATCHED_ITEM,phase11-v1
EXCL_REVIEW_HIGH,VAYU-RI-EXCL-REVIEW-HIGH,2,LINK::ROUND::2026-09-05T14:30->ROUND::2026-09-05T20:15,ROUND::2026-09-05T14:30,ROUND::2026-09-05T20:15,2026-09-05 20:15,DEL-IDR,15,CONTRIBUTED_TO_INDEX,0.02194,0.021940000000,True,11,0.98662456,-0.013465699942,-0.000295437457,2,1,12,13,7,4,0,0,Economy Flexi=4;Economy Saver=4;Economy Standard=3,T1(0-2)=2;T15(12-18)=2;T30(25-35)=2;T45(40-50)=2;T7(5-9)=3,UNWEIGHTED_JEVONS,EQUAL_WEIGHT_PER_MATCHED_ITEM,phase11-v1
EXCL_REVIEW_HIGH,VAYU-RI-EXCL-REVIEW-HIGH,3,LINK::ROUND::2026-09-05T20:15->ROUND::2026-09-06T09:00,ROUND::2026-09-05T20:15,ROUND::2026-09-06T09:00,2026-09-06 09:00,BOM-DEL,1,CONTRIBUTED_TO_INDEX,0.162603,0.162603000000,True,11,1.02134827,0.021123587457,0.003434758691,2,2,13,13,6,5,0,0,Economy Flexi=5;Economy Saver=3;Economy Standard=3,T1(0-2)=2;T15(12-18)=3;T30(25-35)=3;T45(40-50)=2;T7(5-9)=1,UNWEIGHTED_JEVONS,EQUAL_WEIGHT_PER_MATCHED_ITEM,phase11-v1
EXCL_REVIEW_HIGH,VAYU-RI-EXCL-REVIEW-HIGH,3,LINK::ROUND::2026-09-05T20:15->ROUND::2026-09-06T09:00,ROUND::2026-09-05T20:15,ROUND::2026-09-06T09:00,2026-09-06 09:00,BLR-DEL,2,CONTRIBUTED_TO_INDEX,0.111103,0.111103000000,True,13,1.01198068,0.011909478273,0.001323178765,0,2,15,13,10,3,0,0,Economy Flexi=5;Economy Saver=4;Economy Standard=4,T1(0-2)=1;T15(12-18)=3;T30(25-35)=3;T45(40-50)=3;T7(5-9)=3,UNWEIGHTED_JEVONS,EQUAL_WEIGHT_PER_MATCHED_ITEM,phase11-v1
EXCL_REVIEW_HIGH,VAYU-RI-EXCL-REVIEW-HIGH,3,LINK::ROUND::2026-09-05T20:15->ROUND::2026-09-06T09:00,ROUND::2026-09-05T20:15,ROUND::2026-09-06T09:00,2026-09-06 09:00,BLR-BOM,3,CONTRIBUTED_TO_INDEX,0.097658,0.097658000000,True,13,1.01206615,0.011993938224,0.001171304019,1,1,14,14,8,5,0,0,Economy Flexi=5;Economy Saver=5;Economy Standard=3,T1(0-2)=3;T15(12-18)=3;T30(25-35)=3;T45(40-50)=2;T7(5-9)=2,UNWEIGHTED_JEVONS,EQUAL_WEIGHT_PER_MATCHED_ITEM,phase11-v1
EXCL_REVIEW_HIGH,VAYU-RI-EXCL-REVIEW-HIGH,3,LINK::ROUND::2026-09-05T20:15->ROUND::2026-09-06T09:00,ROUND::2026-09-05T20:15,ROUND::2026-09-06T09:00,2026-09-06 09:00,DEL-HYD,4,CONTRIBUTED_TO_INDEX,0.078228,0.078228000000,True,13,1.03123289,0.030755068266,0.002405907480,2,0,13,15,7,6,0,0,Economy Flexi=5;Economy Saver=3;Economy Standard=5,T1(0-2)=2;T15(12-18)=3;T30(25-35)=3;T45(40-50)=3;T7(5-9)=2,UNWEIGHTED_JEVONS,EQUAL_WEIGHT_PER_MATCHED_ITEM,phase11-v1
EXCL_REVIEW_HIGH,VAYU-RI-EXCL-REVIEW-HIGH,3,LINK::ROUND::2026-09-05T20:15->ROUND::2026-09-06T09:00,ROUND::2026-09-05T20:15,ROUND::2026-09-06T09:00,2026-09-06 09:00,DEL-PNQ,5,CONTRIBUTED_TO_INDEX,0.069402,0.069402000000,True,12,1.00700023,0.006975843354,0.000484137480,0,3,15,12,7,5,0,0,Economy Flexi=3;Economy Saver=4;Economy Standard=5,T1(0-2)=3;T15(12-18)=1;T30(25-35)=3;T45(40-50)=3;T7(5-9)=2,UNWEIGHTED_JEVONS,EQUAL_WEIGHT_PER_MATCHED_ITEM,phase11-v1
EXCL_REVIEW_HIGH,VAYU-RI-EXCL-REVIEW-HIGH,3,LINK::ROUND::2026-09-05T20:15->ROUND::2026-09-06T09:00,ROUND::2026-09-05T20:15,ROUND::2026-09-06T09:00,2026-09-06 09:00,CCU-DEL,6,CONTRIBUTED_TO_INDEX,0.065754,0.065754000000,True,12,1.00394716,0.003939392806,0.000259030835,1,1,13,13,12,0,0,0,Economy Flexi=5;Economy Saver=4;Economy Standard=3,T1(0-2)=3;T15(12-18)=2;T30(25-35)=2;T45(40-50)=3;T7(5-9)=2,UNWEIGHTED_JEVONS,EQUAL_WEIGHT_PER_MATCHED_ITEM,phase11-v1
EXCL_REVIEW_HIGH,VAYU-RI-EXCL-REVIEW-HIGH,3,LINK::ROUND::2026-09-05T20:15->ROUND::2026-09-06T09:00,ROUND::2026-09-05T20:15,ROUND::2026-09-06T09:00,2026-09-06 09:00,AMD-DEL,7,CONTRIBUTED_TO_INDEX,0.060216,0.060216000000,True,13,1.01244223,0.012365461520,0.000744598631,0,2,15,13,12,1,0,0,Economy Flexi=5;Economy Saver=4;Economy Standard=4,T1(0-2)=2;T15(12-18)=3;T30(25-35)=2;T45(40-50)=3;T7(5-9)=3,UNWEIGHTED_JEVONS,EQUAL_WEIGHT_PER_MATCHED_ITEM,phase11-v1
EXCL_REVIEW_HIGH,VAYU-RI-EXCL-REVIEW-HIGH,3,LINK::ROUND::2026-09-05T20:15->ROUND::2026-09-06T09:00,ROUND::2026-09-05T20:15,ROUND::2026-09-06T09:00,2026-09-06 09:00,DEL-MAA,8,CONTRIBUTED_TO_INDEX,0.058216,0.058216000000,True,11,1.01736458,0.017215536671,0.001002219683,2,2,13,13,9,2,0,0,Economy Flexi=4;Economy Saver=4;Economy Standard=3,T1(0-2)=1;T15(12-18)=3;T30(25-35)=3;T45(40-50)=2;T7(5-9)=2,UNWEIGHTED_JEVONS,EQUAL_WEIGHT_PER_MATCHED_ITEM,phase11-v1
EXCL_REVIEW_HIGH,VAYU-RI-EXCL-REVIEW-HIGH,3,LINK::ROUND::2026-09-05T20:15->ROUND::2026-09-06T09:00,ROUND::2026-09-05T20:15,ROUND::2026-09-06T09:00,2026-09-06 09:00,BOM-HYD,9,CONTRIBUTED_TO_INDEX,0.055855,0.055855000000,True,11,0.99908041,-0.000920014920,-0.000051387433,3,1,12,14,10,1,0,0,Economy Flexi=3;Economy Saver=4;Economy Standard=4,T1(0-2)=2;T15(12-18)=2;T30(25-35)=3;T45(40-50)=2;T7(5-9)=2,UNWEIGHTED_JEVONS,EQUAL_WEIGHT_PER_MATCHED_ITEM,phase11-v1
EXCL_REVIEW_HIGH,VAYU-RI-EXCL-REVIEW-HIGH,3,LINK::ROUND::2026-09-05T20:15->ROUND::2026-09-06T09:00,ROUND::2026-09-05T20:15,ROUND::2026-09-06T09:00,2026-09-06 09:00,BLR-CCU,10,CONTRIBUTED_TO_INDEX,0.05523,0.055230000000,True,11,1.01461392,0.014508161960,0.000801285785,3,0,11,14,10,1,0,0,Economy Flexi=5;Economy Saver=4;Economy Standard=2,T1(0-2)=2;T15(12-18)=2;T30(25-35)=2;T45(40-50)=3;T7(5-9)=2,UNWEIGHTED_JEVONS,EQUAL_WEIGHT_PER_MATCHED_ITEM,phase11-v1
EXCL_REVIEW_HIGH,VAYU-RI-EXCL-REVIEW-HIGH,3,LINK::ROUND::2026-09-05T20:15->ROUND::2026-09-06T09:00,ROUND::2026-09-05T20:15,ROUND::2026-09-06T09:00,2026-09-06 09:00,DEL-SXR,11,CONTRIBUTED_TO_INDEX,0.054956,0.054956000000,True,14,1.01481294,0.014704304300,0.000808089747,0,0,14,14,10,4,0,0,Economy Flexi=4;Economy Saver=5;Economy Standard=5,T1(0-2)=3;T15(12-18)=2;T30(25-35)=3;T45(40-50)=3;T7(5-9)=3,UNWEIGHTED_JEVONS,EQUAL_WEIGHT_PER_MATCHED_ITEM,phase11-v1
EXCL_REVIEW_HIGH,VAYU-RI-EXCL-REVIEW-HIGH,3,LINK::ROUND::2026-09-05T20:15->ROUND::2026-09-06T09:00,ROUND::2026-09-05T20:15,ROUND::2026-09-06T09:00,2026-09-06 09:00,DEL-GOI,12,CONTRIBUTED_TO_INDEX,0.03707,0.037070000000,True,12,1.00089808,0.000897680824,0.000033277028,3,0,12,15,10,2,0,0,Economy Flexi=4;Economy Saver=4;Economy Standard=4,T1(0-2)=2;T15(12-18)=3;T30(25-35)=3;T45(40-50)=2;T7(5-9)=2,UNWEIGHTED_JEVONS,EQUAL_WEIGHT_PER_MATCHED_ITEM,phase11-v1
EXCL_REVIEW_HIGH,VAYU-RI-EXCL-REVIEW-HIGH,3,LINK::ROUND::2026-09-05T20:15->ROUND::2026-09-06T09:00,ROUND::2026-09-05T20:15,ROUND::2026-09-06T09:00,2026-09-06 09:00,DEL-GAU,13,CONTRIBUTED_TO_INDEX,0.036519,0.036519000000,True,8,1.00492144,0.004909369081,0.000179285249,2,5,13,10,6,2,0,0,Economy Flexi=2;Economy Saver=3;Economy Standard=3,T1(0-2)=2;T15(12-18)=1;T45(40-50)=3;T7(5-9)=2,UNWEIGHTED_JEVONS,EQUAL_WEIGHT_PER_MATCHED_ITEM,phase11-v1
EXCL_REVIEW_HIGH,VAYU-RI-EXCL-REVIEW-HIGH,3,LINK::ROUND::2026-09-05T20:15->ROUND::2026-09-06T09:00,ROUND::2026-09-05T20:15,ROUND::2026-09-06T09:00,2026-09-06 09:00,BLR-COK,14,CONTRIBUTED_TO_INDEX,0.03525,0.035250000000,True,12,1.00936136,0.009317810352,0.000328452815,2,1,13,14,5,7,0,0,Economy Flexi=3;Economy Saver=4;Economy Standard=5,T1(0-2)=2;T15(12-18)=2;T30(25-35)=2;T45(40-50)=3;T7(5-9)=3,UNWEIGHTED_JEVONS,EQUAL_WEIGHT_PER_MATCHED_ITEM,phase11-v1
EXCL_REVIEW_HIGH,VAYU-RI-EXCL-REVIEW-HIGH,3,LINK::ROUND::2026-09-05T20:15->ROUND::2026-09-06T09:00,ROUND::2026-09-05T20:15,ROUND::2026-09-06T09:00,2026-09-06 09:00,DEL-IDR,15,CONTRIBUTED_TO_INDEX,0.02194,0.021940000000,True,8,1.02226699,0.022022695579,0.000483177941,1,5,13,9,8,0,0,0,Economy Flexi=3;Economy Saver=4;Economy Standard=1,T1(0-2)=2;T15(12-18)=2;T45(40-50)=2;T7(5-9)=2,UNWEIGHTED_JEVONS,EQUAL_WEIGHT_PER_MATCHED_ITEM,phase11-v1
EXCL_REVIEW_HIGH,VAYU-RI-EXCL-REVIEW-HIGH,4,LINK::ROUND::2026-09-06T09:00->ROUND::2026-09-06T14:30,ROUND::2026-09-06T09:00,ROUND::2026-09-06T14:30,2026-09-06 14:30,BOM-DEL,1,CONTRIBUTED_TO_INDEX,0.162603,0.162603000000,True,11,0.99243206,-0.007596723615,-0.001235250050,1,2,13,12,9,2,0,0,Economy Flexi=5;Economy Saver=3;Economy Standard=3,T1(0-2)=3;T15(12-18)=2;T30(25-35)=2;T45(40-50)=2;T7(5-9)=2,UNWEIGHTED_JEVONS,EQUAL_WEIGHT_PER_MATCHED_ITEM,phase11-v1
EXCL_REVIEW_HIGH,VAYU-RI-EXCL-REVIEW-HIGH,4,LINK::ROUND::2026-09-06T09:00->ROUND::2026-09-06T14:30,ROUND::2026-09-06T09:00,ROUND::2026-09-06T14:30,2026-09-06 14:30,BLR-DEL,2,CONTRIBUTED_TO_INDEX,0.111103,0.111103000000,True,12,1.00645616,0.006435407637,0.000714993095,2,1,13,14,8,4,0,0,Economy Flexi=5;Economy Saver=3;Economy Standard=4,T1(0-2)=1;T15(12-18)=3;T30(25-35)=2;T45(40-50)=3;T7(5-9)=3,UNWEIGHTED_JEVONS,EQUAL_WEIGHT_PER_MATCHED_ITEM,phase11-v1
EXCL_REVIEW_HIGH,VAYU-RI-EXCL-REVIEW-HIGH,4,LINK::ROUND::2026-09-06T09:00->ROUND::2026-09-06T14:30,ROUND::2026-09-06T09:00,ROUND::2026-09-06T14:30,2026-09-06 14:30,BLR-BOM,3,CONTRIBUTED_TO_INDEX,0.097658,0.097658000000,True,13,1.00784900,0.007818357509,0.000763525158,1,1,14,14,11,2,0,0,Economy Flexi=5;Economy Saver=5;Economy Standard=3,T1(0-2)=3;T15(12-18)=3;T30(25-35)=3;T45(40-50)=2;T7(5-9)=2,UNWEIGHTED_JEVONS,EQUAL_WEIGHT_PER_MATCHED_ITEM,phase11-v1
EXCL_REVIEW_HIGH,VAYU-RI-EXCL-REVIEW-HIGH,4,LINK::ROUND::2026-09-06T09:00->ROUND::2026-09-06T14:30,ROUND::2026-09-06T09:00,ROUND::2026-09-06T14:30,2026-09-06 14:30,DEL-HYD,4,CONTRIBUTED_TO_INDEX,0.078228,0.078228000000,True,15,0.98252182,-0.017632731223,-0.001379373298,0,0,15,15,11,4,0,0,Economy Flexi=5;Economy Saver=5;Economy Standard=5,T1(0-2)=3;T15(12-18)=3;T30(25-35)=3;T45(40-50)=3;T7(5-9)=3,UNWEIGHTED_JEVONS,EQUAL_WEIGHT_PER_MATCHED_ITEM,phase11-v1
EXCL_REVIEW_HIGH,VAYU-RI-EXCL-REVIEW-HIGH,4,LINK::ROUND::2026-09-06T09:00->ROUND::2026-09-06T14:30,ROUND::2026-09-06T09:00,ROUND::2026-09-06T14:30,2026-09-06 14:30,DEL-PNQ,5,CONTRIBUTED_TO_INDEX,0.069402,0.069402000000,True,11,0.99756812,-0.002434837393,-0.000168982585,2,1,12,13,8,3,0,0,Economy Flexi=2;Economy Saver=4;Economy Standard=5,T1(0-2)=3;T15(12-18)=1;T30(25-35)=2;T45(40-50)=3;T7(5-9)=2,UNWEIGHTED_JEVONS,EQUAL_WEIGHT_PER_MATCHED_ITEM,phase11-v1
EXCL_REVIEW_HIGH,VAYU-RI-EXCL-REVIEW-HIGH,4,LINK::ROUND::2026-09-06T09:00->ROUND::2026-09-06T14:30,ROUND::2026-09-06T09:00,ROUND::2026-09-06T14:30,2026-09-06 14:30,CCU-DEL,6,CONTRIBUTED_TO_INDEX,0.065754,0.065754000000,True,13,0.99474600,-0.005267853046,-0.000346382409,2,0,13,15,9,4,0,0,Economy Flexi=5;Economy Saver=4;Economy Standard=4,T1(0-2)=3;T15(12-18)=2;T30(25-35)=2;T45(40-50)=3;T7(5-9)=3,UNWEIGHTED_JEVONS,EQUAL_WEIGHT_PER_MATCHED_ITEM,phase11-v1
EXCL_REVIEW_HIGH,VAYU-RI-EXCL-REVIEW-HIGH,4,LINK::ROUND::2026-09-06T09:00->ROUND::2026-09-06T14:30,ROUND::2026-09-06T09:00,ROUND::2026-09-06T14:30,2026-09-06 14:30,AMD-DEL,7,CONTRIBUTED_TO_INDEX,0.060216,0.060216000000,True,12,0.99275534,-0.007271027790,-0.000437832209,2,1,13,14,8,4,0,0,Economy Flexi=5;Economy Saver=4;Economy Standard=3,T1(0-2)=2;T15(12-18)=3;T30(25-35)=1;T45(40-50)=3;T7(5-9)=3,UNWEIGHTED_JEVONS,EQUAL_WEIGHT_PER_MATCHED_ITEM,phase11-v1
EXCL_REVIEW_HIGH,VAYU-RI-EXCL-REVIEW-HIGH,4,LINK::ROUND::2026-09-06T09:00->ROUND::2026-09-06T14:30,ROUND::2026-09-06T09:00,ROUND::2026-09-06T14:30,2026-09-06 14:30,DEL-MAA,8,CONTRIBUTED_TO_INDEX,0.058216,0.058216000000,True,11,0.99073391,-0.009309284945,-0.000541949332,2,2,13,13,6,5,0,0,Economy Flexi=4;Economy Saver=5;Economy Standard=2,T1(0-2)=1;T15(12-18)=2;T30(25-35)=3;T45(40-50)=3;T7(5-9)=2,UNWEIGHTED_JEVONS,EQUAL_WEIGHT_PER_MATCHED_ITEM,phase11-v1
EXCL_REVIEW_HIGH,VAYU-RI-EXCL-REVIEW-HIGH,4,LINK::ROUND::2026-09-06T09:00->ROUND::2026-09-06T14:30,ROUND::2026-09-06T09:00,ROUND::2026-09-06T14:30,2026-09-06 14:30,BOM-HYD,9,CONTRIBUTED_TO_INDEX,0.055855,0.055855000000,True,12,1.00916051,0.009118804748,0.000509330839,1,2,14,13,10,2,0,0,Economy Flexi=2;Economy Saver=5;Economy Standard=5,T1(0-2)=2;T15(12-18)=3;T30(25-35)=3;T45(40-50)=2;T7(5-9)=2,UNWEIGHTED_JEVONS,EQUAL_WEIGHT_PER_MATCHED_ITEM,phase11-v1
EXCL_REVIEW_HIGH,VAYU-RI-EXCL-REVIEW-HIGH,4,LINK::ROUND::2026-09-06T09:00->ROUND::2026-09-06T14:30,ROUND::2026-09-06T09:00,ROUND::2026-09-06T14:30,2026-09-06 14:30,BLR-CCU,10,CONTRIBUTED_TO_INDEX,0.05523,0.055230000000,True,13,0.99654286,-0.003463125184,-0.000191268404,1,1,14,14,9,4,0,0,Economy Flexi=5;Economy Saver=4;Economy Standard=4,T1(0-2)=2;T15(12-18)=3;T30(25-35)=3;T45(40-50)=2;T7(5-9)=3,UNWEIGHTED_JEVONS,EQUAL_WEIGHT_PER_MATCHED_ITEM,phase11-v1
EXCL_REVIEW_HIGH,VAYU-RI-EXCL-REVIEW-HIGH,4,LINK::ROUND::2026-09-06T09:00->ROUND::2026-09-06T14:30,ROUND::2026-09-06T09:00,ROUND::2026-09-06T14:30,2026-09-06 14:30,DEL-SXR,11,CONTRIBUTED_TO_INDEX,0.054956,0.054956000000,True,11,0.99508136,-0.004930773243,-0.000270975574,1,3,14,12,9,2,0,0,Economy Flexi=4;Economy Saver=3;Economy Standard=4,T1(0-2)=2;T15(12-18)=2;T30(25-35)=2;T45(40-50)=3;T7(5-9)=2,UNWEIGHTED_JEVONS,EQUAL_WEIGHT_PER_MATCHED_ITEM,phase11-v1
EXCL_REVIEW_HIGH,VAYU-RI-EXCL-REVIEW-HIGH,4,LINK::ROUND::2026-09-06T09:00->ROUND::2026-09-06T14:30,ROUND::2026-09-06T09:00,ROUND::2026-09-06T14:30,2026-09-06 14:30,DEL-GOI,12,CONTRIBUTED_TO_INDEX,0.03707,0.037070000000,True,13,1.00030453,0.000304487404,0.000011287348,0,2,15,13,9,4,0,0,Economy Flexi=5;Economy Saver=3;Economy Standard=5,T1(0-2)=3;T15(12-18)=3;T30(25-35)=2;T45(40-50)=2;T7(5-9)=3,UNWEIGHTED_JEVONS,EQUAL_WEIGHT_PER_MATCHED_ITEM,phase11-v1
EXCL_REVIEW_HIGH,VAYU-RI-EXCL-REVIEW-HIGH,4,LINK::ROUND::2026-09-06T09:00->ROUND::2026-09-06T14:30,ROUND::2026-09-06T09:00,ROUND::2026-09-06T14:30,2026-09-06 14:30,DEL-GAU,13,CONTRIBUTED_TO_INDEX,0.036519,0.036519000000,True,8,1.00820682,0.008173329338,0.000298481814,5,2,10,13,6,2,0,0,Economy Flexi=2;Economy Saver=4;Economy Standard=2,T1(0-2)=1;T15(12-18)=1;T30(25-35)=1;T45(40-50)=2;T7(5-9)=3,UNWEIGHTED_JEVONS,EQUAL_WEIGHT_PER_MATCHED_ITEM,phase11-v1
EXCL_REVIEW_HIGH,VAYU-RI-EXCL-REVIEW-HIGH,4,LINK::ROUND::2026-09-06T09:00->ROUND::2026-09-06T14:30,ROUND::2026-09-06T09:00,ROUND::2026-09-06T14:30,2026-09-06 14:30,BLR-COK,14,CONTRIBUTED_TO_INDEX,0.03525,0.035250000000,True,12,0.99847742,-0.001523743548,-0.000053711960,1,2,14,13,10,2,0,0,Economy Flexi=3;Economy Saver=5;Economy Standard=4,T1(0-2)=2;T15(12-18)=2;T30(25-35)=2;T45(40-50)=3;T7(5-9)=3,UNWEIGHTED_JEVONS,EQUAL_WEIGHT_PER_MATCHED_ITEM,phase11-v1
EXCL_REVIEW_HIGH,VAYU-RI-EXCL-REVIEW-HIGH,4,LINK::ROUND::2026-09-06T09:00->ROUND::2026-09-06T14:30,ROUND::2026-09-06T09:00,ROUND::2026-09-06T14:30,2026-09-06 14:30,DEL-IDR,15,CONTRIBUTED_TO_INDEX,0.02194,0.021940000000,True,6,1.00102320,0.001022678538,0.000022437567,6,3,9,12,5,1,0,0,Economy Flexi=2;Economy Saver=3;Economy Standard=1,T1(0-2)=1;T15(12-18)=2;T30(25-35)=1;T45(40-50)=2,UNWEIGHTED_JEVONS,EQUAL_WEIGHT_PER_MATCHED_ITEM,phase11-v1
EXCL_REVIEW_HIGH,VAYU-RI-EXCL-REVIEW-HIGH,5,LINK::ROUND::2026-09-06T14:30->ROUND::2026-09-06T20:15,ROUND::2026-09-06T14:30,ROUND::2026-09-06T20:15,2026-09-06 20:15,BOM-DEL,1,CONTRIBUTED_TO_INDEX,0.162603,0.172466350590,True,10,0.99410211,-0.005915354582,-0.001020199617,3,2,12,13,9,1,0,0,Economy Flexi=4;Economy Saver=3;Economy Standard=3,T1(0-2)=3;T15(12-18)=2;T30(25-35)=1;T45(40-50)=2;T7(5-9)=2,UNWEIGHTED_JEVONS,EQUAL_WEIGHT_PER_MATCHED_ITEM,phase11-v1
EXCL_REVIEW_HIGH,VAYU-RI-EXCL-REVIEW-HIGH,5,LINK::ROUND::2026-09-06T14:30->ROUND::2026-09-06T20:15,ROUND::2026-09-06T14:30,ROUND::2026-09-06T20:15,2026-09-06 20:15,BLR-DEL,2,CONTRIBUTED_TO_INDEX,0.111103,0.117842407272,True,12,1.00327055,0.003265214977,0.000384780793,0,2,14,12,11,1,0,0,Economy Flexi=4;Economy Saver=4;Economy Standard=4,T1(0-2)=2;T15(12-18)=3;T30(25-35)=2;T45(40-50)=2;T7(5-9)=3,UNWEIGHTED_JEVONS,EQUAL_WEIGHT_PER_MATCHED_ITEM,phase11-v1
EXCL_REVIEW_HIGH,VAYU-RI-EXCL-REVIEW-HIGH,5,LINK::ROUND::2026-09-06T14:30->ROUND::2026-09-06T20:15,ROUND::2026-09-06T14:30,ROUND::2026-09-06T20:15,2026-09-06 20:15,BLR-BOM,3,CONTRIBUTED_TO_INDEX,0.097658,0.103581845759,True,14,0.98668336,-0.013406106385,-0.001388629244,0,0,14,14,8,6,0,0,Economy Flexi=5;Economy Saver=5;Economy Standard=4,T1(0-2)=3;T15(12-18)=3;T30(25-35)=3;T45(40-50)=2;T7(5-9)=3,UNWEIGHTED_JEVONS,EQUAL_WEIGHT_PER_MATCHED_ITEM,phase11-v1
EXCL_REVIEW_HIGH,VAYU-RI-EXCL-REVIEW-HIGH,5,LINK::ROUND::2026-09-06T14:30->ROUND::2026-09-06T20:15,ROUND::2026-09-06T14:30,ROUND::2026-09-06T20:15,2026-09-06 20:15,DEL-HYD,4,CONTRIBUTED_TO_INDEX,0.078228,0.082973239571,True,13,1.00958478,0.009539139604,0.000791493316,0,2,15,13,10,3,0,0,Economy Flexi=5;Economy Saver=4;Economy Standard=4,T1(0-2)=3;T15(12-18)=2;T30(25-35)=3;T45(40-50)=2;T7(5-9)=3,UNWEIGHTED_JEVONS,EQUAL_WEIGHT_PER_MATCHED_ITEM,phase11-v1
EXCL_REVIEW_HIGH,VAYU-RI-EXCL-REVIEW-HIGH,5,LINK::ROUND::2026-09-06T14:30->ROUND::2026-09-06T20:15,ROUND::2026-09-06T14:30,ROUND::2026-09-06T20:15,2026-09-06 20:15,DEL-PNQ,5,CONTRIBUTED_TO_INDEX,0.069402,0.073611862411,True,13,1.01584852,0.015724246975,0.001157491105,1,0,13,14,10,3,0,0,Economy Flexi=4;Economy Saver=4;Economy Standard=5,T1(0-2)=3;T15(12-18)=2;T30(25-35)=2;T45(40-50)=3;T7(5-9)=3,UNWEIGHTED_JEVONS,EQUAL_WEIGHT_PER_MATCHED_ITEM,phase11-v1
EXCL_REVIEW_HIGH,VAYU-RI-EXCL-REVIEW-HIGH,5,LINK::ROUND::2026-09-06T14:30->ROUND::2026-09-06T20:15,ROUND::2026-09-06T14:30,ROUND::2026-09-06T20:15,2026-09-06 20:15,CCU-DEL,6,CONTRIBUTED_TO_INDEX,0.065754,0.069742578038,True,14,1.00967886,0.009632324838,0.000671783167,0,1,15,14,10,4,0,0,Economy Flexi=5;Economy Saver=4;Economy Standard=5,T1(0-2)=3;T15(12-18)=3;T30(25-35)=3;T45(40-50)=2;T7(5-9)=3,UNWEIGHTED_JEVONS,EQUAL_WEIGHT_PER_MATCHED_ITEM,phase11-v1
EXCL_REVIEW_HIGH,VAYU-RI-EXCL-REVIEW-HIGH,5,LINK::ROUND::2026-09-06T14:30->ROUND::2026-09-06T20:15,ROUND::2026-09-06T14:30,ROUND::2026-09-06T20:15,2026-09-06 20:15,AMD-DEL,7,CONTRIBUTED_TO_INDEX,0.060216,0.063868647978,True,13,1.01593254,0.015806945888,0.001009568263,1,1,14,14,11,2,0,0,Economy Flexi=4;Economy Saver=5;Economy Standard=4,T1(0-2)=3;T15(12-18)=3;T30(25-35)=2;T45(40-50)=3;T7(5-9)=2,UNWEIGHTED_JEVONS,EQUAL_WEIGHT_PER_MATCHED_ITEM,phase11-v1
EXCL_REVIEW_HIGH,VAYU-RI-EXCL-REVIEW-HIGH,5,LINK::ROUND::2026-09-06T14:30->ROUND::2026-09-06T20:15,ROUND::2026-09-06T14:30,ROUND::2026-09-06T20:15,2026-09-06 20:15,DEL-MAA,8,CONTRIBUTED_TO_INDEX,0.058216,0.061747329791,True,11,1.00325899,0.003253690565,0.000200906704,1,2,13,12,9,2,0,0,Economy Flexi=4;Economy Saver=4;Economy Standard=3,T1(0-2)=1;T15(12-18)=2;T30(25-35)=2;T45(40-50)=3;T7(5-9)=3,UNWEIGHTED_JEVONS,EQUAL_WEIGHT_PER_MATCHED_ITEM,phase11-v1
EXCL_REVIEW_HIGH,VAYU-RI-EXCL-REVIEW-HIGH,5,LINK::ROUND::2026-09-06T14:30->ROUND::2026-09-06T20:15,ROUND::2026-09-06T14:30,ROUND::2026-09-06T20:15,2026-09-06 20:15,BOM-HYD,9,CONTRIBUTED_TO_INDEX,0.055855,0.059243113671,True,12,0.99185388,-0.008179480578,-0.000484577898,2,1,13,14,8,4,0,0,Economy Flexi=3;Economy Saver=5;Economy Standard=4,T1(0-2)=2;T15(12-18)=3;T30(25-35)=2;T45(40-50)=2;T7(5-9)=3,UNWEIGHTED_JEVONS,EQUAL_WEIGHT_PER_MATCHED_ITEM,phase11-v1
EXCL_REVIEW_HIGH,VAYU-RI-EXCL-REVIEW-HIGH,5,LINK::ROUND::2026-09-06T14:30->ROUND::2026-09-06T20:15,ROUND::2026-09-06T14:30,ROUND::2026-09-06T20:15,2026-09-06 20:15,BLR-CCU,10,CONTRIBUTED_TO_INDEX,0.05523,0.058580201737,True,14,0.99952183,-0.000478282371,-0.000028017878,1,0,14,15,13,1,0,0,Economy Flexi=5;Economy Saver=4;Economy Standard=5,T1(0-2)=3;T15(12-18)=3;T30(25-35)=3;T45(40-50)=2;T7(5-9)=3,UNWEIGHTED_JEVONS,EQUAL_WEIGHT_PER_MATCHED_ITEM,phase11-v1
EXCL_REVIEW_HIGH,VAYU-RI-EXCL-REVIEW-HIGH,5,LINK::ROUND::2026-09-06T14:30->ROUND::2026-09-06T20:15,ROUND::2026-09-06T14:30,ROUND::2026-09-06T20:15,2026-09-06 20:15,DEL-SXR,11,CONTRIBUTED_TO_INDEX,0.054956,0.058289581146,True,11,1.00939753,0.009353647155,0.000545220175,2,1,12,13,9,2,0,0,Economy Flexi=4;Economy Saver=3;Economy Standard=4,T1(0-2)=2;T15(12-18)=3;T30(25-35)=1;T45(40-50)=3;T7(5-9)=2,UNWEIGHTED_JEVONS,EQUAL_WEIGHT_PER_MATCHED_ITEM,phase11-v1
EXCL_REVIEW_HIGH,VAYU-RI-EXCL-REVIEW-HIGH,5,LINK::ROUND::2026-09-06T14:30->ROUND::2026-09-06T20:15,ROUND::2026-09-06T14:30,ROUND::2026-09-06T20:15,2026-09-06 20:15,DEL-GOI,12,CONTRIBUTED_TO_INDEX,0.03707,0.039318632598,True,10,0.99070291,-0.009340578875,-0.000367258789,2,3,13,12,6,4,0,0,Economy Flexi=4;Economy Saver=3;Economy Standard=3,T1(0-2)=3;T15(12-18)=2;T30(25-35)=1;T45(40-50)=1;T7(5-9)=3,UNWEIGHTED_JEVONS,EQUAL_WEIGHT_PER_MATCHED_ITEM,phase11-v1
EXCL_REVIEW_HIGH,VAYU-RI-EXCL-REVIEW-HIGH,5,LINK::ROUND::2026-09-06T14:30->ROUND::2026-09-06T20:15,ROUND::2026-09-06T14:30,ROUND::2026-09-06T20:15,2026-09-06 20:15,DEL-GAU,13,CONTRIBUTED_TO_INDEX,0.036519,0.038734209438,True,8,1.00565141,0.005635505436,0.000218286848,2,5,13,10,5,3,0,0,Economy Flexi=4;Economy Saver=3;Economy Standard=1,T1(0-2)=2;T15(12-18)=2;T30(25-35)=2;T7(5-9)=2,UNWEIGHTED_JEVONS,EQUAL_WEIGHT_PER_MATCHED_ITEM,phase11-v1
EXCL_REVIEW_HIGH,VAYU-RI-EXCL-REVIEW-HIGH,5,LINK::ROUND::2026-09-06T14:30->ROUND::2026-09-06T20:15,ROUND::2026-09-06T14:30,ROUND::2026-09-06T20:15,2026-09-06 20:15,BLR-COK,14,OBSERVED_BUT_NO_MATCHED_PAIR,0.03525,,False,0,,,,0,13,13,0,0,0,0,0,,,UNWEIGHTED_JEVONS,EQUAL_WEIGHT_PER_MATCHED_ITEM,phase11-v1
EXCL_REVIEW_HIGH,VAYU-RI-EXCL-REVIEW-HIGH,5,LINK::ROUND::2026-09-06T14:30->ROUND::2026-09-06T20:15,ROUND::2026-09-06T14:30,ROUND::2026-09-06T20:15,2026-09-06 20:15,DEL-IDR,15,OBSERVED_BUT_NO_MATCHED_PAIR,0.02194,,False,0,,,,0,12,12,0,0,0,0,0,,,UNWEIGHTED_JEVONS,EQUAL_WEIGHT_PER_MATCHED_ITEM,phase11-v1
EXCL_REVIEW_HIGH,VAYU-RI-EXCL-REVIEW-HIGH,6,LINK::ROUND::2026-09-06T20:15->ROUND::2026-09-07T09:00,ROUND::2026-09-06T20:15,ROUND::2026-09-07T09:00,2026-09-07 09:00,BOM-DEL,1,OBSERVED_BUT_NO_MATCHED_PAIR,0.162603,,False,0,,,,0,13,13,0,0,0,0,0,,,UNWEIGHTED_JEVONS,EQUAL_WEIGHT_PER_MATCHED_ITEM,phase11-v1
EXCL_REVIEW_HIGH,VAYU-RI-EXCL-REVIEW-HIGH,6,LINK::ROUND::2026-09-06T20:15->ROUND::2026-09-07T09:00,ROUND::2026-09-06T20:15,ROUND::2026-09-07T09:00,2026-09-07 09:00,BLR-DEL,2,OBSERVED_BUT_NO_MATCHED_PAIR,0.111103,,False,0,,,,0,12,12,0,0,0,0,0,,,UNWEIGHTED_JEVONS,EQUAL_WEIGHT_PER_MATCHED_ITEM,phase11-v1
EXCL_REVIEW_HIGH,VAYU-RI-EXCL-REVIEW-HIGH,6,LINK::ROUND::2026-09-06T20:15->ROUND::2026-09-07T09:00,ROUND::2026-09-06T20:15,ROUND::2026-09-07T09:00,2026-09-07 09:00,BLR-BOM,3,OBSERVED_BUT_NO_MATCHED_PAIR,0.097658,,False,0,,,,0,14,14,0,0,0,0,0,,,UNWEIGHTED_JEVONS,EQUAL_WEIGHT_PER_MATCHED_ITEM,phase11-v1
EXCL_REVIEW_HIGH,VAYU-RI-EXCL-REVIEW-HIGH,6,LINK::ROUND::2026-09-06T20:15->ROUND::2026-09-07T09:00,ROUND::2026-09-06T20:15,ROUND::2026-09-07T09:00,2026-09-07 09:00,DEL-HYD,4,CONTRIBUTED_TO_INDEX,0.078228,0.678485316311,True,1,1.01471439,0.014607180468,0.009910757460,0,12,13,1,0,1,0,0,Economy Saver=1,T1(0-2)=1,UNWEIGHTED_JEVONS,EQUAL_WEIGHT_PER_MATCHED_ITEM,phase11-v1
EXCL_REVIEW_HIGH,VAYU-RI-EXCL-REVIEW-HIGH,6,LINK::ROUND::2026-09-06T20:15->ROUND::2026-09-07T09:00,ROUND::2026-09-06T20:15,ROUND::2026-09-07T09:00,2026-09-07 09:00,DEL-PNQ,5,OBSERVED_BUT_NO_MATCHED_PAIR,0.069402,,False,0,,,,0,14,14,0,0,0,0,0,,,UNWEIGHTED_JEVONS,EQUAL_WEIGHT_PER_MATCHED_ITEM,phase11-v1
EXCL_REVIEW_HIGH,VAYU-RI-EXCL-REVIEW-HIGH,6,LINK::ROUND::2026-09-06T20:15->ROUND::2026-09-07T09:00,ROUND::2026-09-06T20:15,ROUND::2026-09-07T09:00,2026-09-07 09:00,CCU-DEL,6,OBSERVED_BUT_NO_MATCHED_PAIR,0.065754,,False,0,,,,0,14,14,0,0,0,0,0,,,UNWEIGHTED_JEVONS,EQUAL_WEIGHT_PER_MATCHED_ITEM,phase11-v1
EXCL_REVIEW_HIGH,VAYU-RI-EXCL-REVIEW-HIGH,6,LINK::ROUND::2026-09-06T20:15->ROUND::2026-09-07T09:00,ROUND::2026-09-06T20:15,ROUND::2026-09-07T09:00,2026-09-07 09:00,AMD-DEL,7,OBSERVED_BUT_NO_MATCHED_PAIR,0.060216,,False,0,,,,0,14,14,0,0,0,0,0,,,UNWEIGHTED_JEVONS,EQUAL_WEIGHT_PER_MATCHED_ITEM,phase11-v1
EXCL_REVIEW_HIGH,VAYU-RI-EXCL-REVIEW-HIGH,6,LINK::ROUND::2026-09-06T20:15->ROUND::2026-09-07T09:00,ROUND::2026-09-06T20:15,ROUND::2026-09-07T09:00,2026-09-07 09:00,DEL-MAA,8,OBSERVED_BUT_NO_MATCHED_PAIR,0.058216,,False,0,,,,0,12,12,0,0,0,0,0,,,UNWEIGHTED_JEVONS,EQUAL_WEIGHT_PER_MATCHED_ITEM,phase11-v1
EXCL_REVIEW_HIGH,VAYU-RI-EXCL-REVIEW-HIGH,6,LINK::ROUND::2026-09-06T20:15->ROUND::2026-09-07T09:00,ROUND::2026-09-06T20:15,ROUND::2026-09-07T09:00,2026-09-07 09:00,BOM-HYD,9,OBSERVED_BUT_NO_MATCHED_PAIR,0.055855,,False,0,,,,0,14,14,0,0,0,0,0,,,UNWEIGHTED_JEVONS,EQUAL_WEIGHT_PER_MATCHED_ITEM,phase11-v1
EXCL_REVIEW_HIGH,VAYU-RI-EXCL-REVIEW-HIGH,6,LINK::ROUND::2026-09-06T20:15->ROUND::2026-09-07T09:00,ROUND::2026-09-06T20:15,ROUND::2026-09-07T09:00,2026-09-07 09:00,BLR-CCU,10,OBSERVED_BUT_NO_MATCHED_PAIR,0.05523,,False,0,,,,0,15,15,0,0,0,0,0,,,UNWEIGHTED_JEVONS,EQUAL_WEIGHT_PER_MATCHED_ITEM,phase11-v1
EXCL_REVIEW_HIGH,VAYU-RI-EXCL-REVIEW-HIGH,6,LINK::ROUND::2026-09-06T20:15->ROUND::2026-09-07T09:00,ROUND::2026-09-06T20:15,ROUND::2026-09-07T09:00,2026-09-07 09:00,DEL-SXR,11,OBSERVED_BUT_NO_MATCHED_PAIR,0.054956,,False,0,,,,0,13,13,0,0,0,0,0,,,UNWEIGHTED_JEVONS,EQUAL_WEIGHT_PER_MATCHED_ITEM,phase11-v1
EXCL_REVIEW_HIGH,VAYU-RI-EXCL-REVIEW-HIGH,6,LINK::ROUND::2026-09-06T20:15->ROUND::2026-09-07T09:00,ROUND::2026-09-06T20:15,ROUND::2026-09-07T09:00,2026-09-07 09:00,DEL-GOI,12,CONTRIBUTED_TO_INDEX,0.03707,0.321514683689,True,1,0.97195300,-0.028447831983,-0.009146395702,0,11,12,1,0,1,0,0,Economy Saver=1,T15(12-18)=1,UNWEIGHTED_JEVONS,EQUAL_WEIGHT_PER_MATCHED_ITEM,phase11-v1
EXCL_REVIEW_HIGH,VAYU-RI-EXCL-REVIEW-HIGH,6,LINK::ROUND::2026-09-06T20:15->ROUND::2026-09-07T09:00,ROUND::2026-09-06T20:15,ROUND::2026-09-07T09:00,2026-09-07 09:00,DEL-GAU,13,OBSERVED_BUT_NO_MATCHED_PAIR,0.036519,,False,0,,,,0,10,10,0,0,0,0,0,,,UNWEIGHTED_JEVONS,EQUAL_WEIGHT_PER_MATCHED_ITEM,phase11-v1
EXCL_REVIEW_HIGH,VAYU-RI-EXCL-REVIEW-HIGH,7,LINK::ROUND::2026-09-07T09:00->ROUND::2026-09-07T14:30,ROUND::2026-09-07T09:00,ROUND::2026-09-07T14:30,2026-09-07 14:30,DEL-HYD,4,OBSERVED_BUT_NO_MATCHED_PAIR,0.078228,,False,0,,,,0,1,1,0,0,0,0,0,,,UNWEIGHTED_JEVONS,EQUAL_WEIGHT_PER_MATCHED_ITEM,phase11-v1
EXCL_REVIEW_HIGH,VAYU-RI-EXCL-REVIEW-HIGH,7,LINK::ROUND::2026-09-07T09:00->ROUND::2026-09-07T14:30,ROUND::2026-09-07T09:00,ROUND::2026-09-07T14:30,2026-09-07 14:30,DEL-PNQ,5,OBSERVED_BUT_NO_MATCHED_PAIR,0.069402,,False,0,,,,1,0,0,1,0,0,0,0,,,UNWEIGHTED_JEVONS,EQUAL_WEIGHT_PER_MATCHED_ITEM,phase11-v1
EXCL_REVIEW_HIGH,VAYU-RI-EXCL-REVIEW-HIGH,7,LINK::ROUND::2026-09-07T09:00->ROUND::2026-09-07T14:30,ROUND::2026-09-07T09:00,ROUND::2026-09-07T14:30,2026-09-07 14:30,DEL-MAA,8,OBSERVED_BUT_NO_MATCHED_PAIR,0.058216,,False,0,,,,1,0,0,1,0,0,0,0,,,UNWEIGHTED_JEVONS,EQUAL_WEIGHT_PER_MATCHED_ITEM,phase11-v1
EXCL_REVIEW_HIGH,VAYU-RI-EXCL-REVIEW-HIGH,7,LINK::ROUND::2026-09-07T09:00->ROUND::2026-09-07T14:30,ROUND::2026-09-07T09:00,ROUND::2026-09-07T14:30,2026-09-07 14:30,DEL-GOI,12,OBSERVED_BUT_NO_MATCHED_PAIR,0.03707,,False,0,,,,0,1,1,0,0,0,0,0,,,UNWEIGHTED_JEVONS,EQUAL_WEIGHT_PER_MATCHED_ITEM,phase11-v1
EXCL_REVIEW_HIGH,VAYU-RI-EXCL-REVIEW-HIGH,7,LINK::ROUND::2026-09-07T09:00->ROUND::2026-09-07T14:30,ROUND::2026-09-07T09:00,ROUND::2026-09-07T14:30,2026-09-07 14:30,BLR-COK,14,OBSERVED_BUT_NO_MATCHED_PAIR,0.03525,,False,0,,,,1,0,0,1,0,0,0,0,,,UNWEIGHTED_JEVONS,EQUAL_WEIGHT_PER_MATCHED_ITEM,phase11-v1
EXCL_REVIEW_HIGH,VAYU-RI-EXCL-REVIEW-HIGH,7,LINK::ROUND::2026-09-07T09:00->ROUND::2026-09-07T14:30,ROUND::2026-09-07T09:00,ROUND::2026-09-07T14:30,2026-09-07 14:30,DEL-IDR,15,OBSERVED_BUT_NO_MATCHED_PAIR,0.02194,,False,0,,,,1,0,0,1,0,0,0,0,,,UNWEIGHTED_JEVONS,EQUAL_WEIGHT_PER_MATCHED_ITEM,phase11-v1
EXCL_REVIEW_HIGH,VAYU-RI-EXCL-REVIEW-HIGH,8,LINK::ROUND::2026-09-07T14:30->ROUND::2026-09-07T20:15,ROUND::2026-09-07T14:30,ROUND::2026-09-07T20:15,2026-09-07 20:15,DEL-PNQ,5,OBSERVED_BUT_NO_MATCHED_PAIR,0.069402,,False,0,,,,1,1,1,1,0,0,0,0,,,UNWEIGHTED_JEVONS,EQUAL_WEIGHT_PER_MATCHED_ITEM,phase11-v1
EXCL_REVIEW_HIGH,VAYU-RI-EXCL-REVIEW-HIGH,8,LINK::ROUND::2026-09-07T14:30->ROUND::2026-09-07T20:15,ROUND::2026-09-07T14:30,ROUND::2026-09-07T20:15,2026-09-07 20:15,DEL-MAA,8,OBSERVED_BUT_NO_MATCHED_PAIR,0.058216,,False,0,,,,0,1,1,0,0,0,0,0,,,UNWEIGHTED_JEVONS,EQUAL_WEIGHT_PER_MATCHED_ITEM,phase11-v1
EXCL_REVIEW_HIGH,VAYU-RI-EXCL-REVIEW-HIGH,8,LINK::ROUND::2026-09-07T14:30->ROUND::2026-09-07T20:15,ROUND::2026-09-07T14:30,ROUND::2026-09-07T20:15,2026-09-07 20:15,BLR-COK,14,OBSERVED_BUT_NO_MATCHED_PAIR,0.03525,,False,0,,,,0,1,1,0,0,0,0,0,,,UNWEIGHTED_JEVONS,EQUAL_WEIGHT_PER_MATCHED_ITEM,phase11-v1
EXCL_REVIEW_HIGH,VAYU-RI-EXCL-REVIEW-HIGH,8,LINK::ROUND::2026-09-07T14:30->ROUND::2026-09-07T20:15,ROUND::2026-09-07T14:30,ROUND::2026-09-07T20:15,2026-09-07 20:15,DEL-IDR,15,OBSERVED_BUT_NO_MATCHED_PAIR,0.02194,,False,0,,,,0,1,1,0,0,0,0,0,,,UNWEIGHTED_JEVONS,EQUAL_WEIGHT_PER_MATCHED_ITEM,phase11-v1
EXCL_REVIEW_HIGH,VAYU-RI-EXCL-REVIEW-HIGH,9,LINK::ROUND::2026-09-07T20:15->ROUND::2026-09-08T09:00,ROUND::2026-09-07T20:15,ROUND::2026-09-08T09:00,2026-09-08 09:00,BOM-DEL,1,OBSERVED_BUT_NO_MATCHED_PAIR,0.162603,,False,0,,,,1,0,0,1,0,0,0,0,,,UNWEIGHTED_JEVONS,EQUAL_WEIGHT_PER_MATCHED_ITEM,phase11-v1
EXCL_REVIEW_HIGH,VAYU-RI-EXCL-REVIEW-HIGH,9,LINK::ROUND::2026-09-07T20:15->ROUND::2026-09-08T09:00,ROUND::2026-09-07T20:15,ROUND::2026-09-08T09:00,2026-09-08 09:00,DEL-PNQ,5,OBSERVED_BUT_NO_MATCHED_PAIR,0.069402,,False,0,,,,0,1,1,0,0,0,0,0,,,UNWEIGHTED_JEVONS,EQUAL_WEIGHT_PER_MATCHED_ITEM,phase11-v1
EXCL_REVIEW_HIGH,VAYU-RI-EXCL-REVIEW-HIGH,9,LINK::ROUND::2026-09-07T20:15->ROUND::2026-09-08T09:00,ROUND::2026-09-07T20:15,ROUND::2026-09-08T09:00,2026-09-08 09:00,DEL-GOI,12,OBSERVED_BUT_NO_MATCHED_PAIR,0.03707,,False,0,,,,1,0,0,1,0,0,0,0,,,UNWEIGHTED_JEVONS,EQUAL_WEIGHT_PER_MATCHED_ITEM,phase11-v1
EXCL_REVIEW_HIGH,VAYU-RI-EXCL-REVIEW-HIGH,10,LINK::ROUND::2026-09-08T09:00->ROUND::2026-09-08T20:15,ROUND::2026-09-08T09:00,ROUND::2026-09-08T20:15,2026-09-08 20:15,BOM-DEL,1,OBSERVED_BUT_NO_MATCHED_PAIR,0.162603,,False,0,,,,0,1,1,0,0,0,0,0,,,UNWEIGHTED_JEVONS,EQUAL_WEIGHT_PER_MATCHED_ITEM,phase11-v1
EXCL_REVIEW_HIGH,VAYU-RI-EXCL-REVIEW-HIGH,10,LINK::ROUND::2026-09-08T09:00->ROUND::2026-09-08T20:15,ROUND::2026-09-08T09:00,ROUND::2026-09-08T20:15,2026-09-08 20:15,DEL-GOI,12,OBSERVED_BUT_NO_MATCHED_PAIR,0.03707,,False,0,,,,0,1,1,0,0,0,0,0,,,UNWEIGHTED_JEVONS,EQUAL_WEIGHT_PER_MATCHED_ITEM,phase11-v1
EXCL_REVIEW_HIGH,VAYU-RI-EXCL-REVIEW-HIGH,10,LINK::ROUND::2026-09-08T09:00->ROUND::2026-09-08T20:15,ROUND::2026-09-08T09:00,ROUND::2026-09-08T20:15,2026-09-08 20:15,DEL-GAU,13,OBSERVED_BUT_NO_MATCHED_PAIR,0.036519,,False,0,,,,1,0,0,1,0,0,0,0,,,UNWEIGHTED_JEVONS,EQUAL_WEIGHT_PER_MATCHED_ITEM,phase11-v1
EXCL_REVIEW_HIGH,VAYU-RI-EXCL-REVIEW-HIGH,11,LINK::ROUND::2026-09-08T20:15->ROUND::2026-09-09T09:00,ROUND::2026-09-08T20:15,ROUND::2026-09-09T09:00,2026-09-09 09:00,DEL-MAA,8,OBSERVED_BUT_NO_MATCHED_PAIR,0.058216,,False,0,,,,1,0,0,1,0,0,0,0,,,UNWEIGHTED_JEVONS,EQUAL_WEIGHT_PER_MATCHED_ITEM,phase11-v1
EXCL_REVIEW_HIGH,VAYU-RI-EXCL-REVIEW-HIGH,11,LINK::ROUND::2026-09-08T20:15->ROUND::2026-09-09T09:00,ROUND::2026-09-08T20:15,ROUND::2026-09-09T09:00,2026-09-09 09:00,DEL-GAU,13,OBSERVED_BUT_NO_MATCHED_PAIR,0.036519,,False,0,,,,0,1,1,0,0,0,0,0,,,UNWEIGHTED_JEVONS,EQUAL_WEIGHT_PER_MATCHED_ITEM,phase11-v1
EXCL_REVIEW_HIGH,VAYU-RI-EXCL-REVIEW-HIGH,12,LINK::ROUND::2026-09-09T09:00->ROUND::2026-09-09T14:30,ROUND::2026-09-09T09:00,ROUND::2026-09-09T14:30,2026-09-09 14:30,BOM-DEL,1,OBSERVED_BUT_NO_MATCHED_PAIR,0.162603,,False,0,,,,1,0,0,1,0,0,0,0,,,UNWEIGHTED_JEVONS,EQUAL_WEIGHT_PER_MATCHED_ITEM,phase11-v1
EXCL_REVIEW_HIGH,VAYU-RI-EXCL-REVIEW-HIGH,12,LINK::ROUND::2026-09-09T09:00->ROUND::2026-09-09T14:30,ROUND::2026-09-09T09:00,ROUND::2026-09-09T14:30,2026-09-09 14:30,DEL-MAA,8,OBSERVED_BUT_NO_MATCHED_PAIR,0.058216,,False,0,,,,0,1,1,0,0,0,0,0,,,UNWEIGHTED_JEVONS,EQUAL_WEIGHT_PER_MATCHED_ITEM,phase11-v1
EXCL_REVIEW_HIGH,VAYU-RI-EXCL-REVIEW-HIGH,13,LINK::ROUND::2026-09-09T14:30->ROUND::2026-09-09T20:15,ROUND::2026-09-09T14:30,ROUND::2026-09-09T20:15,2026-09-09 20:15,BOM-DEL,1,OBSERVED_BUT_NO_MATCHED_PAIR,0.162603,,False,0,,,,0,1,1,0,0,0,0,0,,,UNWEIGHTED_JEVONS,EQUAL_WEIGHT_PER_MATCHED_ITEM,phase11-v1
EXCL_REVIEW_HIGH,VAYU-RI-EXCL-REVIEW-HIGH,13,LINK::ROUND::2026-09-09T14:30->ROUND::2026-09-09T20:15,ROUND::2026-09-09T14:30,ROUND::2026-09-09T20:15,2026-09-09 20:15,DEL-GOI,12,OBSERVED_BUT_NO_MATCHED_PAIR,0.03707,,False,0,,,,1,0,0,1,0,0,0,0,,,UNWEIGHTED_JEVONS,EQUAL_WEIGHT_PER_MATCHED_ITEM,phase11-v1
