sensitivity_record_id,backtest_id,period_id,sensitivity_type,primary_series_id,alternative_series_id,alternative_method_id,primary_index_level,alternative_index_level,observed_coverage_log_contribution,level_difference,level_difference_pct,primary_change_pct,alternative_change_pct,change_difference_pp,primary_direction,alternative_direction,turning_point_difference,primary_route_count,alternative_route_count,primary_weight_represented,alternative_weight_represented,route_contribution_difference,sensitivity_status,diagnostic_only,corpus_disclosure,phase12_schema_version
SENS::SENS-COV-01::ROUND::2026-09-05T09:00,BT12-MOSPI-MONTHLY,ROUND::2026-09-05T09:00,COVERAGE,VAYU-RI-PRIMARY,VAYU-P12-SENS-COV-01,SENS-COV-01,100.000000,100.000000,,0.000000,0.000000,,,,BASE,BASE,,15,15,1.000000000000,1.000000000000,,PRIMARY_BASELINE_DIAGNOSTIC,True,TWO_OF_FIFTEEN_ROUTES;27.3706_PERCENT_WEIGHT;NO_MISSING_ROUTE_IMPUTATION,phase12-v1
SENS::SENS-COV-02::ROUND::2026-09-05T09:00,BT12-MOSPI-MONTHLY,ROUND::2026-09-05T09:00,COVERAGE,VAYU-RI-PRIMARY,VAYU-P12-SENS-COV-02,SENS-COV-02,100.000000,100.000000,,0.000000,0.0000,,,,BASE,BASE,,15,15,1.000000000000,1.000000000000,,DIAGNOSTIC_COMPUTED,True,TWO_OF_FIFTEEN_ROUTES;27.3706_PERCENT_WEIGHT;NO_MISSING_ROUTE_IMPUTATION,phase12-v1
SENS::SENS-COV-03::ROUND::2026-09-05T09:00,BT12-MOSPI-MONTHLY,ROUND::2026-09-05T09:00,COVERAGE,VAYU-RI-PRIMARY,VAYU-P12-SENS-COV-03,SENS-COV-03,100.000000,,0.000000000000,,,,,,BASE,,,15,15,1.000000000000,1.000000000000,,LOG_CONTRIBUTION_ONLY_NOT_A_FULL_BASKET_INDEX,True,TWO_OF_FIFTEEN_ROUTES;27.3706_PERCENT_WEIGHT;NO_MISSING_ROUTE_IMPUTATION,phase12-v1
SENS::SENS-COV-04::ROUND::2026-09-05T09:00,BT12-MOSPI-MONTHLY,ROUND::2026-09-05T09:00,COVERAGE,VAYU-RI-PRIMARY,VAYU-P12-SENS-COV-04,SENS-COV-04,100.000000,,,,,,,,BASE,,,15,0,1.000000000000,1.000000000000,,EXCLUDED_LOW_COVERAGE,True,TWO_OF_FIFTEEN_ROUTES;27.3706_PERCENT_WEIGHT;NO_MISSING_ROUTE_IMPUTATION;NO_PERIODS_PASS_80_PERCENT_GATE,phase12-v1
SENS::SENS-ANOM-01::ROUND::2026-09-05T09:00,BT12-MOSPI-MONTHLY,ROUND::2026-09-05T09:00,ANOMALY,VAYU-RI-PRIMARY,VAYU-RI-EXCL-REVIEW-HIGH,SENS-ANOM-01,100.000000,100.000000,,0.000000,0.000000,,,,BASE,BASE,NONE,15,15,1.000000000000,1.000000000000,0.000000,IDENTICAL_CORPUS_ARTEFACT_UNALIGNED_REVIEW_ONLY,True,REVIEW_OCCURS_ONLY_IN_UNALIGNED_ROUND_AND_DOES_NOT_ENTER_CHAIN,phase12-v1
SENS::SENS-COV-01::ROUND::2026-09-05T14:30,BT12-MOSPI-MONTHLY,ROUND::2026-09-05T14:30,COVERAGE,VAYU-RI-PRIMARY,VAYU-P12-SENS-COV-01,SENS-COV-01,100.258635,100.258635,,0.000000,0.000000,0.2586,0.2586,0.0000,UP,UP,,15,15,1.000000000000,1.000000000000,,PRIMARY_BASELINE_DIAGNOSTIC,True,TWO_OF_FIFTEEN_ROUTES;27.3706_PERCENT_WEIGHT;NO_MISSING_ROUTE_IMPUTATION,phase12-v1
SENS::SENS-COV-02::ROUND::2026-09-05T14:30,BT12-MOSPI-MONTHLY,ROUND::2026-09-05T14:30,COVERAGE,VAYU-RI-PRIMARY,VAYU-P12-SENS-COV-02,SENS-COV-02,100.258635,100.279453,,0.020818,0.0208,0.2586,0.2795,0.0209,UP,UP,,15,15,1.000000000000,1.000000000000,,DIAGNOSTIC_COMPUTED,True,TWO_OF_FIFTEEN_ROUTES;27.3706_PERCENT_WEIGHT;NO_MISSING_ROUTE_IMPUTATION,phase12-v1
SENS::SENS-COV-03::ROUND::2026-09-05T14:30,BT12-MOSPI-MONTHLY,ROUND::2026-09-05T14:30,COVERAGE,VAYU-RI-PRIMARY,VAYU-P12-SENS-COV-03,SENS-COV-03,100.258635,,0.002583008546,,,0.2586,,,UP,,,15,15,1.000000000000,1.000000000000,,LOG_CONTRIBUTION_ONLY_NOT_A_FULL_BASKET_INDEX,True,TWO_OF_FIFTEEN_ROUTES;27.3706_PERCENT_WEIGHT;NO_MISSING_ROUTE_IMPUTATION,phase12-v1
SENS::SENS-COV-04::ROUND::2026-09-05T14:30,BT12-MOSPI-MONTHLY,ROUND::2026-09-05T14:30,COVERAGE,VAYU-RI-PRIMARY,VAYU-P12-SENS-COV-04,SENS-COV-04,100.258635,,,,,0.2586,,,UP,,,15,0,1.000000000000,1.000000000000,,EXCLUDED_LOW_COVERAGE,True,TWO_OF_FIFTEEN_ROUTES;27.3706_PERCENT_WEIGHT;NO_MISSING_ROUTE_IMPUTATION;NO_PERIODS_PASS_80_PERCENT_GATE,phase12-v1
SENS::SENS-ANOM-01::ROUND::2026-09-05T14:30,BT12-MOSPI-MONTHLY,ROUND::2026-09-05T14:30,ANOMALY,VAYU-RI-PRIMARY,VAYU-RI-EXCL-REVIEW-HIGH,SENS-ANOM-01,100.258635,100.367251,,0.108616,0.000000,0.2586,0.3673,0.0000,UP,UP,NONE,15,15,1.000000000000,1.000000000000,0.000000,IDENTICAL_CORPUS_ARTEFACT_UNALIGNED_REVIEW_ONLY,True,REVIEW_OCCURS_ONLY_IN_UNALIGNED_ROUND_AND_DOES_NOT_ENTER_CHAIN,phase12-v1
SENS::SENS-COV-01::ROUND::2026-09-05T20:15,BT12-MOSPI-MONTHLY,ROUND::2026-09-05T20:15,COVERAGE,VAYU-RI-PRIMARY,VAYU-P12-SENS-COV-01,SENS-COV-01,100.144095,100.144095,,0.000000,0.000000,-0.1142,-0.1142,0.0000,DOWN,DOWN,,15,15,1.000000000000,1.000000000000,,PRIMARY_BASELINE_DIAGNOSTIC,True,TWO_OF_FIFTEEN_ROUTES;27.3706_PERCENT_WEIGHT;NO_MISSING_ROUTE_IMPUTATION,phase12-v1
SENS::SENS-COV-02::ROUND::2026-09-05T20:15,BT12-MOSPI-MONTHLY,ROUND::2026-09-05T20:15,COVERAGE,VAYU-RI-PRIMARY,VAYU-P12-SENS-COV-02,SENS-COV-02,100.144095,100.102171,,-0.041924,-0.0419,-0.1142,-0.1768,-0.0626,DOWN,DOWN,,15,15,1.000000000000,1.000000000000,,DIAGNOSTIC_COMPUTED,True,TWO_OF_FIFTEEN_ROUTES;27.3706_PERCENT_WEIGHT;NO_MISSING_ROUTE_IMPUTATION,phase12-v1
SENS::SENS-COV-03::ROUND::2026-09-05T20:15,BT12-MOSPI-MONTHLY,ROUND::2026-09-05T20:15,COVERAGE,VAYU-RI-PRIMARY,VAYU-P12-SENS-COV-03,SENS-COV-03,100.144095,,-0.001143099541,,,-0.1142,,,DOWN,,,15,15,1.000000000000,1.000000000000,,LOG_CONTRIBUTION_ONLY_NOT_A_FULL_BASKET_INDEX,True,TWO_OF_FIFTEEN_ROUTES;27.3706_PERCENT_WEIGHT;NO_MISSING_ROUTE_IMPUTATION,phase12-v1
SENS::SENS-COV-04::ROUND::2026-09-05T20:15,BT12-MOSPI-MONTHLY,ROUND::2026-09-05T20:15,COVERAGE,VAYU-RI-PRIMARY,VAYU-P12-SENS-COV-04,SENS-COV-04,100.144095,,,,,-0.1142,,,DOWN,,,15,0,1.000000000000,1.000000000000,,EXCLUDED_LOW_COVERAGE,True,TWO_OF_FIFTEEN_ROUTES;27.3706_PERCENT_WEIGHT;NO_MISSING_ROUTE_IMPUTATION;NO_PERIODS_PASS_80_PERCENT_GATE,phase12-v1
SENS::SENS-ANOM-01::ROUND::2026-09-05T20:15,BT12-MOSPI-MONTHLY,ROUND::2026-09-05T20:15,ANOMALY,VAYU-RI-PRIMARY,VAYU-RI-EXCL-REVIEW-HIGH,SENS-ANOM-01,100.144095,100.222544,,0.078449,0.000000,-0.1142,-0.1442,0.0000,DOWN,DOWN,NONE,15,15,1.000000000000,1.000000000000,0.000000,IDENTICAL_CORPUS_ARTEFACT_UNALIGNED_REVIEW_ONLY,True,REVIEW_OCCURS_ONLY_IN_UNALIGNED_ROUND_AND_DOES_NOT_ENTER_CHAIN,phase12-v1
SENS::SENS-COV-01::ROUND::2026-09-06T09:00,BT12-MOSPI-MONTHLY,ROUND::2026-09-06T09:00,COVERAGE,VAYU-RI-PRIMARY,VAYU-P12-SENS-COV-01,SENS-COV-01,101.495799,101.495799,,0.000000,0.000000,1.3498,1.3498,0.0000,UP,UP,,15,15,1.000000000000,1.000000000000,,PRIMARY_BASELINE_DIAGNOSTIC,True,TWO_OF_FIFTEEN_ROUTES;27.3706_PERCENT_WEIGHT;NO_MISSING_ROUTE_IMPUTATION,phase12-v1
SENS::SENS-COV-02::ROUND::2026-09-06T09:00,BT12-MOSPI-MONTHLY,ROUND::2026-09-06T09:00,COVERAGE,VAYU-RI-PRIMARY,VAYU-P12-SENS-COV-02,SENS-COV-02,101.495799,101.322239,,-0.173560,-0.1710,1.3498,1.2188,-0.1310,UP,UP,,15,15,1.000000000000,1.000000000000,,DIAGNOSTIC_COMPUTED,True,TWO_OF_FIFTEEN_ROUTES;27.3706_PERCENT_WEIGHT;NO_MISSING_ROUTE_IMPUTATION,phase12-v1
SENS::SENS-COV-03::ROUND::2026-09-06T09:00,BT12-MOSPI-MONTHLY,ROUND::2026-09-06T09:00,COVERAGE,VAYU-RI-PRIMARY,VAYU-P12-SENS-COV-03,SENS-COV-03,101.495799,,0.013407316501,,,1.3498,,,UP,,,15,15,1.000000000000,1.000000000000,,LOG_CONTRIBUTION_ONLY_NOT_A_FULL_BASKET_INDEX,True,TWO_OF_FIFTEEN_ROUTES;27.3706_PERCENT_WEIGHT;NO_MISSING_ROUTE_IMPUTATION,phase12-v1
SENS::SENS-COV-04::ROUND::2026-09-06T09:00,BT12-MOSPI-MONTHLY,ROUND::2026-09-06T09:00,COVERAGE,VAYU-RI-PRIMARY,VAYU-P12-SENS-COV-04,SENS-COV-04,101.495799,,,,,1.3498,,,UP,,,15,0,1.000000000000,1.000000000000,,EXCLUDED_LOW_COVERAGE,True,TWO_OF_FIFTEEN_ROUTES;27.3706_PERCENT_WEIGHT;NO_MISSING_ROUTE_IMPUTATION;NO_PERIODS_PASS_80_PERCENT_GATE,phase12-v1
SENS::SENS-ANOM-01::ROUND::2026-09-06T09:00,BT12-MOSPI-MONTHLY,ROUND::2026-09-06T09:00,ANOMALY,VAYU-RI-PRIMARY,VAYU-RI-EXCL-REVIEW-HIGH,SENS-ANOM-01,101.495799,101.575307,,0.079508,0.000000,1.3498,1.3498,0.0000,UP,UP,NONE,15,15,1.000000000000,1.000000000000,0.000000,IDENTICAL_CORPUS_ARTEFACT_UNALIGNED_REVIEW_ONLY,True,REVIEW_OCCURS_ONLY_IN_UNALIGNED_ROUND_AND_DOES_NOT_ENTER_CHAIN,phase12-v1
SENS::SENS-COV-01::ROUND::2026-09-06T14:30,BT12-MOSPI-MONTHLY,ROUND::2026-09-06T14:30,COVERAGE,VAYU-RI-PRIMARY,VAYU-P12-SENS-COV-01,SENS-COV-01,101.262053,101.262053,,0.000000,0.000000,-0.2303,-0.2303,0.0000,DOWN,DOWN,,15,15,1.000000000000,1.000000000000,,PRIMARY_BASELINE_DIAGNOSTIC,True,TWO_OF_FIFTEEN_ROUTES;27.3706_PERCENT_WEIGHT;NO_MISSING_ROUTE_IMPUTATION,phase12-v1
SENS::SENS-COV-02::ROUND::2026-09-06T14:30,BT12-MOSPI-MONTHLY,ROUND::2026-09-06T14:30,COVERAGE,VAYU-RI-PRIMARY,VAYU-P12-SENS-COV-02,SENS-COV-02,101.262053,101.143010,,-0.119043,-0.1176,-0.2303,-0.1769,0.0534,DOWN,DOWN,,15,15,1.000000000000,1.000000000000,,DIAGNOSTIC_COMPUTED,True,TWO_OF_FIFTEEN_ROUTES;27.3706_PERCENT_WEIGHT;NO_MISSING_ROUTE_IMPUTATION,phase12-v1
SENS::SENS-COV-03::ROUND::2026-09-06T14:30,BT12-MOSPI-MONTHLY,ROUND::2026-09-06T14:30,COVERAGE,VAYU-RI-PRIMARY,VAYU-P12-SENS-COV-03,SENS-COV-03,101.262053,,-0.002305670277,,,-0.2303,,,DOWN,,,15,15,1.000000000000,1.000000000000,,LOG_CONTRIBUTION_ONLY_NOT_A_FULL_BASKET_INDEX,True,TWO_OF_FIFTEEN_ROUTES;27.3706_PERCENT_WEIGHT;NO_MISSING_ROUTE_IMPUTATION,phase12-v1
SENS::SENS-COV-04::ROUND::2026-09-06T14:30,BT12-MOSPI-MONTHLY,ROUND::2026-09-06T14:30,COVERAGE,VAYU-RI-PRIMARY,VAYU-P12-SENS-COV-04,SENS-COV-04,101.262053,,,,,-0.2303,,,DOWN,,,15,0,1.000000000000,1.000000000000,,EXCLUDED_LOW_COVERAGE,True,TWO_OF_FIFTEEN_ROUTES;27.3706_PERCENT_WEIGHT;NO_MISSING_ROUTE_IMPUTATION;NO_PERIODS_PASS_80_PERCENT_GATE,phase12-v1
SENS::SENS-ANOM-01::ROUND::2026-09-06T14:30,BT12-MOSPI-MONTHLY,ROUND::2026-09-06T14:30,ANOMALY,VAYU-RI-PRIMARY,VAYU-RI-EXCL-REVIEW-HIGH,SENS-ANOM-01,101.262053,101.341378,,0.079325,0.000000,-0.2303,-0.2303,0.0000,DOWN,DOWN,NONE,15,15,1.000000000000,1.000000000000,0.000000,IDENTICAL_CORPUS_ARTEFACT_UNALIGNED_REVIEW_ONLY,True,REVIEW_OCCURS_ONLY_IN_UNALIGNED_ROUND_AND_DOES_NOT_ENTER_CHAIN,phase12-v1
SENS::SENS-COV-01::ROUND::2026-09-06T20:15,BT12-MOSPI-MONTHLY,ROUND::2026-09-06T20:15,COVERAGE,VAYU-RI-PRIMARY,VAYU-P12-SENS-COV-01,SENS-COV-01,101.445379,101.445379,,0.000000,0.000000,0.1810,0.1810,0.0000,UP,UP,,13,13,0.942810000000,0.942810000000,,PRIMARY_BASELINE_DIAGNOSTIC,True,TWO_OF_FIFTEEN_ROUTES;27.3706_PERCENT_WEIGHT;NO_MISSING_ROUTE_IMPUTATION,phase12-v1
SENS::SENS-COV-02::ROUND::2026-09-06T20:15,BT12-MOSPI-MONTHLY,ROUND::2026-09-06T20:15,COVERAGE,VAYU-RI-PRIMARY,VAYU-P12-SENS-COV-02,SENS-COV-02,101.445379,101.429733,,-0.015646,-0.0154,0.1810,0.2835,0.1025,UP,UP,,13,15,0.942810000000,0.942810000000,,DIAGNOSTIC_COMPUTED,True,TWO_OF_FIFTEEN_ROUTES;27.3706_PERCENT_WEIGHT;NO_MISSING_ROUTE_IMPUTATION,phase12-v1
SENS::SENS-COV-03::ROUND::2026-09-06T20:15,BT12-MOSPI-MONTHLY,ROUND::2026-09-06T20:15,COVERAGE,VAYU-RI-PRIMARY,VAYU-P12-SENS-COV-03,SENS-COV-03,101.445379,,0.001705325270,,,0.1810,,,UP,,,13,15,0.942810000000,0.942810000000,,LOG_CONTRIBUTION_ONLY_NOT_A_FULL_BASKET_INDEX,True,TWO_OF_FIFTEEN_ROUTES;27.3706_PERCENT_WEIGHT;NO_MISSING_ROUTE_IMPUTATION,phase12-v1
SENS::SENS-COV-04::ROUND::2026-09-06T20:15,BT12-MOSPI-MONTHLY,ROUND::2026-09-06T20:15,COVERAGE,VAYU-RI-PRIMARY,VAYU-P12-SENS-COV-04,SENS-COV-04,101.445379,,,,,0.1810,,,UP,,,13,0,0.942810000000,0.942810000000,,EXCLUDED_LOW_COVERAGE,True,TWO_OF_FIFTEEN_ROUTES;27.3706_PERCENT_WEIGHT;NO_MISSING_ROUTE_IMPUTATION;NO_PERIODS_PASS_80_PERCENT_GATE,phase12-v1
SENS::SENS-ANOM-01::ROUND::2026-09-06T20:15,BT12-MOSPI-MONTHLY,ROUND::2026-09-06T20:15,ANOMALY,VAYU-RI-PRIMARY,VAYU-RI-EXCL-REVIEW-HIGH,SENS-ANOM-01,101.445379,101.512875,,0.067496,0.000000,0.1810,0.1692,0.0000,UP,UP,NONE,13,13,0.942810000000,0.942810000000,0.000000,IDENTICAL_CORPUS_ARTEFACT_UNALIGNED_REVIEW_ONLY,True,REVIEW_OCCURS_ONLY_IN_UNALIGNED_ROUND_AND_DOES_NOT_ENTER_CHAIN,phase12-v1
SENS::SENS-COV-01::ROUND::2026-09-07T09:00,BT12-MOSPI-MONTHLY,ROUND::2026-09-07T09:00,COVERAGE,VAYU-RI-PRIMARY,VAYU-P12-SENS-COV-01,SENS-COV-01,101.522949,101.522949,,0.000000,0.000000,0.0765,0.0765,0.0000,UP,UP,,2,2,0.115298000000,0.115298000000,,PRIMARY_BASELINE_DIAGNOSTIC,True,TWO_OF_FIFTEEN_ROUTES;27.3706_PERCENT_WEIGHT;NO_MISSING_ROUTE_IMPUTATION,phase12-v1
SENS::SENS-COV-02::ROUND::2026-09-07T09:00,BT12-MOSPI-MONTHLY,ROUND::2026-09-07T09:00,COVERAGE,VAYU-RI-PRIMARY,VAYU-P12-SENS-COV-02,SENS-COV-02,101.522949,100.730230,,-0.792719,-0.7808,0.0765,-0.6896,-0.7661,UP,DOWN,,2,13,0.115298000000,0.115298000000,,DIAGNOSTIC_COMPUTED,True,TWO_OF_FIFTEEN_ROUTES;27.3706_PERCENT_WEIGHT;NO_MISSING_ROUTE_IMPUTATION,phase12-v1
SENS::SENS-COV-03::ROUND::2026-09-07T09:00,BT12-MOSPI-MONTHLY,ROUND::2026-09-07T09:00,COVERAGE,VAYU-RI-PRIMARY,VAYU-P12-SENS-COV-03,SENS-COV-03,101.522949,,0.000088129726,,,0.0765,,,UP,,,2,13,0.115298000000,0.115298000000,,LOG_CONTRIBUTION_ONLY_NOT_A_FULL_BASKET_INDEX,True,TWO_OF_FIFTEEN_ROUTES;27.3706_PERCENT_WEIGHT;NO_MISSING_ROUTE_IMPUTATION,phase12-v1
SENS::SENS-COV-04::ROUND::2026-09-07T09:00,BT12-MOSPI-MONTHLY,ROUND::2026-09-07T09:00,COVERAGE,VAYU-RI-PRIMARY,VAYU-P12-SENS-COV-04,SENS-COV-04,101.522949,,,,,0.0765,,,UP,,,2,0,0.115298000000,0.115298000000,,EXCLUDED_LOW_COVERAGE,True,TWO_OF_FIFTEEN_ROUTES;27.3706_PERCENT_WEIGHT;NO_MISSING_ROUTE_IMPUTATION;NO_PERIODS_PASS_80_PERCENT_GATE,phase12-v1
SENS::SENS-ANOM-01::ROUND::2026-09-07T09:00,BT12-MOSPI-MONTHLY,ROUND::2026-09-07T09:00,ANOMALY,VAYU-RI-PRIMARY,VAYU-RI-EXCL-REVIEW-HIGH,SENS-ANOM-01,101.522949,101.590498,,0.067549,0.000000,0.0765,0.0765,0.0000,UP,UP,NONE,2,2,0.115298000000,0.115298000000,0.000000,IDENTICAL_CORPUS_ARTEFACT_UNALIGNED_REVIEW_ONLY,True,REVIEW_OCCURS_ONLY_IN_UNALIGNED_ROUND_AND_DOES_NOT_ENTER_CHAIN,phase12-v1
SENS::SENS-COV-01::ROUND::2026-09-07T14:30,BT12-MOSPI-MONTHLY,ROUND::2026-09-07T14:30,COVERAGE,VAYU-RI-PRIMARY,VAYU-P12-SENS-COV-01,SENS-COV-01,101.522949,101.522949,,0.000000,0.000000,0.0000,0.0000,0.0000,ZERO,ZERO,,0,0,0E-12,0E-12,,PRIMARY_BASELINE_DIAGNOSTIC,True,TWO_OF_FIFTEEN_ROUTES;27.3706_PERCENT_WEIGHT;NO_MISSING_ROUTE_IMPUTATION,phase12-v1
SENS::SENS-COV-02::ROUND::2026-09-07T14:30,BT12-MOSPI-MONTHLY,ROUND::2026-09-07T14:30,COVERAGE,VAYU-RI-PRIMARY,VAYU-P12-SENS-COV-02,SENS-COV-02,101.522949,100.730230,,-0.792719,-0.7808,0.0000,0.0000,0.0000,ZERO,ZERO,,0,6,0E-12,0E-12,,DIAGNOSTIC_COMPUTED,True,TWO_OF_FIFTEEN_ROUTES;27.3706_PERCENT_WEIGHT;NO_MISSING_ROUTE_IMPUTATION,phase12-v1
SENS::SENS-COV-03::ROUND::2026-09-07T14:30,BT12-MOSPI-MONTHLY,ROUND::2026-09-07T14:30,COVERAGE,VAYU-RI-PRIMARY,VAYU-P12-SENS-COV-03,SENS-COV-03,101.522949,,0.000000000000,,,0.0000,,,ZERO,,,0,6,0E-12,0E-12,,LOG_CONTRIBUTION_ONLY_NOT_A_FULL_BASKET_INDEX,True,TWO_OF_FIFTEEN_ROUTES;27.3706_PERCENT_WEIGHT;NO_MISSING_ROUTE_IMPUTATION,phase12-v1
SENS::SENS-COV-04::ROUND::2026-09-07T14:30,BT12-MOSPI-MONTHLY,ROUND::2026-09-07T14:30,COVERAGE,VAYU-RI-PRIMARY,VAYU-P12-SENS-COV-04,SENS-COV-04,101.522949,,,,,0.0000,,,ZERO,,,0,0,0E-12,0E-12,,EXCLUDED_LOW_COVERAGE,True,TWO_OF_FIFTEEN_ROUTES;27.3706_PERCENT_WEIGHT;NO_MISSING_ROUTE_IMPUTATION;NO_PERIODS_PASS_80_PERCENT_GATE,phase12-v1
SENS::SENS-ANOM-01::ROUND::2026-09-07T14:30,BT12-MOSPI-MONTHLY,ROUND::2026-09-07T14:30,ANOMALY,VAYU-RI-PRIMARY,VAYU-RI-EXCL-REVIEW-HIGH,SENS-ANOM-01,101.522949,101.590498,,0.067549,0.000000,0.0000,0.0000,0.0000,ZERO,ZERO,NONE,0,0,0E-12,0E-12,0.000000,IDENTICAL_CORPUS_ARTEFACT_UNALIGNED_REVIEW_ONLY,True,REVIEW_OCCURS_ONLY_IN_UNALIGNED_ROUND_AND_DOES_NOT_ENTER_CHAIN,phase12-v1
SENS::SENS-COV-01::ROUND::2026-09-07T20:15,BT12-MOSPI-MONTHLY,ROUND::2026-09-07T20:15,COVERAGE,VAYU-RI-PRIMARY,VAYU-P12-SENS-COV-01,SENS-COV-01,101.522949,101.522949,,0.000000,0.000000,0.0000,0.0000,0.0000,ZERO,ZERO,,0,0,0E-12,0E-12,,PRIMARY_BASELINE_DIAGNOSTIC,True,TWO_OF_FIFTEEN_ROUTES;27.3706_PERCENT_WEIGHT;NO_MISSING_ROUTE_IMPUTATION,phase12-v1
SENS::SENS-COV-02::ROUND::2026-09-07T20:15,BT12-MOSPI-MONTHLY,ROUND::2026-09-07T20:15,COVERAGE,VAYU-RI-PRIMARY,VAYU-P12-SENS-COV-02,SENS-COV-02,101.522949,100.730230,,-0.792719,-0.7808,0.0000,0.0000,0.0000,ZERO,ZERO,,0,4,0E-12,0E-12,,DIAGNOSTIC_COMPUTED,True,TWO_OF_FIFTEEN_ROUTES;27.3706_PERCENT_WEIGHT;NO_MISSING_ROUTE_IMPUTATION,phase12-v1
SENS::SENS-COV-03::ROUND::2026-09-07T20:15,BT12-MOSPI-MONTHLY,ROUND::2026-09-07T20:15,COVERAGE,VAYU-RI-PRIMARY,VAYU-P12-SENS-COV-03,SENS-COV-03,101.522949,,0.000000000000,,,0.0000,,,ZERO,,,0,4,0E-12,0E-12,,LOG_CONTRIBUTION_ONLY_NOT_A_FULL_BASKET_INDEX,True,TWO_OF_FIFTEEN_ROUTES;27.3706_PERCENT_WEIGHT;NO_MISSING_ROUTE_IMPUTATION,phase12-v1
SENS::SENS-COV-04::ROUND::2026-09-07T20:15,BT12-MOSPI-MONTHLY,ROUND::2026-09-07T20:15,COVERAGE,VAYU-RI-PRIMARY,VAYU-P12-SENS-COV-04,SENS-COV-04,101.522949,,,,,0.0000,,,ZERO,,,0,0,0E-12,0E-12,,EXCLUDED_LOW_COVERAGE,True,TWO_OF_FIFTEEN_ROUTES;27.3706_PERCENT_WEIGHT;NO_MISSING_ROUTE_IMPUTATION;NO_PERIODS_PASS_80_PERCENT_GATE,phase12-v1
SENS::SENS-ANOM-01::ROUND::2026-09-07T20:15,BT12-MOSPI-MONTHLY,ROUND::2026-09-07T20:15,ANOMALY,VAYU-RI-PRIMARY,VAYU-RI-EXCL-REVIEW-HIGH,SENS-ANOM-01,101.522949,101.590498,,0.067549,0.000000,0.0000,0.0000,0.0000,ZERO,ZERO,NONE,0,0,0E-12,0E-12,0.000000,IDENTICAL_CORPUS_ARTEFACT_UNALIGNED_REVIEW_ONLY,True,REVIEW_OCCURS_ONLY_IN_UNALIGNED_ROUND_AND_DOES_NOT_ENTER_CHAIN,phase12-v1
SENS::SENS-COV-01::ROUND::2026-09-08T09:00,BT12-MOSPI-MONTHLY,ROUND::2026-09-08T09:00,COVERAGE,VAYU-RI-PRIMARY,VAYU-P12-SENS-COV-01,SENS-COV-01,101.522949,101.522949,,0.000000,0.000000,0.0000,0.0000,0.0000,ZERO,ZERO,,0,0,0E-12,0E-12,,PRIMARY_BASELINE_DIAGNOSTIC,True,TWO_OF_FIFTEEN_ROUTES;27.3706_PERCENT_WEIGHT;NO_MISSING_ROUTE_IMPUTATION,phase12-v1
SENS::SENS-COV-02::ROUND::2026-09-08T09:00,BT12-MOSPI-MONTHLY,ROUND::2026-09-08T09:00,COVERAGE,VAYU-RI-PRIMARY,VAYU-P12-SENS-COV-02,SENS-COV-02,101.522949,100.730230,,-0.792719,-0.7808,0.0000,0.0000,0.0000,ZERO,ZERO,,0,3,0E-12,0E-12,,DIAGNOSTIC_COMPUTED,True,TWO_OF_FIFTEEN_ROUTES;27.3706_PERCENT_WEIGHT;NO_MISSING_ROUTE_IMPUTATION,phase12-v1
SENS::SENS-COV-03::ROUND::2026-09-08T09:00,BT12-MOSPI-MONTHLY,ROUND::2026-09-08T09:00,COVERAGE,VAYU-RI-PRIMARY,VAYU-P12-SENS-COV-03,SENS-COV-03,101.522949,,0.000000000000,,,0.0000,,,ZERO,,,0,3,0E-12,0E-12,,LOG_CONTRIBUTION_ONLY_NOT_A_FULL_BASKET_INDEX,True,TWO_OF_FIFTEEN_ROUTES;27.3706_PERCENT_WEIGHT;NO_MISSING_ROUTE_IMPUTATION,phase12-v1
SENS::SENS-COV-04::ROUND::2026-09-08T09:00,BT12-MOSPI-MONTHLY,ROUND::2026-09-08T09:00,COVERAGE,VAYU-RI-PRIMARY,VAYU-P12-SENS-COV-04,SENS-COV-04,101.522949,,,,,0.0000,,,ZERO,,,0,0,0E-12,0E-12,,EXCLUDED_LOW_COVERAGE,True,TWO_OF_FIFTEEN_ROUTES;27.3706_PERCENT_WEIGHT;NO_MISSING_ROUTE_IMPUTATION;NO_PERIODS_PASS_80_PERCENT_GATE,phase12-v1
SENS::SENS-ANOM-01::ROUND::2026-09-08T09:00,BT12-MOSPI-MONTHLY,ROUND::2026-09-08T09:00,ANOMALY,VAYU-RI-PRIMARY,VAYU-RI-EXCL-REVIEW-HIGH,SENS-ANOM-01,101.522949,101.590498,,0.067549,0.000000,0.0000,0.0000,0.0000,ZERO,ZERO,NONE,0,0,0E-12,0E-12,0.000000,IDENTICAL_CORPUS_ARTEFACT_UNALIGNED_REVIEW_ONLY,True,REVIEW_OCCURS_ONLY_IN_UNALIGNED_ROUND_AND_DOES_NOT_ENTER_CHAIN,phase12-v1
SENS::SENS-COV-01::ROUND::2026-09-08T20:15,BT12-MOSPI-MONTHLY,ROUND::2026-09-08T20:15,COVERAGE,VAYU-RI-PRIMARY,VAYU-P12-SENS-COV-01,SENS-COV-01,101.522949,101.522949,,0.000000,0.000000,0.0000,0.0000,0.0000,ZERO,ZERO,,0,0,0E-12,0E-12,,PRIMARY_BASELINE_DIAGNOSTIC,True,TWO_OF_FIFTEEN_ROUTES;27.3706_PERCENT_WEIGHT;NO_MISSING_ROUTE_IMPUTATION,phase12-v1
SENS::SENS-COV-02::ROUND::2026-09-08T20:15,BT12-MOSPI-MONTHLY,ROUND::2026-09-08T20:15,COVERAGE,VAYU-RI-PRIMARY,VAYU-P12-SENS-COV-02,SENS-COV-02,101.522949,100.730230,,-0.792719,-0.7808,0.0000,0.0000,0.0000,ZERO,ZERO,,0,3,0E-12,0E-12,,DIAGNOSTIC_COMPUTED,True,TWO_OF_FIFTEEN_ROUTES;27.3706_PERCENT_WEIGHT;NO_MISSING_ROUTE_IMPUTATION,phase12-v1
SENS::SENS-COV-03::ROUND::2026-09-08T20:15,BT12-MOSPI-MONTHLY,ROUND::2026-09-08T20:15,COVERAGE,VAYU-RI-PRIMARY,VAYU-P12-SENS-COV-03,SENS-COV-03,101.522949,,0.000000000000,,,0.0000,,,ZERO,,,0,3,0E-12,0E-12,,LOG_CONTRIBUTION_ONLY_NOT_A_FULL_BASKET_INDEX,True,TWO_OF_FIFTEEN_ROUTES;27.3706_PERCENT_WEIGHT;NO_MISSING_ROUTE_IMPUTATION,phase12-v1
SENS::SENS-COV-04::ROUND::2026-09-08T20:15,BT12-MOSPI-MONTHLY,ROUND::2026-09-08T20:15,COVERAGE,VAYU-RI-PRIMARY,VAYU-P12-SENS-COV-04,SENS-COV-04,101.522949,,,,,0.0000,,,ZERO,,,0,0,0E-12,0E-12,,EXCLUDED_LOW_COVERAGE,True,TWO_OF_FIFTEEN_ROUTES;27.3706_PERCENT_WEIGHT;NO_MISSING_ROUTE_IMPUTATION;NO_PERIODS_PASS_80_PERCENT_GATE,phase12-v1
SENS::SENS-ANOM-01::ROUND::2026-09-08T20:15,BT12-MOSPI-MONTHLY,ROUND::2026-09-08T20:15,ANOMALY,VAYU-RI-PRIMARY,VAYU-RI-EXCL-REVIEW-HIGH,SENS-ANOM-01,101.522949,101.590498,,0.067549,0.000000,0.0000,0.0000,0.0000,ZERO,ZERO,NONE,0,0,0E-12,0E-12,0.000000,IDENTICAL_CORPUS_ARTEFACT_UNALIGNED_REVIEW_ONLY,True,REVIEW_OCCURS_ONLY_IN_UNALIGNED_ROUND_AND_DOES_NOT_ENTER_CHAIN,phase12-v1
SENS::SENS-COV-01::ROUND::2026-09-09T09:00,BT12-MOSPI-MONTHLY,ROUND::2026-09-09T09:00,COVERAGE,VAYU-RI-PRIMARY,VAYU-P12-SENS-COV-01,SENS-COV-01,101.522949,101.522949,,0.000000,0.000000,0.0000,0.0000,0.0000,ZERO,ZERO,,0,0,0E-12,0E-12,,PRIMARY_BASELINE_DIAGNOSTIC,True,TWO_OF_FIFTEEN_ROUTES;27.3706_PERCENT_WEIGHT;NO_MISSING_ROUTE_IMPUTATION,phase12-v1
SENS::SENS-COV-02::ROUND::2026-09-09T09:00,BT12-MOSPI-MONTHLY,ROUND::2026-09-09T09:00,COVERAGE,VAYU-RI-PRIMARY,VAYU-P12-SENS-COV-02,SENS-COV-02,101.522949,100.730230,,-0.792719,-0.7808,0.0000,0.0000,0.0000,ZERO,ZERO,,0,2,0E-12,0E-12,,DIAGNOSTIC_COMPUTED,True,TWO_OF_FIFTEEN_ROUTES;27.3706_PERCENT_WEIGHT;NO_MISSING_ROUTE_IMPUTATION,phase12-v1
SENS::SENS-COV-03::ROUND::2026-09-09T09:00,BT12-MOSPI-MONTHLY,ROUND::2026-09-09T09:00,COVERAGE,VAYU-RI-PRIMARY,VAYU-P12-SENS-COV-03,SENS-COV-03,101.522949,,0.000000000000,,,0.0000,,,ZERO,,,0,2,0E-12,0E-12,,LOG_CONTRIBUTION_ONLY_NOT_A_FULL_BASKET_INDEX,True,TWO_OF_FIFTEEN_ROUTES;27.3706_PERCENT_WEIGHT;NO_MISSING_ROUTE_IMPUTATION,phase12-v1
SENS::SENS-COV-04::ROUND::2026-09-09T09:00,BT12-MOSPI-MONTHLY,ROUND::2026-09-09T09:00,COVERAGE,VAYU-RI-PRIMARY,VAYU-P12-SENS-COV-04,SENS-COV-04,101.522949,,,,,0.0000,,,ZERO,,,0,0,0E-12,0E-12,,EXCLUDED_LOW_COVERAGE,True,TWO_OF_FIFTEEN_ROUTES;27.3706_PERCENT_WEIGHT;NO_MISSING_ROUTE_IMPUTATION;NO_PERIODS_PASS_80_PERCENT_GATE,phase12-v1
SENS::SENS-ANOM-01::ROUND::2026-09-09T09:00,BT12-MOSPI-MONTHLY,ROUND::2026-09-09T09:00,ANOMALY,VAYU-RI-PRIMARY,VAYU-RI-EXCL-REVIEW-HIGH,SENS-ANOM-01,101.522949,101.590498,,0.067549,0.000000,0.0000,0.0000,0.0000,ZERO,ZERO,NONE,0,0,0E-12,0E-12,0.000000,IDENTICAL_CORPUS_ARTEFACT_UNALIGNED_REVIEW_ONLY,True,REVIEW_OCCURS_ONLY_IN_UNALIGNED_ROUND_AND_DOES_NOT_ENTER_CHAIN,phase12-v1
SENS::SENS-COV-01::ROUND::2026-09-09T14:30,BT12-MOSPI-MONTHLY,ROUND::2026-09-09T14:30,COVERAGE,VAYU-RI-PRIMARY,VAYU-P12-SENS-COV-01,SENS-COV-01,101.522949,101.522949,,0.000000,0.000000,0.0000,0.0000,0.0000,ZERO,ZERO,,0,0,0E-12,0E-12,,PRIMARY_BASELINE_DIAGNOSTIC,True,TWO_OF_FIFTEEN_ROUTES;27.3706_PERCENT_WEIGHT;NO_MISSING_ROUTE_IMPUTATION,phase12-v1
SENS::SENS-COV-02::ROUND::2026-09-09T14:30,BT12-MOSPI-MONTHLY,ROUND::2026-09-09T14:30,COVERAGE,VAYU-RI-PRIMARY,VAYU-P12-SENS-COV-02,SENS-COV-02,101.522949,100.730230,,-0.792719,-0.7808,0.0000,0.0000,0.0000,ZERO,ZERO,,0,2,0E-12,0E-12,,DIAGNOSTIC_COMPUTED,True,TWO_OF_FIFTEEN_ROUTES;27.3706_PERCENT_WEIGHT;NO_MISSING_ROUTE_IMPUTATION,phase12-v1
SENS::SENS-COV-03::ROUND::2026-09-09T14:30,BT12-MOSPI-MONTHLY,ROUND::2026-09-09T14:30,COVERAGE,VAYU-RI-PRIMARY,VAYU-P12-SENS-COV-03,SENS-COV-03,101.522949,,0.000000000000,,,0.0000,,,ZERO,,,0,2,0E-12,0E-12,,LOG_CONTRIBUTION_ONLY_NOT_A_FULL_BASKET_INDEX,True,TWO_OF_FIFTEEN_ROUTES;27.3706_PERCENT_WEIGHT;NO_MISSING_ROUTE_IMPUTATION,phase12-v1
SENS::SENS-COV-04::ROUND::2026-09-09T14:30,BT12-MOSPI-MONTHLY,ROUND::2026-09-09T14:30,COVERAGE,VAYU-RI-PRIMARY,VAYU-P12-SENS-COV-04,SENS-COV-04,101.522949,,,,,0.0000,,,ZERO,,,0,0,0E-12,0E-12,,EXCLUDED_LOW_COVERAGE,True,TWO_OF_FIFTEEN_ROUTES;27.3706_PERCENT_WEIGHT;NO_MISSING_ROUTE_IMPUTATION;NO_PERIODS_PASS_80_PERCENT_GATE,phase12-v1
SENS::SENS-ANOM-01::ROUND::2026-09-09T14:30,BT12-MOSPI-MONTHLY,ROUND::2026-09-09T14:30,ANOMALY,VAYU-RI-PRIMARY,VAYU-RI-EXCL-REVIEW-HIGH,SENS-ANOM-01,101.522949,101.590498,,0.067549,0.000000,0.0000,0.0000,0.0000,ZERO,ZERO,NONE,0,0,0E-12,0E-12,0.000000,IDENTICAL_CORPUS_ARTEFACT_UNALIGNED_REVIEW_ONLY,True,REVIEW_OCCURS_ONLY_IN_UNALIGNED_ROUND_AND_DOES_NOT_ENTER_CHAIN,phase12-v1
SENS::SENS-COV-01::ROUND::2026-09-09T20:15,BT12-MOSPI-MONTHLY,ROUND::2026-09-09T20:15,COVERAGE,VAYU-RI-PRIMARY,VAYU-P12-SENS-COV-01,SENS-COV-01,101.522949,101.522949,,0.000000,0.000000,0.0000,0.0000,0.0000,ZERO,ZERO,,0,0,0E-12,0E-12,,PRIMARY_BASELINE_DIAGNOSTIC,True,TWO_OF_FIFTEEN_ROUTES;27.3706_PERCENT_WEIGHT;NO_MISSING_ROUTE_IMPUTATION,phase12-v1
SENS::SENS-COV-02::ROUND::2026-09-09T20:15,BT12-MOSPI-MONTHLY,ROUND::2026-09-09T20:15,COVERAGE,VAYU-RI-PRIMARY,VAYU-P12-SENS-COV-02,SENS-COV-02,101.522949,100.730230,,-0.792719,-0.7808,0.0000,0.0000,0.0000,ZERO,ZERO,,0,2,0E-12,0E-12,,DIAGNOSTIC_COMPUTED,True,TWO_OF_FIFTEEN_ROUTES;27.3706_PERCENT_WEIGHT;NO_MISSING_ROUTE_IMPUTATION,phase12-v1
SENS::SENS-COV-03::ROUND::2026-09-09T20:15,BT12-MOSPI-MONTHLY,ROUND::2026-09-09T20:15,COVERAGE,VAYU-RI-PRIMARY,VAYU-P12-SENS-COV-03,SENS-COV-03,101.522949,,0.000000000000,,,0.0000,,,ZERO,,,0,2,0E-12,0E-12,,LOG_CONTRIBUTION_ONLY_NOT_A_FULL_BASKET_INDEX,True,TWO_OF_FIFTEEN_ROUTES;27.3706_PERCENT_WEIGHT;NO_MISSING_ROUTE_IMPUTATION,phase12-v1
SENS::SENS-COV-04::ROUND::2026-09-09T20:15,BT12-MOSPI-MONTHLY,ROUND::2026-09-09T20:15,COVERAGE,VAYU-RI-PRIMARY,VAYU-P12-SENS-COV-04,SENS-COV-04,101.522949,,,,,0.0000,,,ZERO,,,0,0,0E-12,0E-12,,EXCLUDED_LOW_COVERAGE,True,TWO_OF_FIFTEEN_ROUTES;27.3706_PERCENT_WEIGHT;NO_MISSING_ROUTE_IMPUTATION;NO_PERIODS_PASS_80_PERCENT_GATE,phase12-v1
SENS::SENS-ANOM-01::ROUND::2026-09-09T20:15,BT12-MOSPI-MONTHLY,ROUND::2026-09-09T20:15,ANOMALY,VAYU-RI-PRIMARY,VAYU-RI-EXCL-REVIEW-HIGH,SENS-ANOM-01,101.522949,101.590498,,0.067549,0.000000,0.0000,0.0000,0.0000,ZERO,ZERO,NONE,0,0,0E-12,0E-12,0.000000,IDENTICAL_CORPUS_ARTEFACT_UNALIGNED_REVIEW_ONLY,True,REVIEW_OCCURS_ONLY_IN_UNALIGNED_ROUND_AND_DOES_NOT_ENTER_CHAIN,phase12-v1
