gate_record_id,gate_id,requirement,comparison_operator,required_value,observed_value,unit,gate_status,failure_reason,production_status,phase12_schema_version
P12-GATE::GATE-01,GATE-01,CONSECUTIVE_COLLECTION_DAYS,>=,30,5,days,FAIL,ONLY_THREE_SYNTHETIC_DAYS,PRODUCTION_BACKTEST_REQUIRED,phase12-v1
P12-GATE::GATE-02,GATE-02,VALID_ANCHORED_ROUNDS,>=,72,14,rounds,FAIL,NINE_OF_NINETY_ROUNDS,PRODUCTION_BACKTEST_REQUIRED,phase12-v1
P12-GATE::GATE-03,GATE-03,VALID_DAILY_PERIOD_ENDS,>=,24,4,days,FAIL,THREE_OF_THIRTY_DAYS,PRODUCTION_BACKTEST_REQUIRED,phase12-v1
P12-GATE::GATE-04,GATE-04,ROUTES_REPRESENTED,>=,12,2,routes,FAIL,TWO_OF_FIFTEEN_ROUTES,PRODUCTION_BACKTEST_REQUIRED,phase12-v1
P12-GATE::GATE-05,GATE-05,BASKET_WEIGHT_REPRESENTED,>=,80.0000,27.3706,percent,FAIL,BELOW_80_PERCENT,PRODUCTION_BACKTEST_REQUIRED,phase12-v1
P12-GATE::GATE-06,GATE-06,MATCHED_ITEMS_PER_CHAIN_LINK,>=,30,0,items,FAIL,MINIMUM_LINK_MATCH_COUNT,PRODUCTION_BACKTEST_REQUIRED,phase12-v1
P12-GATE::GATE-07,GATE-07,MATCHED_ITEMS_PER_CONTRIBUTING_ROUTE,>=,1,1,items,PASS,,PRODUCTION_BACKTEST_REQUIRED,phase12-v1
P12-GATE::GATE-08,GATE-08,VALID_OBSERVATIONS,>=,10000,3000,observations,FAIL,BELOW_10000,PRODUCTION_BACKTEST_REQUIRED,phase12-v1
P12-GATE::GATE-09,GATE-09,MAX_CONSECUTIVE_MISSING_DAYS,<=,2,NOT_EVALUABLE,days,NOT_EVALUABLE,NO_30_DAY_WINDOW,PRODUCTION_BACKTEST_REQUIRED,phase12-v1
P12-GATE::GATE-10,GATE-10,REAL_COLLECTED_AIRFARE_DATA,=,True,False,boolean,FAIL,SYNTHETIC_CORPUS,PRODUCTION_BACKTEST_REQUIRED,phase12-v1
