series_variant,index_series_id,index_inclusion_rule_id,collection_round_id,round_sort_key,round_alignment,link_sequence,link_id,is_base_period,base_round_id,base_round_sort_key,base_period_label,index_base_level,prev_round_id,chain_factor,index_level,index_change_pct_vs_prev_round,matched_product_count,entering_product_count,leaving_product_count,missing_product_count,excluded_product_count,anomaly_excluded_product_count,unpriced_product_count,eligible_product_count,basket_routes_represented,basket_routes_total,basket_weight_represented,basket_weight_missing,basket_coverage_pct,effective_weight_sum,renormalization_applied,coverage_status,none_count,info_count,review_count,high_count,aggregation_statistic,elementary_aggregation_statistic,weight_basis,weight_application,phase10_schema_version,phase11_schema_version
PRIMARY,VAYU-RI-PRIMARY,P11-INCL-01,ROUND::2026-09-05T09:00,2026-09-05 09:00,ANCHORED,0,,True,ROUND::2026-09-05T09:00,2026-09-05 09:00,2026-09-05 09:00,100.000000,,,100.000000,,0,0,0,0,0,0,0,198,15,15,1.000000000000,0E-12,100.0000,1.000000,False,FULL_BASKET_COVERAGE,141,54,3,0,WEIGHTED_JEVONS_CHAINED,UNWEIGHTED_JEVONS,DGCA_CONSERVATIVE_BIDIRECTIONAL_TRAFFIC,APPLIED_TO_LOG_PRICE_RELATIVES_NEVER_TO_PRICE_LEVELS,phase10-v1,phase11-v1
PRIMARY,VAYU-RI-PRIMARY,P11-INCL-01,ROUND::2026-09-05T14:30,2026-09-05 14:30,ANCHORED,1,LINK::ROUND::2026-09-05T09:00->ROUND::2026-09-05T14:30,False,ROUND::2026-09-05T09:00,2026-09-05 09:00,2026-09-05 09:00,100.000000,ROUND::2026-09-05T09:00,1.00258635,100.258635,0.2586,167,26,31,57,0,0,0,193,15,15,1.000000000000,0E-12,100.0000,1.000000,False,FULL_BASKET_COVERAGE,124,40,3,0,WEIGHTED_JEVONS_CHAINED,UNWEIGHTED_JEVONS,DGCA_CONSERVATIVE_BIDIRECTIONAL_TRAFFIC,APPLIED_TO_LOG_PRICE_RELATIVES_NEVER_TO_PRICE_LEVELS,phase10-v1,phase11-v1
PRIMARY,VAYU-RI-PRIMARY,P11-INCL-01,ROUND::2026-09-05T20:15,2026-09-05 20:15,ANCHORED,2,LINK::ROUND::2026-09-05T14:30->ROUND::2026-09-05T20:15,False,ROUND::2026-09-05T09:00,2026-09-05 09:00,2026-09-05 09:00,100.000000,ROUND::2026-09-05T14:30,0.99885755,100.144095,-0.1142,170,31,23,54,0,0,0,201,15,15,1.000000000000,0E-12,100.0000,1.000000,False,FULL_BASKET_COVERAGE,132,36,2,0,WEIGHTED_JEVONS_CHAINED,UNWEIGHTED_JEVONS,DGCA_CONSERVATIVE_BIDIRECTIONAL_TRAFFIC,APPLIED_TO_LOG_PRICE_RELATIVES_NEVER_TO_PRICE_LEVELS,phase10-v1,phase11-v1
PRIMARY,VAYU-RI-PRIMARY,P11-INCL-01,ROUND::2026-09-06T09:00,2026-09-06 09:00,ANCHORED,3,LINK::ROUND::2026-09-05T20:15->ROUND::2026-09-06T09:00,False,ROUND::2026-09-05T09:00,2026-09-05 09:00,2026-09-05 09:00,100.000000,ROUND::2026-09-05T20:15,1.01349760,101.495799,1.3498,174,22,27,49,0,0,0,196,15,15,1.000000000000,0E-12,100.0000,1.000000,False,FULL_BASKET_COVERAGE,130,44,0,0,WEIGHTED_JEVONS_CHAINED,UNWEIGHTED_JEVONS,DGCA_CONSERVATIVE_BIDIRECTIONAL_TRAFFIC,APPLIED_TO_LOG_PRICE_RELATIVES_NEVER_TO_PRICE_LEVELS,phase10-v1,phase11-v1
PRIMARY,VAYU-RI-PRIMARY,P11-INCL-01,ROUND::2026-09-06T14:30,2026-09-06 14:30,ANCHORED,4,LINK::ROUND::2026-09-06T09:00->ROUND::2026-09-06T14:30,False,ROUND::2026-09-05T09:00,2026-09-05 09:00,2026-09-05 09:00,100.000000,ROUND::2026-09-06T09:00,0.99769699,101.262053,-0.2303,173,27,23,50,0,0,0,200,15,15,1.000000000000,0E-12,100.0000,1.000000,False,FULL_BASKET_COVERAGE,128,45,0,0,WEIGHTED_JEVONS_CHAINED,UNWEIGHTED_JEVONS,DGCA_CONSERVATIVE_BIDIRECTIONAL_TRAFFIC,APPLIED_TO_LOG_PRICE_RELATIVES_NEVER_TO_PRICE_LEVELS,phase10-v1,phase11-v1
PRIMARY,VAYU-RI-PRIMARY,P11-INCL-01,ROUND::2026-09-06T20:15,2026-09-06 20:15,ANCHORED,5,LINK::ROUND::2026-09-06T14:30->ROUND::2026-09-06T20:15,False,ROUND::2026-09-05T09:00,2026-09-05 09:00,2026-09-05 09:00,100.000000,ROUND::2026-09-06T14:30,1.00181041,101.445379,0.1810,156,16,44,60,0,0,0,172,13,15,0.942810000000,0.057190000000,94.2810,1.000000,True,PARTIAL_COVERAGE_PROTOTYPE,119,36,1,0,WEIGHTED_JEVONS_CHAINED,UNWEIGHTED_JEVONS,DGCA_CONSERVATIVE_BIDIRECTIONAL_TRAFFIC,APPLIED_TO_LOG_PRICE_RELATIVES_NEVER_TO_PRICE_LEVELS,phase10-v1,phase11-v1
PRIMARY,VAYU-RI-PRIMARY,P11-INCL-01,ROUND::2026-09-07T09:00,2026-09-07 09:00,ANCHORED,6,LINK::ROUND::2026-09-06T20:15->ROUND::2026-09-07T09:00,False,ROUND::2026-09-05T09:00,2026-09-05 09:00,2026-09-05 09:00,100.000000,ROUND::2026-09-06T20:15,1.00076465,101.522949,0.0765,2,0,170,170,0,0,0,2,2,15,0.115298000000,0.884702000000,11.5298,1.000000,True,PARTIAL_COVERAGE_PROTOTYPE,0,2,0,0,WEIGHTED_JEVONS_CHAINED,UNWEIGHTED_JEVONS,DGCA_CONSERVATIVE_BIDIRECTIONAL_TRAFFIC,APPLIED_TO_LOG_PRICE_RELATIVES_NEVER_TO_PRICE_LEVELS,phase10-v1,phase11-v1
PRIMARY,VAYU-RI-PRIMARY,P11-INCL-01,ROUND::2026-09-07T14:30,2026-09-07 14:30,ANCHORED,7,LINK::ROUND::2026-09-07T09:00->ROUND::2026-09-07T14:30,False,ROUND::2026-09-05T09:00,2026-09-05 09:00,2026-09-05 09:00,100.000000,ROUND::2026-09-07T09:00,,101.522949,0.0000,0,4,2,6,0,0,0,4,0,15,0E-12,1.000000000000,0.0000,0.000000,False,NO_BASKET_COVERAGE,0,0,0,0,WEIGHTED_JEVONS_CHAINED,UNWEIGHTED_JEVONS,DGCA_CONSERVATIVE_BIDIRECTIONAL_TRAFFIC,APPLIED_TO_LOG_PRICE_RELATIVES_NEVER_TO_PRICE_LEVELS,phase10-v1,phase11-v1
PRIMARY,VAYU-RI-PRIMARY,P11-INCL-01,ROUND::2026-09-07T20:15,2026-09-07 20:15,ANCHORED,8,LINK::ROUND::2026-09-07T14:30->ROUND::2026-09-07T20:15,False,ROUND::2026-09-05T09:00,2026-09-05 09:00,2026-09-05 09:00,100.000000,ROUND::2026-09-07T14:30,,101.522949,0.0000,0,1,4,5,0,0,0,1,0,15,0E-12,1.000000000000,0.0000,0.000000,False,NO_BASKET_COVERAGE,0,0,0,0,WEIGHTED_JEVONS_CHAINED,UNWEIGHTED_JEVONS,DGCA_CONSERVATIVE_BIDIRECTIONAL_TRAFFIC,APPLIED_TO_LOG_PRICE_RELATIVES_NEVER_TO_PRICE_LEVELS,phase10-v1,phase11-v1
PRIMARY,VAYU-RI-PRIMARY,P11-INCL-01,ROUND::2026-09-08T09:00,2026-09-08 09:00,ANCHORED,9,LINK::ROUND::2026-09-07T20:15->ROUND::2026-09-08T09:00,False,ROUND::2026-09-05T09:00,2026-09-05 09:00,2026-09-05 09:00,100.000000,ROUND::2026-09-07T20:15,,101.522949,0.0000,0,2,1,3,0,0,0,2,0,15,0E-12,1.000000000000,0.0000,0.000000,False,NO_BASKET_COVERAGE,0,0,0,0,WEIGHTED_JEVONS_CHAINED,UNWEIGHTED_JEVONS,DGCA_CONSERVATIVE_BIDIRECTIONAL_TRAFFIC,APPLIED_TO_LOG_PRICE_RELATIVES_NEVER_TO_PRICE_LEVELS,phase10-v1,phase11-v1
PRIMARY,VAYU-RI-PRIMARY,P11-INCL-01,ROUND::2026-09-08T20:15,2026-09-08 20:15,ANCHORED,10,LINK::ROUND::2026-09-08T09:00->ROUND::2026-09-08T20:15,False,ROUND::2026-09-05T09:00,2026-09-05 09:00,2026-09-05 09:00,100.000000,ROUND::2026-09-08T09:00,,101.522949,0.0000,0,1,2,3,0,0,0,1,0,15,0E-12,1.000000000000,0.0000,0.000000,False,NO_BASKET_COVERAGE,0,0,0,0,WEIGHTED_JEVONS_CHAINED,UNWEIGHTED_JEVONS,DGCA_CONSERVATIVE_BIDIRECTIONAL_TRAFFIC,APPLIED_TO_LOG_PRICE_RELATIVES_NEVER_TO_PRICE_LEVELS,phase10-v1,phase11-v1
PRIMARY,VAYU-RI-PRIMARY,P11-INCL-01,ROUND::2026-09-09T09:00,2026-09-09 09:00,ANCHORED,11,LINK::ROUND::2026-09-08T20:15->ROUND::2026-09-09T09:00,False,ROUND::2026-09-05T09:00,2026-09-05 09:00,2026-09-05 09:00,100.000000,ROUND::2026-09-08T20:15,,101.522949,0.0000,0,1,1,2,0,0,0,1,0,15,0E-12,1.000000000000,0.0000,0.000000,False,NO_BASKET_COVERAGE,0,0,0,0,WEIGHTED_JEVONS_CHAINED,UNWEIGHTED_JEVONS,DGCA_CONSERVATIVE_BIDIRECTIONAL_TRAFFIC,APPLIED_TO_LOG_PRICE_RELATIVES_NEVER_TO_PRICE_LEVELS,phase10-v1,phase11-v1
PRIMARY,VAYU-RI-PRIMARY,P11-INCL-01,ROUND::2026-09-09T14:30,2026-09-09 14:30,ANCHORED,12,LINK::ROUND::2026-09-09T09:00->ROUND::2026-09-09T14:30,False,ROUND::2026-09-05T09:00,2026-09-05 09:00,2026-09-05 09:00,100.000000,ROUND::2026-09-09T09:00,,101.522949,0.0000,0,1,1,2,0,0,0,1,0,15,0E-12,1.000000000000,0.0000,0.000000,False,NO_BASKET_COVERAGE,0,0,0,0,WEIGHTED_JEVONS_CHAINED,UNWEIGHTED_JEVONS,DGCA_CONSERVATIVE_BIDIRECTIONAL_TRAFFIC,APPLIED_TO_LOG_PRICE_RELATIVES_NEVER_TO_PRICE_LEVELS,phase10-v1,phase11-v1
PRIMARY,VAYU-RI-PRIMARY,P11-INCL-01,ROUND::2026-09-09T20:15,2026-09-09 20:15,ANCHORED,13,LINK::ROUND::2026-09-09T14:30->ROUND::2026-09-09T20:15,False,ROUND::2026-09-05T09:00,2026-09-05 09:00,2026-09-05 09:00,100.000000,ROUND::2026-09-09T14:30,,101.522949,0.0000,0,1,1,2,0,0,0,1,0,15,0E-12,1.000000000000,0.0000,0.000000,False,NO_BASKET_COVERAGE,0,0,0,0,WEIGHTED_JEVONS_CHAINED,UNWEIGHTED_JEVONS,DGCA_CONSERVATIVE_BIDIRECTIONAL_TRAFFIC,APPLIED_TO_LOG_PRICE_RELATIVES_NEVER_TO_PRICE_LEVELS,phase10-v1,phase11-v1
EXCL_REVIEW_HIGH,VAYU-RI-EXCL-REVIEW-HIGH,P11-INCL-02,ROUND::2026-09-05T09:00,2026-09-05 09:00,ANCHORED,0,,True,ROUND::2026-09-05T09:00,2026-09-05 09:00,2026-09-05 09:00,100.000000,,,100.000000,,0,0,0,0,0,3,0,195,15,15,1.000000000000,0E-12,100.0000,1.000000,False,FULL_BASKET_COVERAGE,141,54,0,0,WEIGHTED_JEVONS_CHAINED,UNWEIGHTED_JEVONS,DGCA_CONSERVATIVE_BIDIRECTIONAL_TRAFFIC,APPLIED_TO_LOG_PRICE_RELATIVES_NEVER_TO_PRICE_LEVELS,phase10-v1,phase11-v1
EXCL_REVIEW_HIGH,VAYU-RI-EXCL-REVIEW-HIGH,P11-INCL-02,ROUND::2026-09-05T14:30,2026-09-05 14:30,ANCHORED,1,LINK::ROUND::2026-09-05T09:00->ROUND::2026-09-05T14:30,False,ROUND::2026-09-05T09:00,2026-09-05 09:00,2026-09-05 09:00,100.000000,ROUND::2026-09-05T09:00,1.00367251,100.367251,0.3673,162,28,33,61,0,3,0,190,15,15,1.000000000000,0E-12,100.0000,1.000000,False,FULL_BASKET_COVERAGE,123,39,0,0,WEIGHTED_JEVONS_CHAINED,UNWEIGHTED_JEVONS,DGCA_CONSERVATIVE_BIDIRECTIONAL_TRAFFIC,APPLIED_TO_LOG_PRICE_RELATIVES_NEVER_TO_PRICE_LEVELS,phase10-v1,phase11-v1
EXCL_REVIEW_HIGH,VAYU-RI-EXCL-REVIEW-HIGH,P11-INCL-02,ROUND::2026-09-05T20:15,2026-09-05 20:15,ANCHORED,2,LINK::ROUND::2026-09-05T14:30->ROUND::2026-09-05T20:15,False,ROUND::2026-09-05T09:00,2026-09-05 09:00,2026-09-05 09:00,100.000000,ROUND::2026-09-05T14:30,0.99855822,100.222544,-0.1442,166,33,24,57,0,2,0,199,15,15,1.000000000000,0E-12,100.0000,1.000000,False,FULL_BASKET_COVERAGE,131,35,0,0,WEIGHTED_JEVONS_CHAINED,UNWEIGHTED_JEVONS,DGCA_CONSERVATIVE_BIDIRECTIONAL_TRAFFIC,APPLIED_TO_LOG_PRICE_RELATIVES_NEVER_TO_PRICE_LEVELS,phase10-v1,phase11-v1
EXCL_REVIEW_HIGH,VAYU-RI-EXCL-REVIEW-HIGH,P11-INCL-02,ROUND::2026-09-06T09:00,2026-09-06 09:00,ANCHORED,3,LINK::ROUND::2026-09-05T20:15->ROUND::2026-09-06T09:00,False,ROUND::2026-09-05T09:00,2026-09-05 09:00,2026-09-05 09:00,100.000000,ROUND::2026-09-05T20:15,1.01349760,101.575307,1.3498,174,22,25,47,0,0,0,196,15,15,1.000000000000,0E-12,100.0000,1.000000,False,FULL_BASKET_COVERAGE,130,44,0,0,WEIGHTED_JEVONS_CHAINED,UNWEIGHTED_JEVONS,DGCA_CONSERVATIVE_BIDIRECTIONAL_TRAFFIC,APPLIED_TO_LOG_PRICE_RELATIVES_NEVER_TO_PRICE_LEVELS,phase10-v1,phase11-v1
EXCL_REVIEW_HIGH,VAYU-RI-EXCL-REVIEW-HIGH,P11-INCL-02,ROUND::2026-09-06T14:30,2026-09-06 14:30,ANCHORED,4,LINK::ROUND::2026-09-06T09:00->ROUND::2026-09-06T14:30,False,ROUND::2026-09-05T09:00,2026-09-05 09:00,2026-09-05 09:00,100.000000,ROUND::2026-09-06T09:00,0.99769699,101.341378,-0.2303,173,27,23,50,0,0,0,200,15,15,1.000000000000,0E-12,100.0000,1.000000,False,FULL_BASKET_COVERAGE,128,45,0,0,WEIGHTED_JEVONS_CHAINED,UNWEIGHTED_JEVONS,DGCA_CONSERVATIVE_BIDIRECTIONAL_TRAFFIC,APPLIED_TO_LOG_PRICE_RELATIVES_NEVER_TO_PRICE_LEVELS,phase10-v1,phase11-v1
EXCL_REVIEW_HIGH,VAYU-RI-EXCL-REVIEW-HIGH,P11-INCL-02,ROUND::2026-09-06T20:15,2026-09-06 20:15,ANCHORED,5,LINK::ROUND::2026-09-06T14:30->ROUND::2026-09-06T20:15,False,ROUND::2026-09-05T09:00,2026-09-05 09:00,2026-09-05 09:00,100.000000,ROUND::2026-09-06T14:30,1.00169228,101.512875,0.1692,155,15,45,60,0,2,0,170,13,15,0.942810000000,0.057190000000,94.2810,1.000000,True,PARTIAL_COVERAGE_PROTOTYPE,119,36,0,0,WEIGHTED_JEVONS_CHAINED,UNWEIGHTED_JEVONS,DGCA_CONSERVATIVE_BIDIRECTIONAL_TRAFFIC,APPLIED_TO_LOG_PRICE_RELATIVES_NEVER_TO_PRICE_LEVELS,phase10-v1,phase11-v1
EXCL_REVIEW_HIGH,VAYU-RI-EXCL-REVIEW-HIGH,P11-INCL-02,ROUND::2026-09-07T09:00,2026-09-07 09:00,ANCHORED,6,LINK::ROUND::2026-09-06T20:15->ROUND::2026-09-07T09:00,False,ROUND::2026-09-05T09:00,2026-09-05 09:00,2026-09-05 09:00,100.000000,ROUND::2026-09-06T20:15,1.00076465,101.590498,0.0765,2,0,168,168,0,0,0,2,2,15,0.115298000000,0.884702000000,11.5298,1.000000,True,PARTIAL_COVERAGE_PROTOTYPE,0,2,0,0,WEIGHTED_JEVONS_CHAINED,UNWEIGHTED_JEVONS,DGCA_CONSERVATIVE_BIDIRECTIONAL_TRAFFIC,APPLIED_TO_LOG_PRICE_RELATIVES_NEVER_TO_PRICE_LEVELS,phase10-v1,phase11-v1
EXCL_REVIEW_HIGH,VAYU-RI-EXCL-REVIEW-HIGH,P11-INCL-02,ROUND::2026-09-07T14:30,2026-09-07 14:30,ANCHORED,7,LINK::ROUND::2026-09-07T09:00->ROUND::2026-09-07T14:30,False,ROUND::2026-09-05T09:00,2026-09-05 09:00,2026-09-05 09:00,100.000000,ROUND::2026-09-07T09:00,,101.590498,0.0000,0,4,2,6,0,0,0,4,0,15,0E-12,1.000000000000,0.0000,0.000000,False,NO_BASKET_COVERAGE,0,0,0,0,WEIGHTED_JEVONS_CHAINED,UNWEIGHTED_JEVONS,DGCA_CONSERVATIVE_BIDIRECTIONAL_TRAFFIC,APPLIED_TO_LOG_PRICE_RELATIVES_NEVER_TO_PRICE_LEVELS,phase10-v1,phase11-v1
EXCL_REVIEW_HIGH,VAYU-RI-EXCL-REVIEW-HIGH,P11-INCL-02,ROUND::2026-09-07T20:15,2026-09-07 20:15,ANCHORED,8,LINK::ROUND::2026-09-07T14:30->ROUND::2026-09-07T20:15,False,ROUND::2026-09-05T09:00,2026-09-05 09:00,2026-09-05 09:00,100.000000,ROUND::2026-09-07T14:30,,101.590498,0.0000,0,1,4,5,0,0,0,1,0,15,0E-12,1.000000000000,0.0000,0.000000,False,NO_BASKET_COVERAGE,0,0,0,0,WEIGHTED_JEVONS_CHAINED,UNWEIGHTED_JEVONS,DGCA_CONSERVATIVE_BIDIRECTIONAL_TRAFFIC,APPLIED_TO_LOG_PRICE_RELATIVES_NEVER_TO_PRICE_LEVELS,phase10-v1,phase11-v1
EXCL_REVIEW_HIGH,VAYU-RI-EXCL-REVIEW-HIGH,P11-INCL-02,ROUND::2026-09-08T09:00,2026-09-08 09:00,ANCHORED,9,LINK::ROUND::2026-09-07T20:15->ROUND::2026-09-08T09:00,False,ROUND::2026-09-05T09:00,2026-09-05 09:00,2026-09-05 09:00,100.000000,ROUND::2026-09-07T20:15,,101.590498,0.0000,0,2,1,3,0,0,0,2,0,15,0E-12,1.000000000000,0.0000,0.000000,False,NO_BASKET_COVERAGE,0,0,0,0,WEIGHTED_JEVONS_CHAINED,UNWEIGHTED_JEVONS,DGCA_CONSERVATIVE_BIDIRECTIONAL_TRAFFIC,APPLIED_TO_LOG_PRICE_RELATIVES_NEVER_TO_PRICE_LEVELS,phase10-v1,phase11-v1
EXCL_REVIEW_HIGH,VAYU-RI-EXCL-REVIEW-HIGH,P11-INCL-02,ROUND::2026-09-08T20:15,2026-09-08 20:15,ANCHORED,10,LINK::ROUND::2026-09-08T09:00->ROUND::2026-09-08T20:15,False,ROUND::2026-09-05T09:00,2026-09-05 09:00,2026-09-05 09:00,100.000000,ROUND::2026-09-08T09:00,,101.590498,0.0000,0,1,2,3,0,0,0,1,0,15,0E-12,1.000000000000,0.0000,0.000000,False,NO_BASKET_COVERAGE,0,0,0,0,WEIGHTED_JEVONS_CHAINED,UNWEIGHTED_JEVONS,DGCA_CONSERVATIVE_BIDIRECTIONAL_TRAFFIC,APPLIED_TO_LOG_PRICE_RELATIVES_NEVER_TO_PRICE_LEVELS,phase10-v1,phase11-v1
EXCL_REVIEW_HIGH,VAYU-RI-EXCL-REVIEW-HIGH,P11-INCL-02,ROUND::2026-09-09T09:00,2026-09-09 09:00,ANCHORED,11,LINK::ROUND::2026-09-08T20:15->ROUND::2026-09-09T09:00,False,ROUND::2026-09-05T09:00,2026-09-05 09:00,2026-09-05 09:00,100.000000,ROUND::2026-09-08T20:15,,101.590498,0.0000,0,1,1,2,0,0,0,1,0,15,0E-12,1.000000000000,0.0000,0.000000,False,NO_BASKET_COVERAGE,0,0,0,0,WEIGHTED_JEVONS_CHAINED,UNWEIGHTED_JEVONS,DGCA_CONSERVATIVE_BIDIRECTIONAL_TRAFFIC,APPLIED_TO_LOG_PRICE_RELATIVES_NEVER_TO_PRICE_LEVELS,phase10-v1,phase11-v1
EXCL_REVIEW_HIGH,VAYU-RI-EXCL-REVIEW-HIGH,P11-INCL-02,ROUND::2026-09-09T14:30,2026-09-09 14:30,ANCHORED,12,LINK::ROUND::2026-09-09T09:00->ROUND::2026-09-09T14:30,False,ROUND::2026-09-05T09:00,2026-09-05 09:00,2026-09-05 09:00,100.000000,ROUND::2026-09-09T09:00,,101.590498,0.0000,0,1,1,2,0,0,0,1,0,15,0E-12,1.000000000000,0.0000,0.000000,False,NO_BASKET_COVERAGE,0,0,0,0,WEIGHTED_JEVONS_CHAINED,UNWEIGHTED_JEVONS,DGCA_CONSERVATIVE_BIDIRECTIONAL_TRAFFIC,APPLIED_TO_LOG_PRICE_RELATIVES_NEVER_TO_PRICE_LEVELS,phase10-v1,phase11-v1
EXCL_REVIEW_HIGH,VAYU-RI-EXCL-REVIEW-HIGH,P11-INCL-02,ROUND::2026-09-09T20:15,2026-09-09 20:15,ANCHORED,13,LINK::ROUND::2026-09-09T14:30->ROUND::2026-09-09T20:15,False,ROUND::2026-09-05T09:00,2026-09-05 09:00,2026-09-05 09:00,100.000000,ROUND::2026-09-09T14:30,,101.590498,0.0000,0,1,1,2,0,0,0,1,0,15,0E-12,1.000000000000,0.0000,0.000000,False,NO_BASKET_COVERAGE,0,0,0,0,WEIGHTED_JEVONS_CHAINED,UNWEIGHTED_JEVONS,DGCA_CONSERVATIVE_BIDIRECTIONAL_TRAFFIC,APPLIED_TO_LOG_PRICE_RELATIVES_NEVER_TO_PRICE_LEVELS,phase10-v1,phase11-v1
