comparison_row_id,backtest_id,period_grain,period_id,vayu_source_file,vayu_source_row_key,vayu_series_variant,vayu_original_level,vayu_period_is_partial,vayu_round_count,vayu_expected_round_count,vayu_coverage_pct,reference_source_file,reference_source_row_key,reference_series_id,reference_original_level,period_match_status,period_exclusion_reason,comparison_base_period,vayu_rebased_level,reference_rebased_level,vayu_change_pct,reference_change_pct,change_difference_pp,level_difference_rebased,direction_vayu,direction_reference,direction_match_status,phase12_schema_version
PCOMP::2025-01,BT12-MOSPI-MONTHLY,MONTHLY,2025-01,,,,,,,,,data/official/mospi/processed/mospi_airfare_cpi.csv,2025-01-01,MOSPI-AIRFARE-CPI-07331201,115.05,REFERENCE_ONLY_NO_VAYU_PERIOD,NO_OVERLAPPING_COMPLETE_PERIODS,,,,,,,,,,,phase12-v1
PCOMP::2025-02,BT12-MOSPI-MONTHLY,MONTHLY,2025-02,,,,,,,,,data/official/mospi/processed/mospi_airfare_cpi.csv,2025-02-01,MOSPI-AIRFARE-CPI-07331201,131.66,REFERENCE_ONLY_NO_VAYU_PERIOD,NO_OVERLAPPING_COMPLETE_PERIODS,,,,,,,,,,,phase12-v1
PCOMP::2025-03,BT12-MOSPI-MONTHLY,MONTHLY,2025-03,,,,,,,,,data/official/mospi/processed/mospi_airfare_cpi.csv,2025-03-01,MOSPI-AIRFARE-CPI-07331201,108.19,REFERENCE_ONLY_NO_VAYU_PERIOD,NO_OVERLAPPING_COMPLETE_PERIODS,,,,,,,,,,,phase12-v1
PCOMP::2025-04,BT12-MOSPI-MONTHLY,MONTHLY,2025-04,,,,,,,,,data/official/mospi/processed/mospi_airfare_cpi.csv,2025-04-01,MOSPI-AIRFARE-CPI-07331201,110.94,REFERENCE_ONLY_NO_VAYU_PERIOD,NO_OVERLAPPING_COMPLETE_PERIODS,,,,,,,,,,,phase12-v1
PCOMP::2025-05,BT12-MOSPI-MONTHLY,MONTHLY,2025-05,,,,,,,,,data/official/mospi/processed/mospi_airfare_cpi.csv,2025-05-01,MOSPI-AIRFARE-CPI-07331201,110.92,REFERENCE_ONLY_NO_VAYU_PERIOD,NO_OVERLAPPING_COMPLETE_PERIODS,,,,,,,,,,,phase12-v1
PCOMP::2025-06,BT12-MOSPI-MONTHLY,MONTHLY,2025-06,,,,,,,,,data/official/mospi/processed/mospi_airfare_cpi.csv,2025-06-01,MOSPI-AIRFARE-CPI-07331201,114.48,REFERENCE_ONLY_NO_VAYU_PERIOD,NO_OVERLAPPING_COMPLETE_PERIODS,,,,,,,,,,,phase12-v1
PCOMP::2025-07,BT12-MOSPI-MONTHLY,MONTHLY,2025-07,,,,,,,,,data/official/mospi/processed/mospi_airfare_cpi.csv,2025-07-01,MOSPI-AIRFARE-CPI-07331201,102.05,REFERENCE_ONLY_NO_VAYU_PERIOD,NO_OVERLAPPING_COMPLETE_PERIODS,,,,,,,,,,,phase12-v1
PCOMP::2025-08,BT12-MOSPI-MONTHLY,MONTHLY,2025-08,,,,,,,,,data/official/mospi/processed/mospi_airfare_cpi.csv,2025-08-01,MOSPI-AIRFARE-CPI-07331201,112.11,REFERENCE_ONLY_NO_VAYU_PERIOD,NO_OVERLAPPING_COMPLETE_PERIODS,,,,,,,,,,,phase12-v1
PCOMP::2025-09,BT12-MOSPI-MONTHLY,MONTHLY,2025-09,,,,,,,,,data/official/mospi/processed/mospi_airfare_cpi.csv,2025-09-01,MOSPI-AIRFARE-CPI-07331201,105.22,REFERENCE_ONLY_NO_VAYU_PERIOD,NO_OVERLAPPING_COMPLETE_PERIODS,,,,,,,,,,,phase12-v1
PCOMP::2025-10,BT12-MOSPI-MONTHLY,MONTHLY,2025-10,,,,,,,,,data/official/mospi/processed/mospi_airfare_cpi.csv,2025-10-01,MOSPI-AIRFARE-CPI-07331201,108.19,REFERENCE_ONLY_NO_VAYU_PERIOD,NO_OVERLAPPING_COMPLETE_PERIODS,,,,,,,,,,,phase12-v1
PCOMP::2025-11,BT12-MOSPI-MONTHLY,MONTHLY,2025-11,,,,,,,,,data/official/mospi/processed/mospi_airfare_cpi.csv,2025-11-01,MOSPI-AIRFARE-CPI-07331201,121.45,REFERENCE_ONLY_NO_VAYU_PERIOD,NO_OVERLAPPING_COMPLETE_PERIODS,,,,,,,,,,,phase12-v1
PCOMP::2025-12,BT12-MOSPI-MONTHLY,MONTHLY,2025-12,,,,,,,,,data/official/mospi/processed/mospi_airfare_cpi.csv,2025-12-01,MOSPI-AIRFARE-CPI-07331201,124.23,REFERENCE_ONLY_NO_VAYU_PERIOD,NO_OVERLAPPING_COMPLETE_PERIODS,,,,,,,,,,,phase12-v1
PCOMP::2026-01,BT12-MOSPI-MONTHLY,MONTHLY,2026-01,,,,,,,,,data/official/mospi/processed/mospi_airfare_cpi.csv,2026-01-01,MOSPI-AIRFARE-CPI-07331201,122.71,REFERENCE_ONLY_NO_VAYU_PERIOD,NO_OVERLAPPING_COMPLETE_PERIODS,,,,,,,,,,,phase12-v1
PCOMP::2026-02,BT12-MOSPI-MONTHLY,MONTHLY,2026-02,,,,,,,,,data/official/mospi/processed/mospi_airfare_cpi.csv,2026-02-01,MOSPI-AIRFARE-CPI-07331201,122.43,REFERENCE_ONLY_NO_VAYU_PERIOD,NO_OVERLAPPING_COMPLETE_PERIODS,,,,,,,,,,,phase12-v1
PCOMP::2026-03,BT12-MOSPI-MONTHLY,MONTHLY,2026-03,,,,,,,,,data/official/mospi/processed/mospi_airfare_cpi.csv,2026-03-01,MOSPI-AIRFARE-CPI-07331201,123.55,REFERENCE_ONLY_NO_VAYU_PERIOD,NO_OVERLAPPING_COMPLETE_PERIODS,,,,,,,,,,,phase12-v1
PCOMP::2026-04,BT12-MOSPI-MONTHLY,MONTHLY,2026-04,,,,,,,,,data/official/mospi/processed/mospi_airfare_cpi.csv,2026-04-01,MOSPI-AIRFARE-CPI-07331201,123.27,REFERENCE_ONLY_NO_VAYU_PERIOD,NO_OVERLAPPING_COMPLETE_PERIODS,,,,,,,,,,,phase12-v1
PCOMP::2026-05,BT12-MOSPI-MONTHLY,MONTHLY,2026-05,,,,,,,,,data/official/mospi/processed/mospi_airfare_cpi.csv,2026-05-01,MOSPI-AIRFARE-CPI-07331201,127.62,REFERENCE_ONLY_NO_VAYU_PERIOD,NO_OVERLAPPING_COMPLETE_PERIODS,,,,,,,,,,,phase12-v1
PCOMP::2026-06,BT12-MOSPI-MONTHLY,MONTHLY,2026-06,,,,,,,,,data/official/mospi/processed/mospi_airfare_cpi.csv,2026-06-01,MOSPI-AIRFARE-CPI-07331201,126.09,REFERENCE_ONLY_NO_VAYU_PERIOD,NO_OVERLAPPING_COMPLETE_PERIODS,,,,,,,,,,,phase12-v1
PCOMP::2026-07,BT12-MOSPI-MONTHLY,MONTHLY,2026-07,,,,,,,,,data/official/mospi/processed/mospi_airfare_cpi.csv,2026-07-01,MOSPI-AIRFARE-CPI-07331201,125.46,REFERENCE_ONLY_NO_VAYU_PERIOD,NO_OVERLAPPING_COMPLETE_PERIODS,,,,,,,,,,,phase12-v1
PCOMP::2026-09,BT12-MOSPI-MONTHLY,MONTHLY,2026-09,outputs/phase11_period_index.csv,PRIMARY|MONTHLY|2026-09,PRIMARY,101.522949,True,14,90,0.0000,,,,,EXCLUDED_PARTIAL_VAYU_MONTH,PARTIAL_MONTH_EXCLUDED_FROM_REFERENCE_COMPARISON,,,,,,,,,,,phase12-v1
