source_id,source_name,source_type,canonical_domain,collection_mode,authorization_status,authorization_evidence_type,authorization_reference,authorization_expiry,robots_status,terms_review_status,terms_review_date,terms_review_version,terms_content_hash,next_review_date,rate_limit_policy,minimum_request_interval_seconds,maximum_requests_per_round,retry_count,backoff_policy,concurrency_limit,captcha_present,bot_protection_present,allowed_automation,browser_collection_authorized,provenance_url,adapter_status,retention_policy,notes,phase13_schema_version
air_india,Air India,AIRLINE,airindia.com,AUTHORIZATION_REQUIRED,NOT_APPROVED,NONE,,,UNVERIFIED_FETCH_UNAVAILABLE,REVIEW_REQUIRED,2026-09-13,TERMS-REVIEW-2026-09-13,,2026-10-13,CONSERVATIVE_DEFAULT_PENDING_CONTRACT,5,0,2,30s|120s,1,UNKNOWN,UNKNOWN,False,False,https://ndc.airindia.com/en/terms-and-conditions,AUTHORIZATION_REQUIRED,CONFIGURABLE_PENDING_POLICY,NOT_COLLECTED_COMPLIANCE_BLOCK: no valid source authorization; live disabled,phase13-v1
air_india_express,Air India Express,AIRLINE,airindiaexpress.com,NOT_CURRENTLY_COLLECTABLE,NOT_APPROVED,NONE,,,UNVERIFIED_FETCH_UNAVAILABLE,REVIEW_REQUIRED,2026-09-13,TERMS-REVIEW-2026-09-13,,2026-10-13,CONSERVATIVE_DEFAULT_PENDING_CONTRACT,5,0,2,30s|120s,1,UNKNOWN,UNKNOWN,False,False,https://www.airindiaexpress.com/terms-and-conditions,AUTHORIZATION_REQUIRED,CONFIGURABLE_PENDING_POLICY,NOT_COLLECTED_COMPLIANCE_BLOCK: no valid source authorization; live disabled,phase13-v1
akasa_air,Akasa Air,AIRLINE,akasaair.com,AUTHORIZATION_REQUIRED,NOT_APPROVED,NONE,,,UNVERIFIED_FETCH_UNAVAILABLE,REVIEW_REQUIRED,2026-09-13,TERMS-REVIEW-2026-09-13,,2026-10-13,CONSERVATIVE_DEFAULT_PENDING_CONTRACT,5,0,2,30s|120s,1,UNKNOWN,UNKNOWN,False,False,https://www.akasaair.com/quick-links/terms-and-conditions,AUTHORIZATION_REQUIRED,CONFIGURABLE_PENDING_POLICY,NOT_COLLECTED_COMPLIANCE_BLOCK: no valid source authorization; live disabled,phase13-v1
cleartrip,Cleartrip,OTA,cleartrip.com,AUTHORIZATION_REQUIRED,NOT_APPROVED,NONE,,,UNVERIFIED_FETCH_UNAVAILABLE,REVIEW_REQUIRED,2026-09-13,TERMS-REVIEW-2026-09-13,,2026-10-13,CONSERVATIVE_DEFAULT_PENDING_CONTRACT,5,0,2,30s|120s,1,UNKNOWN,UNKNOWN,False,False,https://www.cleartrip.com/terms,AUTHORIZATION_REQUIRED,CONFIGURABLE_PENDING_POLICY,NOT_COLLECTED_COMPLIANCE_BLOCK: no valid source authorization; live disabled,phase13-v1
easemytrip,EaseMyTrip,OTA,easemytrip.com,AUTHORIZATION_REQUIRED,NOT_APPROVED,NONE,,,UNVERIFIED_FETCH_UNAVAILABLE,REVIEW_REQUIRED,2026-09-13,TERMS-REVIEW-2026-09-13,,2026-10-13,CONSERVATIVE_DEFAULT_PENDING_CONTRACT,5,0,2,30s|120s,1,UNKNOWN,UNKNOWN,False,False,https://www.easemytrip.com/agents,AUTHORIZATION_REQUIRED,CONFIGURABLE_PENDING_POLICY,NOT_COLLECTED_COMPLIANCE_BLOCK: no valid source authorization; live disabled,phase13-v1
goibibo,Goibibo,OTA,goibibo.com,AUTHORIZATION_REQUIRED,NOT_APPROVED,NONE,,,UNVERIFIED_FETCH_UNAVAILABLE,REVIEW_REQUIRED,2026-09-13,TERMS-REVIEW-2026-09-13,,2026-10-13,CONSERVATIVE_DEFAULT_PENDING_CONTRACT,5,0,2,30s|120s,1,UNKNOWN,UNKNOWN,False,False,https://www.goibibo.com/info/terms-and-conditions,AUTHORIZATION_REQUIRED,CONFIGURABLE_PENDING_POLICY,NOT_COLLECTED_COMPLIANCE_BLOCK: no valid source authorization; live disabled,phase13-v1
indigo,IndiGo,AIRLINE,goindigo.in,AUTHORIZATION_REQUIRED,NOT_APPROVED,NONE,,,UNVERIFIED_FETCH_UNAVAILABLE,REVIEW_REQUIRED,2026-09-13,TERMS-REVIEW-2026-09-13,,2026-10-13,CONSERVATIVE_DEFAULT_PENDING_CONTRACT,5,0,2,30s|120s,1,UNKNOWN,UNKNOWN,False,False,https://www.goindigo.in/information/terms-and-conditions.html,AUTHORIZATION_REQUIRED,CONFIGURABLE_PENDING_POLICY,NOT_COLLECTED_COMPLIANCE_BLOCK: no valid source authorization; live disabled,phase13-v1
ixigo,Ixigo,OTA,ixigo.com,AUTHORIZATION_REQUIRED,NOT_APPROVED,NONE,,,UNVERIFIED_FETCH_UNAVAILABLE,REVIEW_REQUIRED,2026-09-13,TERMS-REVIEW-2026-09-13,,2026-10-13,CONSERVATIVE_DEFAULT_PENDING_CONTRACT,5,0,2,30s|120s,1,UNKNOWN,UNKNOWN,False,False,https://www.ixigo.com/about/terms-of-use,AUTHORIZATION_REQUIRED,CONFIGURABLE_PENDING_POLICY,NOT_COLLECTED_COMPLIANCE_BLOCK: no valid source authorization; live disabled,phase13-v1
makemytrip,MakeMyTrip,OTA,makemytrip.com,AUTHORIZATION_REQUIRED,NOT_APPROVED,NONE,,,UNVERIFIED_FETCH_UNAVAILABLE,REVIEW_REQUIRED,2026-09-13,TERMS-REVIEW-2026-09-13,,2026-10-13,CONSERVATIVE_DEFAULT_PENDING_CONTRACT,5,0,2,30s|120s,1,UNKNOWN,UNKNOWN,False,False,https://www.makemytrip.com/legal/mya/terms-conditions.html,AUTHORIZATION_REQUIRED,CONFIGURABLE_PENDING_POLICY,NOT_COLLECTED_COMPLIANCE_BLOCK: no valid source authorization; live disabled,phase13-v1
spicejet,SpiceJet,AIRLINE,spicejet.com,AUTHORIZATION_REQUIRED,NOT_APPROVED,NONE,,,UNVERIFIED_FETCH_UNAVAILABLE,REVIEW_REQUIRED,2026-09-13,TERMS-REVIEW-2026-09-13,,2026-10-13,CONSERVATIVE_DEFAULT_PENDING_CONTRACT,5,0,2,30s|120s,1,UNKNOWN,UNKNOWN,False,False,,AUTHORIZATION_REQUIRED,CONFIGURABLE_PENDING_POLICY,NOT_COLLECTED_COMPLIANCE_BLOCK: no valid source authorization; live disabled,phase13-v1
yatra,Yatra,OTA,yatra.com,AUTHORIZATION_REQUIRED,NOT_APPROVED,NONE,,,UNVERIFIED_FETCH_UNAVAILABLE,REVIEW_REQUIRED,2026-09-13,TERMS-REVIEW-2026-09-13,,2026-10-13,CONSERVATIVE_DEFAULT_PENDING_CONTRACT,5,0,2,30s|120s,1,UNKNOWN,UNKNOWN,False,False,https://www.yatra.com/business-v2/home,AUTHORIZATION_REQUIRED,CONFIGURABLE_PENDING_POLICY,NOT_COLLECTED_COMPLIANCE_BLOCK: no valid source authorization; live disabled,phase13-v1
