series_id,origin,destination,travel_date,fare_class,advance_purchase_window,total_cell_count,anchored_priced_round_count,unaligned_round_count,no_price_cell_count,first_round_sort_key,last_round_sort_key,min_fare,max_fare,median_fare,history_status,r05_evaluable_count,r05_flag_count,r06_evaluable_count,r06_flag_count,max_abs_round_over_round_change,max_abs_cumulative_drift,persistent_flag_count,persistent_flag_rounds,phase9_schema_version
SERIES::AMD|DEL|2026-09-07|Economy Flexi|T1(0-2),AMD,DEL,2026-09-07,Economy Flexi,T1(0-2),5,5,0,0,2026-09-05 09:00,2026-09-06 20:15,11250.00,11985.50,11726.75,SUFFICIENT_FOR_R05,2,0,1,0,0.065378,0.022065,0,,phase9-v1
SERIES::AMD|DEL|2026-09-07|Economy Saver|T1(0-2),AMD,DEL,2026-09-07,Economy Saver,T1(0-2),6,6,0,0,2026-09-05 09:00,2026-09-06 20:15,7281.00,7703.50,7544.50,SUFFICIENT_FOR_R05,3,0,2,0,0.036396,0.055144,0,,phase9-v1
SERIES::AMD|DEL|2026-09-07|Economy Standard|T1(0-2),AMD,DEL,2026-09-07,Economy Standard,T1(0-2),5,5,0,0,2026-09-05 09:00,2026-09-06 20:15,9355.50,9500.00,9490.00,SUFFICIENT_FOR_R05,2,0,1,0,0.014377,0.003910,0,,phase9-v1
SERIES::AMD|DEL|2026-09-13|Economy Flexi|T7(5-9),AMD,DEL,2026-09-13,Economy Flexi,T7(5-9),5,5,0,0,2026-09-05 09:00,2026-09-06 14:30,9934.00,10650.00,10239.25,SUFFICIENT_FOR_R05,2,0,1,0,0.061920,0.022536,0,,phase9-v1
SERIES::AMD|DEL|2026-09-13|Economy Saver|T7(5-9),AMD,DEL,2026-09-13,Economy Saver,T7(5-9),6,6,0,0,2026-09-05 09:00,2026-09-06 20:15,6621.00,6929.00,6709.50,SUFFICIENT_FOR_R05,3,0,2,0,0.019193,0.034102,0,,phase9-v1
SERIES::AMD|DEL|2026-09-13|Economy Standard|T7(5-9),AMD,DEL,2026-09-13,Economy Standard,T7(5-9),6,6,0,0,2026-09-05 09:00,2026-09-06 20:15,8402.00,8841.50,8597.00,SUFFICIENT_FOR_R05,3,0,2,0,0.034666,0.015830,0,,phase9-v1
SERIES::AMD|DEL|2026-09-21|Economy Flexi|T15(12-18),AMD,DEL,2026-09-21,Economy Flexi,T15(12-18),5,5,0,0,2026-09-05 09:00,2026-09-06 20:15,8731.00,9021.50,8873.00,SUFFICIENT_FOR_R05,2,0,1,0,0.016461,0.011226,0,,phase9-v1
SERIES::AMD|DEL|2026-09-21|Economy Saver|T15(12-18),AMD,DEL,2026-09-21,Economy Saver,T15(12-18),6,6,0,0,2026-09-05 09:00,2026-09-06 20:15,5555.00,5886.00,5804.50,SUFFICIENT_FOR_R05,3,0,2,0,0.038074,0.049415,0,,phase9-v1
SERIES::AMD|DEL|2026-09-21|Economy Standard|T15(12-18),AMD,DEL,2026-09-21,Economy Standard,T15(12-18),6,6,0,0,2026-09-05 09:00,2026-09-06 20:15,7130.50,7589.00,7460.12,SUFFICIENT_FOR_R05,3,0,2,0,0.047788,0.061882,0,,phase9-v1
SERIES::AMD|DEL|2026-10-06|Economy Flexi|T30(25-35),AMD,DEL,2026-10-06,Economy Flexi,T30(25-35),6,6,0,0,2026-09-05 09:00,2026-09-06 20:15,7821.00,8199.00,8031.62,SUFFICIENT_FOR_R05,3,0,2,0,0.038717,0.031376,0,,phase9-v1
SERIES::AMD|DEL|2026-10-06|Economy Saver|T30(25-35),AMD,DEL,2026-10-06,Economy Saver,T30(25-35),5,5,0,0,2026-09-05 09:00,2026-09-06 20:15,5012.00,5180.00,5068.25,SUFFICIENT_FOR_R05,2,0,1,0,0.016161,0.021573,0,,phase9-v1
SERIES::AMD|DEL|2026-10-06|Economy Standard|T30(25-35),AMD,DEL,2026-10-06,Economy Standard,T30(25-35),5,5,0,0,2026-09-05 09:00,2026-09-06 20:15,6475.00,6578.50,6566.00,SUFFICIENT_FOR_R05,2,0,1,0,0.013859,0.007374,0,,phase9-v1
SERIES::AMD|DEL|2026-10-22|Economy Flexi|T45(40-50),AMD,DEL,2026-10-22,Economy Flexi,T45(40-50),6,6,0,0,2026-09-05 09:00,2026-09-06 20:15,7681.00,8307.00,8002.12,SUFFICIENT_FOR_R05,3,0,2,0,0.042475,0.075358,0,,phase9-v1
SERIES::AMD|DEL|2026-10-22|Economy Saver|T45(40-50),AMD,DEL,2026-10-22,Economy Saver,T45(40-50),6,6,0,0,2026-09-05 09:00,2026-09-06 20:15,5062.00,5253.50,5162.62,SUFFICIENT_FOR_R05,3,0,2,0,0.016347,0.021138,0,,phase9-v1
SERIES::AMD|DEL|2026-10-22|Economy Standard|T45(40-50),AMD,DEL,2026-10-22,Economy Standard,T45(40-50),6,6,0,0,2026-09-05 09:00,2026-09-06 20:15,6376.00,6765.00,6695.50,SUFFICIENT_FOR_R05,3,0,2,0,0.052319,0.048926,0,,phase9-v1
SERIES::BLR|BOM|2026-09-07|Economy Flexi|T1(0-2),BLR,BOM,2026-09-07,Economy Flexi,T1(0-2),5,5,0,0,2026-09-05 14:30,2026-09-06 20:15,11717.00,12325.00,11817.00,SUFFICIENT_FOR_R05,2,0,1,0,0.031805,0.004249,0,,phase9-v1
SERIES::BLR|BOM|2026-09-07|Economy Saver|T1(0-2),BLR,BOM,2026-09-07,Economy Saver,T1(0-2),5,5,0,0,2026-09-05 14:30,2026-09-06 20:15,7195.00,7524.00,7435.00,SUFFICIENT_FOR_R05,2,0,1,0,0.032240,0.033356,0,,phase9-v1
SERIES::BLR|BOM|2026-09-07|Economy Standard|T1(0-2),BLR,BOM,2026-09-07,Economy Standard,T1(0-2),6,6,0,0,2026-09-05 09:00,2026-09-06 20:15,9254.00,9902.00,9590.00,SUFFICIENT_FOR_R05,3,0,2,0,0.053560,0.012119,0,,phase9-v1
SERIES::BLR|BOM|2026-09-13|Economy Flexi|T7(5-9),BLR,BOM,2026-09-13,Economy Flexi,T7(5-9),6,6,0,0,2026-09-05 09:00,2026-09-06 20:15,10322.25,10764.00,10484.75,SUFFICIENT_FOR_R05,3,0,2,0,0.012428,0.034271,0,,phase9-v1
SERIES::BLR|BOM|2026-09-13|Economy Saver|T7(5-9),BLR,BOM,2026-09-13,Economy Saver,T7(5-9),6,6,0,0,2026-09-05 09:00,2026-09-06 20:15,6703.00,6965.50,6757.25,SUFFICIENT_FOR_R05,3,0,2,0,0.037686,0.036178,0,,phase9-v1
SERIES::BLR|BOM|2026-09-13|Economy Standard|T7(5-9),BLR,BOM,2026-09-13,Economy Standard,T7(5-9),4,4,0,0,2026-09-05 14:30,2026-09-06 20:15,8153.50,8704.00,8633.38,SUFFICIENT_FOR_R05,1,0,0,0,0.003246,,0,,phase9-v1
SERIES::BLR|BOM|2026-09-21|Economy Flexi|T15(12-18),BLR,BOM,2026-09-21,Economy Flexi,T15(12-18),6,6,0,0,2026-09-05 09:00,2026-09-06 20:15,8616.00,9058.50,8822.50,SUFFICIENT_FOR_R05,3,0,2,0,0.032661,0.050139,0,,phase9-v1
SERIES::BLR|BOM|2026-09-21|Economy Saver|T15(12-18),BLR,BOM,2026-09-21,Economy Saver,T15(12-18),5,5,0,0,2026-09-05 09:00,2026-09-06 20:15,5580.00,5939.50,5644.75,SUFFICIENT_FOR_R05,2,0,1,0,0.049625,0.011604,0,,phase9-v1
SERIES::BLR|BOM|2026-09-21|Economy Standard|T15(12-18),BLR,BOM,2026-09-21,Economy Standard,T15(12-18),5,5,0,0,2026-09-05 14:30,2026-09-06 20:15,6966.50,7537.00,7441.00,SUFFICIENT_FOR_R05,2,0,1,0,0.009452,0.033975,0,,phase9-v1
SERIES::BLR|BOM|2026-10-06|Economy Flexi|T30(25-35),BLR,BOM,2026-10-06,Economy Flexi,T30(25-35),6,6,0,0,2026-09-05 09:00,2026-09-06 20:15,7906.00,8085.50,7946.25,SUFFICIENT_FOR_R05,3,0,2,0,0.018985,0.020345,0,,phase9-v1
SERIES::BLR|BOM|2026-10-06|Economy Saver|T30(25-35),BLR,BOM,2026-10-06,Economy Saver,T30(25-35),6,6,0,0,2026-09-05 09:00,2026-09-06 20:15,5016.00,5301.50,5164.25,SUFFICIENT_FOR_R05,3,0,2,0,0.017110,0.025020,0,,phase9-v1
SERIES::BLR|BOM|2026-10-06|Economy Standard|T30(25-35),BLR,BOM,2026-10-06,Economy Standard,T30(25-35),5,5,0,0,2026-09-05 09:00,2026-09-06 20:15,6290.00,6806.00,6619.00,SUFFICIENT_FOR_R05,2,0,1,0,0.059439,0.033089,0,,phase9-v1
SERIES::BLR|BOM|2026-10-22|Economy Flexi|T45(40-50),BLR,BOM,2026-10-22,Economy Flexi,T45(40-50),5,5,0,0,2026-09-05 09:00,2026-09-06 20:15,7837.75,8112.00,8045.00,SUFFICIENT_FOR_R05,2,0,1,0,0.022626,0.034991,0,,phase9-v1
SERIES::BLR|BOM|2026-10-22|Economy Saver|T45(40-50),BLR,BOM,2026-10-22,Economy Saver,T45(40-50),6,6,0,0,2026-09-05 09:00,2026-09-06 20:15,5085.00,5335.00,5155.25,SUFFICIENT_FOR_R05,3,0,2,0,0.025255,0.029241,0,,phase9-v1
SERIES::BLR|BOM|2026-10-22|Economy Standard|T45(40-50),BLR,BOM,2026-10-22,Economy Standard,T45(40-50),3,3,0,0,2026-09-05 09:00,2026-09-06 09:00,6355.25,6659.00,6585.75,INSUFFICIENT_FOR_R05,0,0,0,0,,,0,,phase9-v1
SERIES::BLR|CCU|2026-09-07|Economy Flexi|T1(0-2),BLR,CCU,2026-09-07,Economy Flexi,T1(0-2),6,6,0,0,2026-09-05 09:00,2026-09-06 20:15,11250.00,11859.50,11688.50,SUFFICIENT_FOR_R05,3,0,2,0,0.016761,0.012897,0,,phase9-v1
SERIES::BLR|CCU|2026-09-07|Economy Saver|T1(0-2),BLR,CCU,2026-09-07,Economy Saver,T1(0-2),6,6,0,0,2026-09-05 09:00,2026-09-06 20:15,7225.00,7774.50,7364.12,SUFFICIENT_FOR_R05,3,0,2,0,0.056885,0.023668,0,,phase9-v1
SERIES::BLR|CCU|2026-09-07|Economy Standard|T1(0-2),BLR,CCU,2026-09-07,Economy Standard,T1(0-2),4,4,0,0,2026-09-05 14:30,2026-09-06 20:15,9334.00,9874.00,9804.00,SUFFICIENT_FOR_R05,1,0,0,0,0.010252,,0,,phase9-v1
SERIES::BLR|CCU|2026-09-13|Economy Flexi|T7(5-9),BLR,CCU,2026-09-13,Economy Flexi,T7(5-9),6,6,0,0,2026-09-05 09:00,2026-09-06 20:15,10231.50,10893.00,10400.50,SUFFICIENT_FOR_R05,3,0,2,0,0.040006,0.059476,0,,phase9-v1
SERIES::BLR|CCU|2026-09-13|Economy Saver|T7(5-9),BLR,CCU,2026-09-13,Economy Saver,T7(5-9),6,6,0,0,2026-09-05 09:00,2026-09-06 20:15,6438.00,6905.00,6695.00,SUFFICIENT_FOR_R05,3,0,2,0,0.072538,0.068034,0,,phase9-v1
SERIES::BLR|CCU|2026-09-13|Economy Standard|T7(5-9),BLR,CCU,2026-09-13,Economy Standard,T7(5-9),5,5,0,0,2026-09-05 09:00,2026-09-06 20:15,8418.50,8950.50,8685.50,SUFFICIENT_FOR_R05,2,0,1,0,0.030715,0.012636,0,,phase9-v1
SERIES::BLR|CCU|2026-09-21|Economy Flexi|T15(12-18),BLR,CCU,2026-09-21,Economy Flexi,T15(12-18),6,6,0,0,2026-09-05 09:00,2026-09-06 20:15,8711.00,9328.50,8997.75,SUFFICIENT_FOR_R05,3,0,2,0,0.036327,0.060498,0,,phase9-v1
SERIES::BLR|CCU|2026-09-21|Economy Saver|T15(12-18),BLR,CCU,2026-09-21,Economy Saver,T15(12-18),5,5,0,0,2026-09-05 09:00,2026-09-06 20:15,5644.50,5938.00,5674.50,SUFFICIENT_FOR_R05,2,0,1,0,0.033513,0.005315,0,,phase9-v1
SERIES::BLR|CCU|2026-09-21|Economy Standard|T15(12-18),BLR,CCU,2026-09-21,Economy Standard,T15(12-18),6,6,0,0,2026-09-05 09:00,2026-09-06 20:15,7036.00,7624.00,7316.75,SUFFICIENT_FOR_R05,3,0,2,0,0.075393,0.072200,0,,phase9-v1
SERIES::BLR|CCU|2026-10-06|Economy Flexi|T30(25-35),BLR,CCU,2026-10-06,Economy Flexi,T30(25-35),5,5,0,0,2026-09-05 14:30,2026-09-06 20:15,7949.00,8297.50,8084.75,SUFFICIENT_FOR_R05,2,0,1,0,0.025640,0.017793,0,,phase9-v1
SERIES::BLR|CCU|2026-10-06|Economy Saver|T30(25-35),BLR,CCU,2026-10-06,Economy Saver,T30(25-35),5,5,0,0,2026-09-05 09:00,2026-09-06 20:15,5122.00,5302.00,5211.00,SUFFICIENT_FOR_R05,2,0,1,0,0.016001,0.002783,0,,phase9-v1
SERIES::BLR|CCU|2026-10-06|Economy Standard|T30(25-35),BLR,CCU,2026-10-06,Economy Standard,T30(25-35),5,5,0,0,2026-09-05 09:00,2026-09-06 20:15,6478.00,6952.00,6739.00,SUFFICIENT_FOR_R05,2,0,1,0,0.030639,0.055032,0,,phase9-v1
SERIES::BLR|CCU|2026-10-22|Economy Flexi|T45(40-50),BLR,CCU,2026-10-22,Economy Flexi,T45(40-50),6,6,0,0,2026-09-05 09:00,2026-09-06 20:15,7694.00,8192.25,7968.25,SUFFICIENT_FOR_R05,3,0,2,0,0.055628,0.012655,0,,phase9-v1
SERIES::BLR|CCU|2026-10-22|Economy Saver|T45(40-50),BLR,CCU,2026-10-22,Economy Saver,T45(40-50),5,5,0,0,2026-09-05 09:00,2026-09-06 20:15,5156.50,5354.00,5197.00,SUFFICIENT_FOR_R05,2,0,1,0,0.004281,0.033186,0,,phase9-v1
SERIES::BLR|CCU|2026-10-22|Economy Standard|T45(40-50),BLR,CCU,2026-10-22,Economy Standard,T45(40-50),6,6,0,0,2026-09-05 09:00,2026-09-06 20:15,6368.50,6937.00,6676.38,SUFFICIENT_FOR_R05,3,0,2,0,0.021943,0.048642,0,,phase9-v1
SERIES::BLR|COK|2026-09-07|Economy Flexi|T1(0-2),BLR,COK,2026-09-07,Economy Flexi,T1(0-2),3,3,0,0,2026-09-05 09:00,2026-09-06 09:00,11327.75,11731.00,11574.75,INSUFFICIENT_FOR_R05,0,0,0,0,,,0,,phase9-v1
SERIES::BLR|COK|2026-09-07|Economy Saver|T1(0-2),BLR,COK,2026-09-07,Economy Saver,T1(0-2),5,5,0,0,2026-09-05 09:00,2026-09-06 14:30,7379.75,7788.00,7566.00,SUFFICIENT_FOR_R05,2,0,1,0,0.027441,0.036396,0,,phase9-v1
SERIES::BLR|COK|2026-09-07|Economy Standard|T1(0-2),BLR,COK,2026-09-07,Economy Standard,T1(0-2),5,5,0,0,2026-09-05 09:00,2026-09-06 14:30,9479.50,10136.00,9629.50,SUFFICIENT_FOR_R05,2,0,1,0,0.060251,0.002357,0,,phase9-v1
SERIES::BLR|COK|2026-09-13|Economy Flexi|T7(5-9),BLR,COK,2026-09-13,Economy Flexi,T7(5-9),5,5,0,0,2026-09-05 09:00,2026-09-06 14:30,10278.00,10722.00,10628.50,SUFFICIENT_FOR_R05,2,0,1,0,0.026419,0.034102,0,,phase9-v1
SERIES::BLR|COK|2026-09-13|Economy Saver|T7(5-9),BLR,COK,2026-09-13,Economy Saver,T7(5-9),4,4,0,0,2026-09-05 09:00,2026-09-06 14:30,6553.00,7095.00,6751.50,SUFFICIENT_FOR_R05,1,0,0,0,0.033202,,0,,phase9-v1
SERIES::BLR|COK|2026-09-13|Economy Standard|T7(5-9),BLR,COK,2026-09-13,Economy Standard,T7(5-9),5,5,0,0,2026-09-05 09:00,2026-09-06 14:30,8274.50,8759.00,8653.50,SUFFICIENT_FOR_R05,2,0,1,0,0.007940,0.030895,0,,phase9-v1
SERIES::BLR|COK|2026-09-21|Economy Flexi|T15(12-18),BLR,COK,2026-09-21,Economy Flexi,T15(12-18),4,4,0,0,2026-09-05 14:30,2026-09-06 14:30,8888.50,9198.00,8920.25,SUFFICIENT_FOR_R05,1,0,0,0,0.031257,,0,,phase9-v1
SERIES::BLR|COK|2026-09-21|Economy Saver|T15(12-18),BLR,COK,2026-09-21,Economy Saver,T15(12-18),4,4,0,0,2026-09-05 09:00,2026-09-06 14:30,5670.00,5889.00,5824.75,SUFFICIENT_FOR_R05,1,0,0,0,0.019803,,0,,phase9-v1
SERIES::BLR|COK|2026-09-21|Economy Standard|T15(12-18),BLR,COK,2026-09-21,Economy Standard,T15(12-18),4,4,0,0,2026-09-05 09:00,2026-09-06 09:00,7103.50,7352.50,7259.75,SUFFICIENT_FOR_R05,1,0,0,0,0.021353,,0,,phase9-v1
SERIES::BLR|COK|2026-10-06|Economy Flexi|T30(25-35),BLR,COK,2026-10-06,Economy Flexi,T30(25-35),4,4,0,0,2026-09-05 09:00,2026-09-06 14:30,7602.00,7969.50,7827.25,SUFFICIENT_FOR_R05,1,0,0,0,0.022911,,0,,phase9-v1
SERIES::BLR|COK|2026-10-06|Economy Saver|T30(25-35),BLR,COK,2026-10-06,Economy Saver,T30(25-35),5,5,0,0,2026-09-05 09:00,2026-09-06 14:30,5138.00,5292.25,5152.00,SUFFICIENT_FOR_R05,2,0,1,0,0.001165,0.026501,0,,phase9-v1
SERIES::BLR|COK|2026-10-06|Economy Standard|T30(25-35),BLR,COK,2026-10-06,Economy Standard,T30(25-35),5,5,0,0,2026-09-05 09:00,2026-09-06 14:30,6466.50,6867.00,6678.00,SUFFICIENT_FOR_R05,2,0,1,0,0.061935,0.006841,0,,phase9-v1
SERIES::BLR|COK|2026-10-22|Economy Flexi|T45(40-50),BLR,COK,2026-10-22,Economy Flexi,T45(40-50),5,5,0,0,2026-09-05 09:00,2026-09-06 14:30,7821.50,8168.50,8065.00,SUFFICIENT_FOR_R05,2,0,1,0,0.012915,0.033433,0,,phase9-v1
SERIES::BLR|COK|2026-10-22|Economy Saver|T45(40-50),BLR,COK,2026-10-22,Economy Saver,T45(40-50),5,5,0,0,2026-09-05 09:00,2026-09-06 14:30,5070.75,5186.00,5102.50,SUFFICIENT_FOR_R05,2,0,1,0,0.006952,0.004564,0,,phase9-v1
SERIES::BLR|COK|2026-10-22|Economy Standard|T45(40-50),BLR,COK,2026-10-22,Economy Standard,T45(40-50),5,5,0,0,2026-09-05 14:30,2026-09-07 14:30,6279.00,6694.00,6531.50,SUFFICIENT_FOR_R05,2,0,1,0,0.038659,0.055008,0,,phase9-v1
SERIES::BLR|DEL|2026-09-07|Economy Flexi|T1(0-2),BLR,DEL,2026-09-07,Economy Flexi,T1(0-2),6,6,0,0,2026-09-05 09:00,2026-09-06 20:15,11156.00,11853.50,11559.00,SUFFICIENT_FOR_R05,3,0,2,0,0.026544,0.035048,0,,phase9-v1
SERIES::BLR|DEL|2026-09-07|Economy Saver|T1(0-2),BLR,DEL,2026-09-07,Economy Saver,T1(0-2),5,5,0,0,2026-09-05 09:00,2026-09-06 20:15,7191.50,7505.00,7389.00,SUFFICIENT_FOR_R05,2,0,1,0,0.043593,0.031816,0,,phase9-v1
SERIES::BLR|DEL|2026-09-07|Economy Standard|T1(0-2),BLR,DEL,2026-09-07,Economy Standard,T1(0-2),4,4,0,0,2026-09-05 09:00,2026-09-06 14:30,9494.00,9745.00,9642.25,SUFFICIENT_FOR_R05,1,0,0,0,0.021993,,0,,phase9-v1
SERIES::BLR|DEL|2026-09-13|Economy Flexi|T7(5-9),BLR,DEL,2026-09-13,Economy Flexi,T7(5-9),6,6,0,0,2026-09-05 09:00,2026-09-06 20:15,10097.00,10671.50,10408.00,SUFFICIENT_FOR_R05,3,0,2,0,0.026689,0.038374,0,,phase9-v1
SERIES::BLR|DEL|2026-09-13|Economy Saver|T7(5-9),BLR,DEL,2026-09-13,Economy Saver,T7(5-9),6,6,0,0,2026-09-05 09:00,2026-09-06 20:15,6543.00,6999.50,6713.50,SUFFICIENT_FOR_R05,3,0,2,0,0.062825,0.040223,0,,phase9-v1
SERIES::BLR|DEL|2026-09-13|Economy Standard|T7(5-9),BLR,DEL,2026-09-13,Economy Standard,T7(5-9),5,5,0,0,2026-09-05 09:00,2026-09-06 20:15,8335.50,8885.00,8478.50,SUFFICIENT_FOR_R05,2,0,1,0,0.051044,0.054226,0,,phase9-v1
SERIES::BLR|DEL|2026-09-21|Economy Flexi|T15(12-18),BLR,DEL,2026-09-21,Economy Flexi,T15(12-18),6,6,0,0,2026-09-05 09:00,2026-09-06 20:15,8448.00,9227.00,8919.00,SUFFICIENT_FOR_R05,3,0,2,0,0.053972,0.071040,0,,phase9-v1
SERIES::BLR|DEL|2026-09-21|Economy Saver|T15(12-18),BLR,DEL,2026-09-21,Economy Saver,T15(12-18),6,6,0,0,2026-09-05 09:00,2026-09-06 20:15,5482.50,5962.00,5724.88,SUFFICIENT_FOR_R05,3,0,2,0,0.026869,0.058218,0,,phase9-v1
SERIES::BLR|DEL|2026-09-21|Economy Standard|T15(12-18),BLR,DEL,2026-09-21,Economy Standard,T15(12-18),6,6,0,0,2026-09-05 09:00,2026-09-06 20:15,6984.50,7479.75,7372.50,SUFFICIENT_FOR_R05,3,0,2,0,0.021784,0.017635,0,,phase9-v1
SERIES::BLR|DEL|2026-10-06|Economy Flexi|T30(25-35),BLR,DEL,2026-10-06,Economy Flexi,T30(25-35),6,6,0,0,2026-09-05 09:00,2026-09-06 20:15,7706.00,8108.00,8043.25,SUFFICIENT_FOR_R05,3,0,2,0,0.009148,0.052167,0,,phase9-v1
SERIES::BLR|DEL|2026-10-06|Economy Saver|T30(25-35),BLR,DEL,2026-10-06,Economy Saver,T30(25-35),4,4,0,0,2026-09-05 09:00,2026-09-06 09:00,5126.00,5236.50,5224.62,SUFFICIENT_FOR_R05,1,0,0,0,0.003499,,0,,phase9-v1
SERIES::BLR|DEL|2026-10-06|Economy Standard|T30(25-35),BLR,DEL,2026-10-06,Economy Standard,T30(25-35),6,6,0,0,2026-09-05 09:00,2026-09-06 20:15,6407.00,6758.00,6565.38,SUFFICIENT_FOR_R05,3,0,2,0,0.029683,0.013630,0,,phase9-v1
SERIES::BLR|DEL|2026-10-22|Economy Flexi|T45(40-50),BLR,DEL,2026-10-22,Economy Flexi,T45(40-50),5,5,0,0,2026-09-05 09:00,2026-09-06 14:30,7921.50,8245.25,8188.75,SUFFICIENT_FOR_R05,2,0,1,0,0.037146,0.006900,0,,phase9-v1
SERIES::BLR|DEL|2026-10-22|Economy Saver|T45(40-50),BLR,DEL,2026-10-22,Economy Saver,T45(40-50),6,6,0,0,2026-09-05 09:00,2026-09-06 20:15,5025.00,5338.00,5131.25,SUFFICIENT_FOR_R05,3,0,2,0,0.015542,0.035688,0,,phase9-v1
SERIES::BLR|DEL|2026-10-22|Economy Standard|T45(40-50),BLR,DEL,2026-10-22,Economy Standard,T45(40-50),5,5,0,0,2026-09-05 14:30,2026-09-06 20:15,6331.00,6711.00,6524.00,SUFFICIENT_FOR_R05,2,0,1,0,0.055075,0.004697,0,,phase9-v1
SERIES::BOM|DEL|2026-09-07|Economy Flexi|T1(0-2),BOM,DEL,2026-09-07,Economy Flexi,T1(0-2),6,6,0,0,2026-09-05 09:00,2026-09-06 20:15,11367.25,11939.00,11705.62,SUFFICIENT_FOR_R05,3,0,2,0,0.029559,0.050298,0,,phase9-v1
SERIES::BOM|DEL|2026-09-07|Economy Saver|T1(0-2),BOM,DEL,2026-09-07,Economy Saver,T1(0-2),6,6,0,0,2026-09-05 09:00,2026-09-06 20:15,7311.00,7739.00,7495.50,SUFFICIENT_FOR_R05,3,0,2,0,0.055304,0.045105,0,,phase9-v1
SERIES::BOM|DEL|2026-09-07|Economy Standard|T1(0-2),BOM,DEL,2026-09-07,Economy Standard,T1(0-2),4,4,0,0,2026-09-05 14:30,2026-09-06 20:15,9277.00,9786.00,9608.75,SUFFICIENT_FOR_R05,1,0,0,0,0.027131,,0,,phase9-v1
SERIES::BOM|DEL|2026-09-13|Economy Flexi|T7(5-9),BOM,DEL,2026-09-13,Economy Flexi,T7(5-9),5,5,0,0,2026-09-05 09:00,2026-09-06 20:15,10027.00,10785.00,10630.00,SUFFICIENT_FOR_R05,2,0,1,0,0.024710,0.060187,0,,phase9-v1
SERIES::BOM|DEL|2026-09-13|Economy Saver|T7(5-9),BOM,DEL,2026-09-13,Economy Saver,T7(5-9),5,5,0,0,2026-09-05 09:00,2026-09-08 09:00,6566.00,7179.00,6709.00,SUFFICIENT_FOR_R05,2,0,1,0,0.049332,0.093360,0,,phase9-v1
SERIES::BOM|DEL|2026-09-13|Economy Standard|T7(5-9),BOM,DEL,2026-09-13,Economy Standard,T7(5-9),5,5,0,0,2026-09-05 09:00,2026-09-06 20:15,8238.50,8704.00,8428.50,SUFFICIENT_FOR_R05,2,0,1,0,0.031652,0.031438,0,,phase9-v1
SERIES::BOM|DEL|2026-09-21|Economy Flexi|T15(12-18),BOM,DEL,2026-09-21,Economy Flexi,T15(12-18),6,6,0,0,2026-09-05 09:00,2026-09-06 20:15,8567.00,9239.00,8844.88,SUFFICIENT_FOR_R05,3,0,2,0,0.070692,0.078441,0,,phase9-v1
SERIES::BOM|DEL|2026-09-21|Economy Saver|T15(12-18),BOM,DEL,2026-09-21,Economy Saver,T15(12-18),6,6,0,0,2026-09-05 09:00,2026-09-06 20:15,5106.00,5829.00,5748.25,SUFFICIENT_FOR_R05,3,0,2,0,0.027375,0.012475,0,,phase9-v1
SERIES::BOM|DEL|2026-09-21|Economy Standard|T15(12-18),BOM,DEL,2026-09-21,Economy Standard,T15(12-18),4,4,0,0,2026-09-05 14:30,2026-09-06 20:15,6939.00,7385.00,7245.50,SUFFICIENT_FOR_R05,1,0,0,0,0.001760,,0,,phase9-v1
SERIES::BOM|DEL|2026-10-06|Economy Flexi|T30(25-35),BOM,DEL,2026-10-06,Economy Flexi,T30(25-35),5,5,0,0,2026-09-05 09:00,2026-09-06 14:30,7966.00,8233.00,8103.00,SUFFICIENT_FOR_R05,2,0,1,0,0.032430,0.014597,0,,phase9-v1
SERIES::BOM|DEL|2026-10-06|Economy Saver|T30(25-35),BOM,DEL,2026-10-06,Economy Saver,T30(25-35),5,5,0,0,2026-09-05 09:00,2026-09-06 20:15,5076.00,5201.75,5150.00,SUFFICIENT_FOR_R05,2,0,1,0,0.010865,0.005680,0,,phase9-v1
SERIES::BOM|DEL|2026-10-06|Economy Standard|T30(25-35),BOM,DEL,2026-10-06,Economy Standard,T30(25-35),5,5,0,0,2026-09-05 09:00,2026-09-06 20:15,6408.00,6815.50,6678.00,SUFFICIENT_FOR_R05,2,0,1,0,0.037145,0.007637,0,,phase9-v1
SERIES::BOM|DEL|2026-10-22|Economy Flexi|T45(40-50),BOM,DEL,2026-10-22,Economy Flexi,T45(40-50),6,6,0,0,2026-09-05 09:00,2026-09-06 20:15,7732.00,8311.50,8063.75,SUFFICIENT_FOR_R05,3,0,2,0,0.020136,0.041580,0,,phase9-v1
SERIES::BOM|DEL|2026-10-22|Economy Saver|T45(40-50),BOM,DEL,2026-10-22,Economy Saver,T45(40-50),4,4,0,0,2026-09-05 09:00,2026-09-09 14:30,4925.00,5184.25,5070.00,SUFFICIENT_FOR_R05,1,0,0,0,0.013807,,0,,phase9-v1
SERIES::BOM|DEL|2026-10-22|Economy Standard|T45(40-50),BOM,DEL,2026-10-22,Economy Standard,T45(40-50),5,5,0,0,2026-09-05 09:00,2026-09-06 20:15,6424.00,6705.50,6465.00,SUFFICIENT_FOR_R05,2,0,1,0,0.041980,0.001624,0,,phase9-v1
SERIES::BOM|HYD|2026-09-07|Economy Flexi|T1(0-2),BOM,HYD,2026-09-07,Economy Flexi,T1(0-2),5,5,0,0,2026-09-05 09:00,2026-09-06 20:15,11086.50,11662.50,11476.50,SUFFICIENT_FOR_R05,2,0,1,0,0.035178,0.027996,0,,phase9-v1
SERIES::BOM|HYD|2026-09-07|Economy Saver|T1(0-2),BOM,HYD,2026-09-07,Economy Saver,T1(0-2),5,5,0,0,2026-09-05 09:00,2026-09-06 20:15,7372.50,7690.50,7404.75,SUFFICIENT_FOR_R05,2,0,1,0,0.040804,0.004374,0,,phase9-v1
SERIES::BOM|HYD|2026-09-07|Economy Standard|T1(0-2),BOM,HYD,2026-09-07,Economy Standard,T1(0-2),5,5,0,0,2026-09-05 09:00,2026-09-06 20:15,9375.00,10024.00,9581.00,SUFFICIENT_FOR_R05,2,0,1,0,0.064745,0.051785,0,,phase9-v1
SERIES::BOM|HYD|2026-09-13|Economy Flexi|T7(5-9),BOM,HYD,2026-09-13,Economy Flexi,T7(5-9),5,5,0,0,2026-09-05 09:00,2026-09-06 20:15,10154.50,10738.50,10667.00,SUFFICIENT_FOR_R05,2,0,1,0,0.006703,0.023592,0,,phase9-v1
SERIES::BOM|HYD|2026-09-13|Economy Saver|T7(5-9),BOM,HYD,2026-09-13,Economy Saver,T7(5-9),5,5,0,0,2026-09-05 09:00,2026-09-06 20:15,6462.00,6907.00,6687.00,SUFFICIENT_FOR_R05,2,0,1,0,0.033647,0.010413,0,,phase9-v1
SERIES::BOM|HYD|2026-09-13|Economy Standard|T7(5-9),BOM,HYD,2026-09-13,Economy Standard,T7(5-9),6,6,0,0,2026-09-05 09:00,2026-09-06 20:15,8330.00,8990.00,8608.00,SUFFICIENT_FOR_R05,3,0,2,0,0.043105,0.074170,0,,phase9-v1
SERIES::BOM|HYD|2026-09-21|Economy Flexi|T15(12-18),BOM,HYD,2026-09-21,Economy Flexi,T15(12-18),6,6,0,0,2026-09-05 09:00,2026-09-06 20:15,8696.00,9167.00,8950.25,SUFFICIENT_FOR_R05,3,0,2,0,0.047016,0.025256,0,,phase9-v1
SERIES::BOM|HYD|2026-09-21|Economy Saver|T15(12-18),BOM,HYD,2026-09-21,Economy Saver,T15(12-18),6,6,0,0,2026-09-05 09:00,2026-09-06 20:15,5537.25,5865.50,5659.88,SUFFICIENT_FOR_R05,3,0,2,0,0.059280,0.024561,0,,phase9-v1
SERIES::BOM|HYD|2026-09-21|Economy Standard|T15(12-18),BOM,HYD,2026-09-21,Economy Standard,T15(12-18),5,5,0,0,2026-09-05 09:00,2026-09-06 20:15,7104.00,7539.00,7240.00,SUFFICIENT_FOR_R05,2,0,1,0,0.052786,0.031532,0,,phase9-v1
SERIES::BOM|HYD|2026-10-06|Economy Flexi|T30(25-35),BOM,HYD,2026-10-06,Economy Flexi,T30(25-35),5,5,0,0,2026-09-05 09:00,2026-09-06 20:15,7814.00,8223.00,8023.00,SUFFICIENT_FOR_R05,2,0,1,0,0.022327,0.013461,0,,phase9-v1
SERIES::BOM|HYD|2026-10-06|Economy Saver|T30(25-35),BOM,HYD,2026-10-06,Economy Saver,T30(25-35),6,6,0,0,2026-09-05 09:00,2026-09-06 20:15,4963.00,5369.00,5228.75,SUFFICIENT_FOR_R05,3,0,2,0,0.075619,0.038900,0,,phase9-v1
SERIES::BOM|HYD|2026-10-06|Economy Standard|T30(25-35),BOM,HYD,2026-10-06,Economy Standard,T30(25-35),5,5,0,0,2026-09-05 09:00,2026-09-06 14:30,6396.00,6659.25,6560.50,SUFFICIENT_FOR_R05,2,0,1,0,0.033545,0.025074,0,,phase9-v1
SERIES::BOM|HYD|2026-10-22|Economy Flexi|T45(40-50),BOM,HYD,2026-10-22,Economy Flexi,T45(40-50),4,4,0,0,2026-09-05 09:00,2026-09-06 20:15,7932.00,8189.25,8030.50,SUFFICIENT_FOR_R05,1,0,0,0,0.015294,,0,,phase9-v1
SERIES::BOM|HYD|2026-10-22|Economy Saver|T45(40-50),BOM,HYD,2026-10-22,Economy Saver,T45(40-50),6,6,0,0,2026-09-05 09:00,2026-09-06 20:15,5063.50,5413.00,5321.50,SUFFICIENT_FOR_R05,3,0,2,0,0.065074,0.017082,0,,phase9-v1
SERIES::BOM|HYD|2026-10-22|Economy Standard|T45(40-50),BOM,HYD,2026-10-22,Economy Standard,T45(40-50),6,6,0,0,2026-09-05 09:00,2026-09-06 20:15,6495.50,6748.50,6687.00,SUFFICIENT_FOR_R05,3,0,2,0,0.034563,0.037490,0,,phase9-v1
SERIES::CCU|DEL|2026-09-07|Economy Flexi|T1(0-2),CCU,DEL,2026-09-07,Economy Flexi,T1(0-2),6,6,0,0,2026-09-05 09:00,2026-09-06 20:15,11779.00,12177.00,11899.88,SUFFICIENT_FOR_R05,3,0,2,0,0.031425,0.020747,0,,phase9-v1
SERIES::CCU|DEL|2026-09-07|Economy Saver|T1(0-2),CCU,DEL,2026-09-07,Economy Saver,T1(0-2),6,6,0,0,2026-09-05 09:00,2026-09-06 20:15,7007.00,7610.25,7390.38,SUFFICIENT_FOR_R05,3,0,2,0,0.069859,0.072285,0,,phase9-v1
SERIES::CCU|DEL|2026-09-07|Economy Standard|T1(0-2),CCU,DEL,2026-09-07,Economy Standard,T1(0-2),5,5,0,0,2026-09-05 09:00,2026-09-06 20:15,9332.00,9622.50,9510.00,SUFFICIENT_FOR_R05,2,0,1,0,0.028220,0.030190,0,,phase9-v1
SERIES::CCU|DEL|2026-09-13|Economy Flexi|T7(5-9),CCU,DEL,2026-09-13,Economy Flexi,T7(5-9),6,6,0,0,2026-09-05 09:00,2026-09-06 20:15,10287.00,10545.50,10444.88,SUFFICIENT_FOR_R05,3,0,2,0,0.015598,0.024513,0,,phase9-v1
SERIES::CCU|DEL|2026-09-13|Economy Saver|T7(5-9),CCU,DEL,2026-09-13,Economy Saver,T7(5-9),5,5,0,0,2026-09-05 09:00,2026-09-06 20:15,6661.25,7002.75,6786.75,SUFFICIENT_FOR_R05,2,0,1,0,0.043979,0.051267,0,,phase9-v1
SERIES::CCU|DEL|2026-09-13|Economy Standard|T7(5-9),CCU,DEL,2026-09-13,Economy Standard,T7(5-9),5,5,0,0,2026-09-05 09:00,2026-09-06 20:15,8348.25,9017.00,8695.50,SUFFICIENT_FOR_R05,2,0,1,0,0.035655,0.052984,0,,phase9-v1
SERIES::CCU|DEL|2026-09-21|Economy Flexi|T15(12-18),CCU,DEL,2026-09-21,Economy Flexi,T15(12-18),5,5,0,0,2026-09-05 09:00,2026-09-06 20:15,8719.25,9255.75,8998.00,SUFFICIENT_FOR_R05,2,0,1,0,0.028645,0.047797,0,,phase9-v1
SERIES::CCU|DEL|2026-09-21|Economy Saver|T15(12-18),CCU,DEL,2026-09-21,Economy Saver,T15(12-18),4,4,0,0,2026-09-05 09:00,2026-09-06 20:15,5511.00,5871.50,5692.25,SUFFICIENT_FOR_R05,1,0,0,0,0.019544,,0,,phase9-v1
SERIES::CCU|DEL|2026-09-21|Economy Standard|T15(12-18),CCU,DEL,2026-09-21,Economy Standard,T15(12-18),6,6,0,0,2026-09-05 09:00,2026-09-06 20:15,7060.00,7480.50,7319.50,SUFFICIENT_FOR_R05,3,0,2,0,0.059561,0.038802,0,,phase9-v1
SERIES::CCU|DEL|2026-10-06|Economy Flexi|T30(25-35),CCU,DEL,2026-10-06,Economy Flexi,T30(25-35),6,6,0,0,2026-09-05 09:00,2026-09-06 20:15,7879.00,8256.50,7981.12,SUFFICIENT_FOR_R05,3,0,2,0,0.017581,0.018132,0,,phase9-v1
SERIES::CCU|DEL|2026-10-06|Economy Saver|T30(25-35),CCU,DEL,2026-10-06,Economy Saver,T30(25-35),6,6,0,0,2026-09-05 09:00,2026-09-06 20:15,5048.00,5192.00,5158.88,SUFFICIENT_FOR_R05,3,0,2,0,0.028526,0.024022,0,,phase9-v1
SERIES::CCU|DEL|2026-10-06|Economy Standard|T30(25-35),CCU,DEL,2026-10-06,Economy Standard,T30(25-35),5,5,0,0,2026-09-05 09:00,2026-09-06 20:15,6387.00,6615.00,6518.50,SUFFICIENT_FOR_R05,2,0,1,0,0.018201,0.008744,0,,phase9-v1
SERIES::CCU|DEL|2026-10-22|Economy Flexi|T45(40-50),CCU,DEL,2026-10-22,Economy Flexi,T45(40-50),5,5,0,0,2026-09-05 14:30,2026-09-06 20:15,7937.00,8170.25,7990.50,SUFFICIENT_FOR_R05,2,0,1,0,0.022001,0.015255,0,,phase9-v1
SERIES::CCU|DEL|2026-10-22|Economy Saver|T45(40-50),CCU,DEL,2026-10-22,Economy Saver,T45(40-50),4,4,0,0,2026-09-05 09:00,2026-09-06 14:30,5174.75,5365.00,5339.00,SUFFICIENT_FOR_R05,1,0,0,0,0.028552,,0,,phase9-v1
SERIES::CCU|DEL|2026-10-22|Economy Standard|T45(40-50),CCU,DEL,2026-10-22,Economy Standard,T45(40-50),6,6,0,0,2026-09-05 09:00,2026-09-06 20:15,6518.00,6842.00,6704.25,SUFFICIENT_FOR_R05,3,0,2,0,0.032372,0.035594,0,,phase9-v1
SERIES::DEL|GAU|2026-09-07|Economy Flexi|T1(0-2),DEL,GAU,2026-09-07,Economy Flexi,T1(0-2),5,5,0,0,2026-09-05 09:00,2026-09-06 20:15,11453.50,12202.00,11866.00,SUFFICIENT_FOR_R05,2,0,1,0,0.056313,0.003455,0,,phase9-v1
SERIES::DEL|GAU|2026-09-07|Economy Saver|T1(0-2),DEL,GAU,2026-09-07,Economy Saver,T1(0-2),6,6,0,0,2026-09-05 09:00,2026-09-06 20:15,7421.00,7601.00,7536.50,SUFFICIENT_FOR_R05,3,0,2,0,0.024083,0.008090,0,,phase9-v1
SERIES::DEL|GAU|2026-09-07|Economy Standard|T1(0-2),DEL,GAU,2026-09-07,Economy Standard,T1(0-2),4,4,0,0,2026-09-05 14:30,2026-09-06 20:15,9339.00,9920.00,9574.25,SUFFICIENT_FOR_R05,1,0,0,0,0.035328,,0,,phase9-v1
SERIES::DEL|GAU|2026-09-13|Economy Flexi|T7(5-9),DEL,GAU,2026-09-13,Economy Flexi,T7(5-9),6,6,0,0,2026-09-05 09:00,2026-09-06 20:15,10183.00,10710.50,10441.75,SUFFICIENT_FOR_R05,3,0,2,0,0.051802,0.042591,0,,phase9-v1
SERIES::DEL|GAU|2026-09-13|Economy Saver|T7(5-9),DEL,GAU,2026-09-13,Economy Saver,T7(5-9),5,5,0,0,2026-09-05 09:00,2026-09-06 20:15,6589.00,6808.50,6730.25,SUFFICIENT_FOR_R05,2,0,1,0,0.033313,0.016071,0,,phase9-v1
SERIES::DEL|GAU|2026-09-13|Economy Standard|T7(5-9),DEL,GAU,2026-09-13,Economy Standard,T7(5-9),4,4,0,0,2026-09-05 14:30,2026-09-06 14:30,8294.00,8725.50,8430.75,SUFFICIENT_FOR_R05,1,0,0,0,0.023039,,0,,phase9-v1
SERIES::DEL|GAU|2026-09-21|Economy Flexi|T15(12-18),DEL,GAU,2026-09-21,Economy Flexi,T15(12-18),5,5,0,0,2026-09-05 09:00,2026-09-06 20:15,8802.00,9163.00,9091.00,SUFFICIENT_FOR_R05,2,0,1,0,0.039309,0.021690,0,,phase9-v1
SERIES::DEL|GAU|2026-09-21|Economy Saver|T15(12-18),DEL,GAU,2026-09-21,Economy Saver,T15(12-18),6,6,0,0,2026-09-05 09:00,2026-09-06 20:15,5593.00,5896.75,5761.50,SUFFICIENT_FOR_R05,3,0,2,0,0.022767,0.054309,0,,phase9-v1
SERIES::DEL|GAU|2026-09-21|Economy Standard|T15(12-18),DEL,GAU,2026-09-21,Economy Standard,T15(12-18),4,4,0,0,2026-09-05 09:00,2026-09-06 14:30,7189.50,7657.50,7410.50,SUFFICIENT_FOR_R05,1,0,0,0,0.024826,,0,,phase9-v1
SERIES::DEL|GAU|2026-10-06|Economy Flexi|T30(25-35),DEL,GAU,2026-10-06,Economy Flexi,T30(25-35),5,5,0,0,2026-09-05 09:00,2026-09-06 20:15,7895.50,8305.50,8073.00,SUFFICIENT_FOR_R05,2,0,1,0,0.022481,0.032328,0,,phase9-v1
SERIES::DEL|GAU|2026-10-06|Economy Saver|T30(25-35),DEL,GAU,2026-10-06,Economy Saver,T30(25-35),4,4,0,0,2026-09-05 14:30,2026-09-08 20:15,5144.00,5348.00,5276.50,SUFFICIENT_FOR_R05,1,0,0,0,0.038145,,0,,phase9-v1
SERIES::DEL|GAU|2026-10-06|Economy Standard|T30(25-35),DEL,GAU,2026-10-06,Economy Standard,T30(25-35),5,5,0,0,2026-09-05 09:00,2026-09-06 20:15,6408.00,6894.00,6575.00,SUFFICIENT_FOR_R05,2,0,1,0,0.065616,0.048517,0,,phase9-v1
SERIES::DEL|GAU|2026-10-22|Economy Flexi|T45(40-50),DEL,GAU,2026-10-22,Economy Flexi,T45(40-50),5,5,0,0,2026-09-05 09:00,2026-09-06 14:30,7844.00,8133.25,8039.25,SUFFICIENT_FOR_R05,2,0,1,0,0.035564,0.000715,0,,phase9-v1
SERIES::DEL|GAU|2026-10-22|Economy Saver|T45(40-50),DEL,GAU,2026-10-22,Economy Saver,T45(40-50),4,4,0,0,2026-09-05 09:00,2026-09-06 14:30,5171.00,5267.00,5182.00,SUFFICIENT_FOR_R05,1,0,0,0,0.016992,,0,,phase9-v1
SERIES::DEL|GAU|2026-10-22|Economy Standard|T45(40-50),DEL,GAU,2026-10-22,Economy Standard,T45(40-50),5,5,0,0,2026-09-05 09:00,2026-09-06 20:15,6484.00,6795.00,6609.00,SUFFICIENT_FOR_R05,2,0,1,0,0.036866,0.047964,0,,phase9-v1
SERIES::DEL|GOI|2026-09-07|Economy Flexi|T1(0-2),DEL,GOI,2026-09-07,Economy Flexi,T1(0-2),6,6,0,0,2026-09-05 09:00,2026-09-06 20:15,11371.00,11809.75,11667.75,SUFFICIENT_FOR_R05,3,0,2,0,0.032759,0.021106,0,,phase9-v1
SERIES::DEL|GOI|2026-09-07|Economy Saver|T1(0-2),DEL,GOI,2026-09-07,Economy Saver,T1(0-2),6,6,0,0,2026-09-05 09:00,2026-09-06 20:15,7316.00,7687.75,7468.75,SUFFICIENT_FOR_R05,3,0,2,0,0.039026,0.011218,0,,phase9-v1
SERIES::DEL|GOI|2026-09-07|Economy Standard|T1(0-2),DEL,GOI,2026-09-07,Economy Standard,T1(0-2),4,4,0,0,2026-09-05 09:00,2026-09-06 20:15,9559.00,9712.00,9646.62,SUFFICIENT_FOR_R05,1,0,0,0,0.004707,,0,,phase9-v1
SERIES::DEL|GOI|2026-09-13|Economy Flexi|T7(5-9),DEL,GOI,2026-09-13,Economy Flexi,T7(5-9),5,5,0,0,2026-09-05 09:00,2026-09-06 20:15,10436.00,11004.00,10645.50,SUFFICIENT_FOR_R05,2,0,1,0,0.049540,0.033676,0,,phase9-v1
SERIES::DEL|GOI|2026-09-13|Economy Saver|T7(5-9),DEL,GOI,2026-09-13,Economy Saver,T7(5-9),7,7,0,0,2026-09-05 09:00,2026-09-08 09:00,6451.00,6866.00,6784.25,SUFFICIENT_FOR_R05,4,0,3,0,0.010712,0.059639,0,,phase9-v1
SERIES::DEL|GOI|2026-09-13|Economy Standard|OUT_OF_BAND,DEL,GOI,2026-09-13,Economy Standard,OUT_OF_BAND,1,1,0,0,2026-09-09 20:15,2026-09-09 20:15,9449.00,9449.00,9449.00,INSUFFICIENT_FOR_R05,0,0,0,0,,,0,,phase9-v1
SERIES::DEL|GOI|2026-09-13|Economy Standard|T7(5-9),DEL,GOI,2026-09-13,Economy Standard,T7(5-9),6,6,0,0,2026-09-05 09:00,2026-09-06 20:15,8404.50,8690.25,8529.50,SUFFICIENT_FOR_R05,3,0,2,0,0.021852,0.020857,0,,phase9-v1
SERIES::DEL|GOI|2026-09-21|Economy Flexi|T15(12-18),DEL,GOI,2026-09-21,Economy Flexi,T15(12-18),6,6,0,0,2026-09-05 09:00,2026-09-06 20:15,8787.50,9240.00,9041.25,SUFFICIENT_FOR_R05,3,0,2,0,0.046788,0.004712,0,,phase9-v1
SERIES::DEL|GOI|2026-09-21|Economy Saver|T15(12-18),DEL,GOI,2026-09-21,Economy Saver,T15(12-18),7,7,0,0,2026-09-05 09:00,2026-09-07 09:00,5497.00,5974.00,5666.00,SUFFICIENT_FOR_R05,4,0,3,0,0.037693,0.069077,0,,phase9-v1
SERIES::DEL|GOI|2026-09-21|Economy Standard|T15(12-18),DEL,GOI,2026-09-21,Economy Standard,T15(12-18),5,5,0,0,2026-09-05 09:00,2026-09-06 14:30,6955.00,7377.00,7272.00,SUFFICIENT_FOR_R05,2,0,1,0,0.047807,0.010210,0,,phase9-v1
SERIES::DEL|GOI|2026-10-06|Economy Flexi|T30(25-35),DEL,GOI,2026-10-06,Economy Flexi,T30(25-35),5,5,0,0,2026-09-05 09:00,2026-09-06 14:30,7846.75,8347.00,8025.00,SUFFICIENT_FOR_R05,2,0,1,0,0.038577,0.013413,0,,phase9-v1
SERIES::DEL|GOI|2026-10-06|Economy Saver|T30(25-35),DEL,GOI,2026-10-06,Economy Saver,T30(25-35),4,4,0,0,2026-09-05 14:30,2026-09-06 20:15,5038.25,5348.00,5184.25,SUFFICIENT_FOR_R05,1,0,0,0,0.011065,,0,,phase9-v1
SERIES::DEL|GOI|2026-10-06|Economy Standard|T30(25-35),DEL,GOI,2026-10-06,Economy Standard,T30(25-35),6,6,0,0,2026-09-05 09:00,2026-09-06 20:15,6307.00,6688.00,6494.75,SUFFICIENT_FOR_R05,3,0,2,0,0.021307,0.056968,0,,phase9-v1
SERIES::DEL|GOI|2026-10-22|Economy Flexi|T45(40-50),DEL,GOI,2026-10-22,Economy Flexi,T45(40-50),6,6,0,0,2026-09-05 09:00,2026-09-06 20:15,7737.00,8374.00,8067.88,SUFFICIENT_FOR_R05,3,0,2,0,0.047637,0.064067,0,,phase9-v1
SERIES::DEL|GOI|2026-10-22|Economy Saver|T45(40-50),DEL,GOI,2026-10-22,Economy Saver,T45(40-50),4,4,0,0,2026-09-05 09:00,2026-09-06 20:15,5089.50,5357.00,5153.25,SUFFICIENT_FOR_R05,1,0,0,0,0.003036,,0,,phase9-v1
SERIES::DEL|GOI|2026-10-22|Economy Standard|T45(40-50),DEL,GOI,2026-10-22,Economy Standard,T45(40-50),4,4,0,0,2026-09-05 09:00,2026-09-06 14:30,6364.75,6605.25,6529.00,SUFFICIENT_FOR_R05,1,0,0,0,0.032876,,0,,phase9-v1
SERIES::DEL|HYD|2026-09-07|Economy Flexi|T1(0-2),DEL,HYD,2026-09-07,Economy Flexi,T1(0-2),5,5,0,0,2026-09-05 14:30,2026-09-06 20:15,11359.00,12233.50,11972.00,SUFFICIENT_FOR_R05,2,0,1,0,0.021253,0.025066,0,,phase9-v1
SERIES::DEL|HYD|2026-09-07|Economy Saver|T1(0-2),DEL,HYD,2026-09-07,Economy Saver,T1(0-2),6,6,0,0,2026-09-05 09:00,2026-09-07 09:00,7407.00,7896.00,7482.75,SUFFICIENT_FOR_R05,3,0,2,0,0.035669,0.066019,0,,phase9-v1
SERIES::DEL|HYD|2026-09-07|Economy Standard|T1(0-2),DEL,HYD,2026-09-07,Economy Standard,T1(0-2),6,6,0,0,2026-09-05 09:00,2026-09-06 20:15,9432.00,9804.00,9547.50,SUFFICIENT_FOR_R05,3,0,2,0,0.013438,0.022243,0,,phase9-v1
SERIES::DEL|HYD|2026-09-13|Economy Flexi|T7(5-9),DEL,HYD,2026-09-13,Economy Flexi,T7(5-9),5,5,0,0,2026-09-05 09:00,2026-09-06 20:15,10325.75,11117.00,10578.00,SUFFICIENT_FOR_R05,2,0,1,0,0.048484,0.021040,0,,phase9-v1
SERIES::DEL|HYD|2026-09-13|Economy Saver|T7(5-9),DEL,HYD,2026-09-13,Economy Saver,T7(5-9),4,4,0,0,2026-09-05 14:30,2026-09-06 20:15,6661.00,6758.00,6701.75,SUFFICIENT_FOR_R05,1,0,0,0,0.002442,,0,,phase9-v1
SERIES::DEL|HYD|2026-09-13|Economy Standard|T7(5-9),DEL,HYD,2026-09-13,Economy Standard,T7(5-9),6,6,0,0,2026-09-05 09:00,2026-09-06 20:15,8368.50,8866.00,8732.50,SUFFICIENT_FOR_R05,3,0,2,0,0.047440,0.045110,0,,phase9-v1
SERIES::DEL|HYD|2026-09-21|Economy Flexi|T15(12-18),DEL,HYD,2026-09-21,Economy Flexi,T15(12-18),5,5,0,0,2026-09-05 09:00,2026-09-06 20:15,8475.50,9187.00,9125.00,SUFFICIENT_FOR_R05,2,0,1,0,0.040136,0.083948,0,,phase9-v1
SERIES::DEL|HYD|2026-09-21|Economy Saver|T15(12-18),DEL,HYD,2026-09-21,Economy Saver,T15(12-18),5,5,0,0,2026-09-05 09:00,2026-09-06 14:30,5485.00,5759.50,5564.00,SUFFICIENT_FOR_R05,2,0,1,0,0.035137,0.050046,0,,phase9-v1
SERIES::DEL|HYD|2026-09-21|Economy Standard|T15(12-18),DEL,HYD,2026-09-21,Economy Standard,T15(12-18),6,6,0,0,2026-09-05 09:00,2026-09-06 20:15,7026.50,7403.00,7305.00,SUFFICIENT_FOR_R05,3,0,2,0,0.030598,0.046752,0,,phase9-v1
SERIES::DEL|HYD|2026-10-06|Economy Flexi|T30(25-35),DEL,HYD,2026-10-06,Economy Flexi,T30(25-35),6,6,0,0,2026-09-05 09:00,2026-09-06 20:15,7898.00,8323.00,8008.25,SUFFICIENT_FOR_R05,3,0,2,0,0.053811,0.011015,0,,phase9-v1
SERIES::DEL|HYD|2026-10-06|Economy Saver|T30(25-35),DEL,HYD,2026-10-06,Economy Saver,T30(25-35),6,6,0,0,2026-09-05 09:00,2026-09-06 20:15,4872.00,5320.00,5138.75,SUFFICIENT_FOR_R05,3,0,2,0,0.053797,0.084211,0,,phase9-v1
SERIES::DEL|HYD|2026-10-06|Economy Standard|T30(25-35),DEL,HYD,2026-10-06,Economy Standard,T30(25-35),5,5,0,0,2026-09-05 09:00,2026-09-06 20:15,6548.00,6644.50,6631.25,SUFFICIENT_FOR_R05,2,0,1,0,0.012949,0.001994,0,,phase9-v1
SERIES::DEL|HYD|2026-10-22|Economy Flexi|T45(40-50),DEL,HYD,2026-10-22,Economy Flexi,T45(40-50),5,5,0,0,2026-09-05 09:00,2026-09-06 20:15,7731.00,8213.75,7778.00,SUFFICIENT_FOR_R05,2,0,1,0,0.026322,0.000386,0,,phase9-v1
SERIES::DEL|HYD|2026-10-22|Economy Saver|T45(40-50),DEL,HYD,2026-10-22,Economy Saver,T45(40-50),5,5,0,0,2026-09-05 14:30,2026-09-06 20:15,5034.50,5238.00,5135.25,SUFFICIENT_FOR_R05,2,0,1,0,0.038851,0.015481,0,,phase9-v1
SERIES::DEL|HYD|2026-10-22|Economy Standard|T45(40-50),DEL,HYD,2026-10-22,Economy Standard,T45(40-50),5,5,0,0,2026-09-05 09:00,2026-09-06 14:30,6331.50,6924.00,6517.00,SUFFICIENT_FOR_R05,2,0,1,0,0.072790,0.013978,0,,phase9-v1
SERIES::DEL|IDR|2026-09-07|Economy Flexi|T1(0-2),DEL,IDR,2026-09-07,Economy Flexi,T1(0-2),4,4,0,0,2026-09-05 14:30,2026-09-06 14:30,11114.00,11963.25,11930.88,SUFFICIENT_FOR_R05,1,0,0,0,0.002850,,0,,phase9-v1
SERIES::DEL|IDR|2026-09-07|Economy Saver|T1(0-2),DEL,IDR,2026-09-07,Economy Saver,T1(0-2),4,4,0,0,2026-09-05 09:00,2026-09-06 09:00,7271.00,7509.50,7423.38,SUFFICIENT_FOR_R05,1,0,0,0,0.022419,,0,,phase9-v1
SERIES::DEL|IDR|2026-09-07|Economy Standard|T1(0-2),DEL,IDR,2026-09-07,Economy Standard,T1(0-2),4,4,0,0,2026-09-05 09:00,2026-09-06 14:30,9433.50,9734.00,9509.25,SUFFICIENT_FOR_R05,1,0,0,0,0.011343,,0,,phase9-v1
SERIES::DEL|IDR|2026-09-13|Economy Flexi|T7(5-9),DEL,IDR,2026-09-13,Economy Flexi,T7(5-9),4,4,0,0,2026-09-05 09:00,2026-09-06 09:00,10371.25,10681.00,10530.75,SUFFICIENT_FOR_R05,1,0,0,0,0.023020,,0,,phase9-v1
SERIES::DEL|IDR|2026-09-13|Economy Saver|T7(5-9),DEL,IDR,2026-09-13,Economy Saver,T7(5-9),4,4,0,0,2026-09-05 09:00,2026-09-06 09:00,6483.00,6878.00,6678.75,SUFFICIENT_FOR_R05,1,0,0,0,0.020438,,0,,phase9-v1
SERIES::DEL|IDR|2026-09-13|Economy Standard|T7(5-9),DEL,IDR,2026-09-13,Economy Standard,T7(5-9),3,3,0,0,2026-09-05 14:30,2026-09-06 14:30,8464.50,8499.25,8497.00,INSUFFICIENT_FOR_R05,0,0,0,0,,,0,,phase9-v1
SERIES::DEL|IDR|2026-09-21|Economy Flexi|T15(12-18),DEL,IDR,2026-09-21,Economy Flexi,T15(12-18),5,5,0,0,2026-09-05 09:00,2026-09-06 14:30,8520.00,9074.00,8955.25,SUFFICIENT_FOR_R05,2,0,1,0,0.013087,0.037529,0,,phase9-v1
SERIES::DEL|IDR|2026-09-21|Economy Saver|T15(12-18),DEL,IDR,2026-09-21,Economy Saver,T15(12-18),6,6,0,0,2026-09-05 09:00,2026-09-07 14:30,5412.00,5945.00,5801.25,SUFFICIENT_FOR_R05,3,0,2,0,0.039283,0.096268,0,,phase9-v1
SERIES::DEL|IDR|2026-09-21|Economy Standard|T15(12-18),DEL,IDR,2026-09-21,Economy Standard,T15(12-18),3,3,0,0,2026-09-05 09:00,2026-09-06 14:30,6921.50,7452.00,7280.00,INSUFFICIENT_FOR_R05,0,0,0,0,,,0,,phase9-v1
SERIES::DEL|IDR|2026-10-06|Economy Flexi|T30(25-35),DEL,IDR,2026-10-06,Economy Flexi,T30(25-35),4,4,0,0,2026-09-05 09:00,2026-09-06 14:30,7939.50,8089.50,8025.25,SUFFICIENT_FOR_R05,1,0,0,0,0.012217,,0,,phase9-v1
SERIES::DEL|IDR|2026-10-06|Economy Saver|T30(25-35),DEL,IDR,2026-10-06,Economy Saver,T30(25-35),4,4,0,0,2026-09-05 09:00,2026-09-06 14:30,4960.00,5108.50,5024.50,SUFFICIENT_FOR_R05,1,0,0,0,0.012332,,0,,phase9-v1
SERIES::DEL|IDR|2026-10-06|Economy Standard|T30(25-35),DEL,IDR,2026-10-06,Economy Standard,T30(25-35),4,4,0,0,2026-09-05 09:00,2026-09-06 14:30,6461.75,6665.50,6585.75,SUFFICIENT_FOR_R05,1,0,0,0,0.007482,,0,,phase9-v1
SERIES::DEL|IDR|2026-10-22|Economy Flexi|T45(40-50),DEL,IDR,2026-10-22,Economy Flexi,T45(40-50),3,3,0,0,2026-09-05 09:00,2026-09-06 14:30,7969.75,8324.00,8194.00,INSUFFICIENT_FOR_R05,0,0,0,0,,,0,,phase9-v1
SERIES::DEL|IDR|2026-10-22|Economy Saver|T45(40-50),DEL,IDR,2026-10-22,Economy Saver,T45(40-50),5,5,0,0,2026-09-05 09:00,2026-09-06 14:30,4916.00,5227.25,5137.00,SUFFICIENT_FOR_R05,2,0,1,0,0.048820,0.017265,0,,phase9-v1
SERIES::DEL|IDR|2026-10-22|Economy Standard|T45(40-50),DEL,IDR,2026-10-22,Economy Standard,T45(40-50),5,5,0,0,2026-09-05 09:00,2026-09-06 14:30,6482.00,6753.00,6638.50,SUFFICIENT_FOR_R05,2,0,1,0,0.012126,0.020553,0,,phase9-v1
SERIES::DEL|MAA|2026-09-07|Economy Flexi|T1(0-2),DEL,MAA,2026-09-07,Economy Flexi,T1(0-2),5,5,0,0,2026-09-05 09:00,2026-09-06 20:15,11154.00,11528.50,11375.00,SUFFICIENT_FOR_R05,2,0,1,0,0.033575,0.015718,0,,phase9-v1
SERIES::DEL|MAA|2026-09-07|Economy Saver|T1(0-2),DEL,MAA,2026-09-07,Economy Saver,T1(0-2),6,6,0,0,2026-09-05 09:00,2026-09-06 20:15,7274.00,7655.50,7416.50,SUFFICIENT_FOR_R05,3,0,2,0,0.026516,0.034387,0,,phase9-v1
SERIES::DEL|MAA|2026-09-07|Economy Standard|T1(0-2),DEL,MAA,2026-09-07,Economy Standard,T1(0-2),5,5,0,0,2026-09-05 09:00,2026-09-07 14:30,9389.00,10031.00,9614.75,SUFFICIENT_FOR_R05,2,0,1,0,0.068378,0.032261,0,,phase9-v1
SERIES::DEL|MAA|2026-09-13|Economy Flexi|T7(5-9),DEL,MAA,2026-09-13,Economy Flexi,T7(5-9),6,6,0,0,2026-09-05 09:00,2026-09-06 20:15,10178.25,10709.50,10335.75,SUFFICIENT_FOR_R05,3,0,2,0,0.044320,0.028742,0,,phase9-v1
SERIES::DEL|MAA|2026-09-13|Economy Saver|T7(5-9),DEL,MAA,2026-09-13,Economy Saver,T7(5-9),6,6,0,0,2026-09-05 09:00,2026-09-06 20:15,6561.25,7141.00,6650.88,SUFFICIENT_FOR_R05,3,0,2,0,0.061228,0.067494,0,,phase9-v1
SERIES::DEL|MAA|2026-09-13|Economy Standard|T7(5-9),DEL,MAA,2026-09-13,Economy Standard,T7(5-9),4,4,0,0,2026-09-05 09:00,2026-09-06 20:15,8193.50,8912.00,8425.75,SUFFICIENT_FOR_R05,1,0,0,0,0.046566,,0,,phase9-v1
SERIES::DEL|MAA|2026-09-21|Economy Flexi|T15(12-18),DEL,MAA,2026-09-21,Economy Flexi,T15(12-18),5,5,0,0,2026-09-05 14:30,2026-09-06 20:15,8501.00,9018.50,8715.00,SUFFICIENT_FOR_R05,2,0,1,0,0.034825,0.058385,0,,phase9-v1
SERIES::DEL|MAA|2026-09-21|Economy Saver|T15(12-18),DEL,MAA,2026-09-21,Economy Saver,T15(12-18),6,6,0,0,2026-09-05 09:00,2026-09-06 20:15,5553.75,5980.00,5696.50,SUFFICIENT_FOR_R05,3,0,2,0,0.061037,0.035724,0,,phase9-v1
SERIES::DEL|MAA|2026-09-21|Economy Standard|T15(12-18),DEL,MAA,2026-09-21,Economy Standard,T15(12-18),3,3,0,0,2026-09-05 09:00,2026-09-06 09:00,7366.50,7530.00,7441.00,INSUFFICIENT_FOR_R05,0,0,0,0,,,0,,phase9-v1
SERIES::DEL|MAA|2026-10-06|Economy Flexi|T30(25-35),DEL,MAA,2026-10-06,Economy Flexi,T30(25-35),5,5,0,0,2026-09-05 09:00,2026-09-06 14:30,7733.00,8145.00,7944.00,SUFFICIENT_FOR_R05,2,0,1,0,0.026561,0.020333,0,,phase9-v1
SERIES::DEL|MAA|2026-10-06|Economy Saver|T30(25-35),DEL,MAA,2026-10-06,Economy Saver,T30(25-35),7,7,0,0,2026-09-05 09:00,2026-09-09 09:00,5058.50,5377.00,5170.00,SUFFICIENT_FOR_R05,4,0,3,0,0.042660,0.019530,0,,phase9-v1
SERIES::DEL|MAA|2026-10-06|Economy Standard|T30(25-35),DEL,MAA,2026-10-06,Economy Standard,T30(25-35),6,6,0,0,2026-09-05 09:00,2026-09-06 20:15,6262.50,6787.00,6577.50,SUFFICIENT_FOR_R05,3,0,2,0,0.046387,0.036909,0,,phase9-v1
SERIES::DEL|MAA|2026-10-22|Economy Flexi|T45(40-50),DEL,MAA,2026-10-22,Economy Flexi,T45(40-50),6,6,0,0,2026-09-05 09:00,2026-09-06 20:15,7769.00,8163.00,7989.00,SUFFICIENT_FOR_R05,3,0,2,0,0.050714,0.032179,0,,phase9-v1
SERIES::DEL|MAA|2026-10-22|Economy Saver|T45(40-50),DEL,MAA,2026-10-22,Economy Saver,T45(40-50),5,5,0,0,2026-09-05 09:00,2026-09-06 20:15,5057.00,5247.00,5176.00,SUFFICIENT_FOR_R05,2,0,1,0,0.018341,0.005336,0,,phase9-v1
SERIES::DEL|MAA|2026-10-22|Economy Standard|T45(40-50),DEL,MAA,2026-10-22,Economy Standard,T45(40-50),6,6,0,0,2026-09-05 09:00,2026-09-06 20:15,6367.00,6522.00,6462.88,SUFFICIENT_FOR_R05,3,0,2,0,0.023766,0.015271,0,,phase9-v1
SERIES::DEL|PNQ|2026-09-07|Economy Flexi|T1(0-2),DEL,PNQ,2026-09-07,Economy Flexi,T1(0-2),6,6,0,0,2026-09-05 09:00,2026-09-06 20:15,11406.50,12026.00,11733.12,SUFFICIENT_FOR_R05,3,0,2,0,0.037457,0.033828,0,,phase9-v1
SERIES::DEL|PNQ|2026-09-07|Economy Saver|T1(0-2),DEL,PNQ,2026-09-07,Economy Saver,T1(0-2),6,6,0,0,2026-09-05 09:00,2026-09-06 20:15,7231.75,7739.50,7347.50,SUFFICIENT_FOR_R05,3,0,2,0,0.062899,0.070211,0,,phase9-v1
SERIES::DEL|PNQ|2026-09-07|Economy Standard|T1(0-2),DEL,PNQ,2026-09-07,Economy Standard,T1(0-2),6,6,0,0,2026-09-05 09:00,2026-09-06 20:15,9294.00,9881.00,9595.38,SUFFICIENT_FOR_R05,3,0,2,0,0.021530,0.038138,0,,phase9-v1
SERIES::DEL|PNQ|2026-09-13|Economy Flexi|T7(5-9),DEL,PNQ,2026-09-13,Economy Flexi,T7(5-9),5,5,0,0,2026-09-05 09:00,2026-09-06 20:15,10135.00,10879.00,10638.00,SUFFICIENT_FOR_R05,2,0,1,0,0.073409,0.028407,0,,phase9-v1
SERIES::DEL|PNQ|2026-09-13|Economy Saver|T7(5-9),DEL,PNQ,2026-09-13,Economy Saver,T7(5-9),5,5,0,0,2026-09-05 09:00,2026-09-06 20:15,6367.00,6878.50,6741.00,SUFFICIENT_FOR_R05,2,0,1,0,0.013379,0.009195,0,,phase9-v1
SERIES::DEL|PNQ|2026-09-13|Economy Standard|T7(5-9),DEL,PNQ,2026-09-13,Economy Standard,T7(5-9),7,7,0,0,2026-09-05 09:00,2026-09-07 14:30,8385.00,8998.00,8548.25,SUFFICIENT_FOR_R05,4,0,3,0,0.056165,0.045185,0,,phase9-v1
SERIES::DEL|PNQ|2026-09-21|Economy Flexi|T15(12-18),DEL,PNQ,2026-09-21,Economy Flexi,T15(12-18),5,5,0,0,2026-09-05 09:00,2026-09-06 20:15,8445.00,9112.00,8929.00,SUFFICIENT_FOR_R05,2,0,1,0,0.020495,0.078982,0,,phase9-v1
SERIES::DEL|PNQ|2026-09-21|Economy Saver|T15(12-18),DEL,PNQ,2026-09-21,Economy Saver,T15(12-18),4,4,0,0,2026-09-05 09:00,2026-09-06 20:15,5482.25,5844.50,5603.88,SUFFICIENT_FOR_R05,1,0,0,0,0.038123,,0,,phase9-v1
SERIES::DEL|PNQ|2026-09-21|Economy Standard|T15(12-18),DEL,PNQ,2026-09-21,Economy Standard,T15(12-18),6,6,0,0,2026-09-05 09:00,2026-09-06 20:15,7125.00,7478.00,7391.38,SUFFICIENT_FOR_R05,3,0,2,0,0.044912,0.025641,0,,phase9-v1
SERIES::DEL|PNQ|2026-10-06|Economy Flexi|T30(25-35),DEL,PNQ,2026-10-06,Economy Flexi,T30(25-35),4,4,0,0,2026-09-05 09:00,2026-09-06 09:00,7812.00,8383.50,7970.50,SUFFICIENT_FOR_R05,1,0,0,0,0.073157,,0,,phase9-v1
SERIES::DEL|PNQ|2026-10-06|Economy Saver|T30(25-35),DEL,PNQ,2026-10-06,Economy Saver,T30(25-35),6,6,0,0,2026-09-05 09:00,2026-09-06 20:15,4951.00,5247.50,5168.00,SUFFICIENT_FOR_R05,3,0,2,0,0.020319,0.055443,0,,phase9-v1
SERIES::DEL|PNQ|2026-10-06|Economy Standard|T30(25-35),DEL,PNQ,2026-10-06,Economy Standard,T30(25-35),6,6,0,0,2026-09-05 09:00,2026-09-06 20:15,6380.00,6763.00,6647.12,SUFFICIENT_FOR_R05,3,0,2,0,0.028046,0.027460,0,,phase9-v1
SERIES::DEL|PNQ|2026-10-22|Economy Flexi|T45(40-50),DEL,PNQ,2026-10-22,Economy Flexi,T45(40-50),6,6,0,0,2026-09-05 09:00,2026-09-06 20:15,7941.50,8144.00,8036.62,SUFFICIENT_FOR_R05,3,0,2,0,0.020840,0.004543,0,,phase9-v1
SERIES::DEL|PNQ|2026-10-22|Economy Saver|T45(40-50),DEL,PNQ,2026-10-22,Economy Saver,T45(40-50),6,6,0,0,2026-09-05 09:00,2026-09-06 20:15,4985.00,5351.00,5220.38,SUFFICIENT_FOR_R05,3,0,2,0,0.017598,0.045888,0,,phase9-v1
SERIES::DEL|PNQ|2026-10-22|Economy Standard|T45(40-50),DEL,PNQ,2026-10-22,Economy Standard,T45(40-50),7,7,0,0,2026-09-05 09:00,2026-09-07 20:15,6282.00,6849.00,6600.25,SUFFICIENT_FOR_R05,4,0,3,0,0.090258,0.048218,0,,phase9-v1
SERIES::DEL|SXR|2026-09-07|Economy Flexi|T1(0-2),DEL,SXR,2026-09-07,Economy Flexi,T1(0-2),5,5,0,0,2026-09-05 14:30,2026-09-06 20:15,11481.00,11750.00,11593.75,SUFFICIENT_FOR_R05,2,0,1,0,0.013298,0.008592,0,,phase9-v1
SERIES::DEL|SXR|2026-09-07|Economy Saver|T1(0-2),DEL,SXR,2026-09-07,Economy Saver,T1(0-2),5,5,0,0,2026-09-05 09:00,2026-09-06 20:15,7119.50,7685.50,7343.00,SUFFICIENT_FOR_R05,2,0,1,0,0.054759,0.079500,0,,phase9-v1
SERIES::DEL|SXR|2026-09-07|Economy Standard|T1(0-2),DEL,SXR,2026-09-07,Economy Standard,T1(0-2),6,6,0,0,2026-09-05 09:00,2026-09-06 20:15,9380.50,9682.50,9572.38,SUFFICIENT_FOR_R05,3,0,2,0,0.010150,0.022813,0,,phase9-v1
SERIES::DEL|SXR|2026-09-13|Economy Flexi|T7(5-9),DEL,SXR,2026-09-13,Economy Flexi,T7(5-9),6,6,0,0,2026-09-05 09:00,2026-09-06 20:15,10173.50,10765.50,10588.00,SUFFICIENT_FOR_R05,3,0,2,0,0.017695,0.029748,0,,phase9-v1
SERIES::DEL|SXR|2026-09-13|Economy Saver|T7(5-9),DEL,SXR,2026-09-13,Economy Saver,T7(5-9),5,5,0,0,2026-09-05 09:00,2026-09-06 20:15,6549.50,6868.00,6722.00,SUFFICIENT_FOR_R05,2,0,1,0,0.035345,0.011566,0,,phase9-v1
SERIES::DEL|SXR|2026-09-13|Economy Standard|T7(5-9),DEL,SXR,2026-09-13,Economy Standard,T7(5-9),6,6,0,0,2026-09-05 09:00,2026-09-06 20:15,8283.50,8932.50,8490.75,SUFFICIENT_FOR_R05,3,0,2,0,0.065995,0.037577,0,,phase9-v1
SERIES::DEL|SXR|2026-09-21|Economy Flexi|T15(12-18),DEL,SXR,2026-09-21,Economy Flexi,T15(12-18),4,4,0,0,2026-09-05 09:00,2026-09-06 20:15,8754.00,9195.00,8936.00,SUFFICIENT_FOR_R05,1,0,0,0,0.008777,,0,,phase9-v1
SERIES::DEL|SXR|2026-09-21|Economy Saver|T15(12-18),DEL,SXR,2026-09-21,Economy Saver,T15(12-18),5,5,0,0,2026-09-05 14:30,2026-09-06 20:15,5428.00,5795.50,5689.00,SUFFICIENT_FOR_R05,2,0,1,0,0.018204,0.007031,0,,phase9-v1
SERIES::DEL|SXR|2026-09-21|Economy Standard|T15(12-18),DEL,SXR,2026-09-21,Economy Standard,T15(12-18),6,6,0,0,2026-09-05 09:00,2026-09-06 20:15,7128.75,7693.00,7306.25,SUFFICIENT_FOR_R05,3,0,2,0,0.046382,0.059569,0,,phase9-v1
SERIES::DEL|SXR|2026-10-06|Economy Flexi|T30(25-35),DEL,SXR,2026-10-06,Economy Flexi,T30(25-35),5,5,0,0,2026-09-05 09:00,2026-09-06 14:30,7873.25,8202.50,7983.50,SUFFICIENT_FOR_R05,2,0,1,0,0.026699,0.005859,0,,phase9-v1
SERIES::DEL|SXR|2026-10-06|Economy Saver|T30(25-35),DEL,SXR,2026-10-06,Economy Saver,T30(25-35),5,5,0,0,2026-09-05 14:30,2026-09-06 20:15,4985.00,5259.50,5188.00,SUFFICIENT_FOR_R05,2,0,1,0,0.040722,0.040661,0,,phase9-v1
SERIES::DEL|SXR|2026-10-06|Economy Standard|T30(25-35),DEL,SXR,2026-10-06,Economy Standard,T30(25-35),5,5,0,0,2026-09-05 09:00,2026-09-06 20:15,6317.00,6747.00,6597.00,SUFFICIENT_FOR_R05,2,0,1,0,0.044206,0.006077,0,,phase9-v1
SERIES::DEL|SXR|2026-10-22|Economy Flexi|T45(40-50),DEL,SXR,2026-10-22,Economy Flexi,T45(40-50),5,5,0,0,2026-09-05 14:30,2026-09-06 20:15,7763.00,8300.00,8058.00,SUFFICIENT_FOR_R05,2,0,1,0,0.059320,0.051867,0,,phase9-v1
SERIES::DEL|SXR|2026-10-22|Economy Saver|T45(40-50),DEL,SXR,2026-10-22,Economy Saver,T45(40-50),6,6,0,0,2026-09-05 09:00,2026-09-06 20:15,5103.50,5384.00,5208.00,SUFFICIENT_FOR_R05,3,0,2,0,0.054962,0.039341,0,,phase9-v1
SERIES::DEL|SXR|2026-10-22|Economy Standard|T45(40-50),DEL,SXR,2026-10-22,Economy Standard,T45(40-50),4,4,0,0,2026-09-05 20:15,2026-09-06 20:15,6390.50,6789.50,6672.00,SUFFICIENT_FOR_R05,1,0,0,0,0.009891,,0,,phase9-v1
